"id","Age"
74051,7
74052,8
74053,10
74054,10
74055,7
74056,12
74057,11
74058,8
74059,12
74060,10
74061,12
74062,10
74063,4
74064,13
74065,5
74066,6
74067,11
74068,13
74069,10
74070,10
74071,15
74072,9
74073,9
74074,9
74075,12
74076,10
74077,12
74078,11
74079,9
74080,11
74081,11
74082,11
74083,10
74084,12
74085,12
74086,7
74087,9
74088,11
74089,9
74090,10
74091,8
74092,10
74093,10
74094,10
74095,17
74096,12
74097,6
74098,6
74099,14
74100,10
74101,11
74102,9
74103,11
74104,10
74105,9
74106,11
74107,10
74108,5
74109,10
74110,5
74111,11
74112,7
74113,8
74114,11
74115,10
74116,11
74117,13
74118,10
74119,9
74120,16
74121,10
74122,7
74123,12
74124,5
74125,7
74126,7
74127,11
74128,11
74129,9
74130,10
74131,11
74132,7
74133,10
74134,11
74135,4
74136,6
74137,5
74138,16
74139,11
74140,14
74141,9
74142,11
74143,15
74144,14
74145,12
74146,8
74147,10
74148,5
74149,11
74150,9
74151,9
74152,13
74153,11
74154,8
74155,6
74156,13
74157,11
74158,12
74159,10
74160,13
74161,10
74162,10
74163,10
74164,10
74165,10
74166,9
74167,11
74168,11
74169,11
74170,10
74171,12
74172,11
74173,7
74174,12
74175,10
74176,9
74177,11
74178,13
74179,13
74180,6
74181,8
74182,11
74183,7
74184,11
74185,12
74186,10
74187,10
74188,12
74189,6
74190,9
74191,11
74192,11
74193,9
74194,4
74195,12
74196,12
74197,10
74198,7
74199,10
74200,11
74201,9
74202,12
74203,11
74204,11
74205,10
74206,9
74207,9
74208,11
74209,16
74210,11
74211,7
74212,9
74213,11
74214,12
74215,9
74216,7
74217,15
74218,11
74219,8
74220,15
74221,8
74222,10
74223,10
74224,9
74225,11
74226,10
74227,11
74228,4
74229,12
74230,11
74231,8
74232,11
74233,6
74234,10
74235,11
74236,8
74237,9
74238,10
74239,6
74240,7
74241,8
74242,13
74243,10
74244,7
74245,10
74246,10
74247,9
74248,9
74249,15
74250,11
74251,14
74252,8
74253,11
74254,11
74255,10
74256,11
74257,12
74258,4
74259,11
74260,9
74261,7
74262,5
74263,11
74264,10
74265,12
74266,8
74267,11
74268,7
74269,8
74270,9
74271,11
74272,15
74273,7
74274,12
74275,9
74276,8
74277,9
74278,14
74279,11
74280,10
74281,15
74282,12
74283,10
74284,8
74285,7
74286,11
74287,11
74288,12
74289,8
74290,11
74291,12
74292,10
74293,8
74294,11
74295,12
74296,11
74297,11
74298,14
74299,11
74300,10
74301,10
74302,10
74303,9
74304,11
74305,9
74306,9
74307,8
74308,11
74309,10
74310,17
74311,8
74312,13
74313,11
74314,11
74315,9
74316,10
74317,10
74318,11
74319,13
74320,8
74321,9
74322,12
74323,11
74324,12
74325,9
74326,9
74327,10
74328,12
74329,9
74330,8
74331,6
74332,10
74333,13
74334,11
74335,11
74336,9
74337,9
74338,10
74339,10
74340,9
74341,9
74342,8
74343,8
74344,10
74345,10
74346,7
74347,13
74348,10
74349,9
74350,11
74351,12
74352,13
74353,10
74354,12
74355,7
74356,6
74357,10
74358,7
74359,8
74360,9
74361,11
74362,8
74363,10
74364,10
74365,5
74366,5
74367,7
74368,8
74369,9
74370,12
74371,10
74372,10
74373,10
74374,9
74375,7
74376,11
74377,10
74378,14
74379,12
74380,10
74381,9
74382,11
74383,8
74384,10
74385,10
74386,13
74387,11
74388,7
74389,9
74390,7
74391,8
74392,9
74393,12
74394,8
74395,10
74396,10
74397,7
74398,9
74399,11
74400,12
74401,9
74402,8
74403,11
74404,7
74405,16
74406,5
74407,9
74408,10
74409,13
74410,10
74411,11
74412,11
74413,10
74414,12
74415,14
74416,10
74417,16
74418,9
74419,11
74420,10
74421,9
74422,5
74423,10
74424,8
74425,7
74426,10
74427,10
74428,9
74429,14
74430,6
74431,5
74432,11
74433,13
74434,12
74435,11
74436,12
74437,11
74438,11
74439,8
74440,11
74441,10
74442,12
74443,7
74444,9
74445,11
74446,13
74447,9
74448,5
74449,7
74450,10
74451,14
74452,11
74453,6
74454,10
74455,8
74456,11
74457,7
74458,7
74459,10
74460,8
74461,12
74462,9
74463,11
74464,13
74465,5
74466,11
74467,12
74468,9
74469,10
74470,13
74471,12
74472,13
74473,15
74474,5
74475,11
74476,10
74477,10
74478,9
74479,14
74480,10
74481,8
74482,10
74483,10
74484,12
74485,15
74486,7
74487,5
74488,11
74489,8
74490,7
74491,9
74492,7
74493,10
74494,11
74495,12
74496,5
74497,10
74498,10
74499,8
74500,9
74501,9
74502,11
74503,9
74504,13
74505,9
74506,10
74507,9
74508,7
74509,14
74510,11
74511,12
74512,10
74513,12
74514,10
74515,9
74516,6
74517,8
74518,12
74519,10
74520,6
74521,9
74522,10
74523,10
74524,9
74525,7
74526,8
74527,9
74528,10
74529,9
74530,9
74531,11
74532,10
74533,10
74534,8
74535,12
74536,6
74537,7
74538,11
74539,9
74540,9
74541,10
74542,10
74543,10
74544,10
74545,11
74546,16
74547,10
74548,15
74549,8
74550,12
74551,12
74552,9
74553,10
74554,10
74555,11
74556,9
74557,12
74558,10
74559,11
74560,10
74561,11
74562,5
74563,10
74564,10
74565,9
74566,9
74567,14
74568,5
74569,15
74570,12
74571,4
74572,6
74573,13
74574,11
74575,7
74576,8
74577,8
74578,7
74579,11
74580,10
74581,10
74582,5
74583,11
74584,11
74585,13
74586,4
74587,6
74588,10
74589,9
74590,12
74591,9
74592,11
74593,5
74594,11
74595,12
74596,11
74597,8
74598,6
74599,9
74600,6
74601,7
74602,9
74603,5
74604,12
74605,6
74606,8
74607,11
74608,10
74609,7
74610,12
74611,8
74612,11
74613,10
74614,9
74615,11
74616,7
74617,11
74618,6
74619,9
74620,9
74621,6
74622,8
74623,7
74624,9
74625,10
74626,11
74627,9
74628,12
74629,11
74630,13
74631,14
74632,8
74633,15
74634,9
74635,10
74636,13
74637,8
74638,7
74639,9
74640,8
74641,7
74642,8
74643,10
74644,10
74645,4
74646,9
74647,10
74648,12
74649,5
74650,13
74651,10
74652,12
74653,5
74654,11
74655,12
74656,9
74657,10
74658,12
74659,10
74660,10
74661,14
74662,8
74663,12
74664,12
74665,15
74666,10
74667,9
74668,12
74669,10
74670,10
74671,10
74672,11
74673,10
74674,9
74675,13
74676,10
74677,10
74678,10
74679,10
74680,10
74681,9
74682,10
74683,7
74684,8
74685,6
74686,6
74687,10
74688,11
74689,9
74690,8
74691,11
74692,7
74693,7
74694,10
74695,10
74696,6
74697,8
74698,7
74699,11
74700,8
74701,10
74702,13
74703,7
74704,10
74705,5
74706,6
74707,5
74708,13
74709,10
74710,8
74711,11
74712,13
74713,7
74714,8
74715,10
74716,8
74717,9
74718,10
74719,10
74720,8
74721,10
74722,14
74723,10
74724,11
74725,15
74726,12
74727,8
74728,11
74729,10
74730,11
74731,10
74732,12
74733,11
74734,7
74735,11
74736,7
74737,11
74738,8
74739,11
74740,9
74741,9
74742,13
74743,11
74744,9
74745,9
74746,12
74747,10
74748,10
74749,10
74750,8
74751,10
74752,8
74753,7
74754,13
74755,11
74756,7
74757,10
74758,12
74759,8
74760,13
74761,9
74762,7
74763,18
74764,12
74765,10
74766,10
74767,7
74768,10
74769,9
74770,9
74771,11
74772,11
74773,9
74774,12
74775,12
74776,10
74777,7
74778,6
74779,10
74780,11
74781,9
74782,9
74783,11
74784,11
74785,12
74786,11
74787,14
74788,7
74789,5
74790,9
74791,12
74792,6
74793,7
74794,13
74795,12
74796,12
74797,8
74798,13
74799,10
74800,15
74801,9
74802,12
74803,12
74804,10
74805,10
74806,5
74807,5
74808,8
74809,15
74810,6
74811,11
74812,10
74813,12
74814,10
74815,9
74816,11
74817,13
74818,9
74819,9
74820,11
74821,11
74822,11
74823,8
74824,12
74825,7
74826,10
74827,11
74828,10
74829,11
74830,10
74831,8
74832,8
74833,13
74834,12
74835,11
74836,12
74837,12
74838,10
74839,7
74840,9
74841,9
74842,11
74843,9
74844,9
74845,10
74846,12
74847,9
74848,10
74849,10
74850,6
74851,9
74852,11
74853,5
74854,14
74855,14
74856,10
74857,16
74858,10
74859,10
74860,10
74861,12
74862,11
74863,8
74864,12
74865,11
74866,11
74867,14
74868,10
74869,10
74870,11
74871,9
74872,11
74873,12
74874,13
74875,11
74876,10
74877,11
74878,7
74879,8
74880,10
74881,11
74882,9
74883,10
74884,7
74885,12
74886,12
74887,6
74888,9
74889,8
74890,8
74891,11
74892,10
74893,9
74894,13
74895,8
74896,10
74897,10
74898,10
74899,12
74900,11
74901,7
74902,6
74903,12
74904,11
74905,10
74906,10
74907,5
74908,10
74909,9
74910,11
74911,9
74912,10
74913,12
74914,11
74915,6
74916,13
74917,7
74918,13
74919,12
74920,10
74921,4
74922,10
74923,10
74924,11
74925,9
74926,11
74927,8
74928,7
74929,9
74930,9
74931,9
74932,8
74933,16
74934,9
74935,11
74936,8
74937,8
74938,10
74939,12
74940,7
74941,11
74942,8
74943,10
74944,11
74945,8
74946,10
74947,12
74948,8
74949,10
74950,5
74951,12
74952,13
74953,12
74954,10
74955,11
74956,7
74957,10
74958,8
74959,8
74960,11
74961,14
74962,11
74963,10
74964,9
74965,9
74966,9
74967,12
74968,9
74969,13
74970,11
74971,8
74972,7
74973,9
74974,15
74975,11
74976,12
74977,6
74978,6
74979,7
74980,10
74981,6
74982,10
74983,5
74984,7
74985,11
74986,4
74987,9
74988,5
74989,9
74990,11
74991,9
74992,10
74993,12
74994,7
74995,10
74996,11
74997,7
74998,14
74999,11
75000,10
75001,13
75002,9
75003,10
75004,9
75005,10
75006,14
75007,11
75008,10
75009,8
75010,10
75011,10
75012,12
75013,5
75014,7
75015,8
75016,8
75017,14
75018,14
75019,4
75020,14
75021,8
75022,11
75023,11
75024,4
75025,11
75026,10
75027,10
75028,12
75029,9
75030,10
75031,12
75032,11
75033,12
75034,6
75035,10
75036,10
75037,10
75038,10
75039,10
75040,10
75041,8
75042,11
75043,8
75044,12
75045,12
75046,9
75047,11
75048,10
75049,9
75050,10
75051,6
75052,13
75053,10
75054,10
75055,6
75056,9
75057,11
75058,11
75059,8
75060,8
75061,12
75062,11
75063,6
75064,9
75065,4
75066,8
75067,11
75068,8
75069,12
75070,15
75071,9
75072,9
75073,6
75074,8
75075,7
75076,12
75077,9
75078,10
75079,8
75080,7
75081,7
75082,11
75083,9
75084,14
75085,9
75086,9
75087,11
75088,6
75089,10
75090,10
75091,8
75092,14
75093,11
75094,6
75095,7
75096,8
75097,7
75098,10
75099,13
75100,12
75101,11
75102,10
75103,10
75104,7
75105,8
75106,9
75107,13
75108,8
75109,10
75110,13
75111,12
75112,8
75113,8
75114,14
75115,11
75116,7
75117,9
75118,12
75119,9
75120,11
75121,12
75122,7
75123,11
75124,7
75125,11
75126,13
75127,10
75128,9
75129,8
75130,6
75131,10
75132,13
75133,11
75134,9
75135,10
75136,11
75137,10
75138,8
75139,7
75140,9
75141,9
75142,6
75143,10
75144,11
75145,13
75146,8
75147,9
75148,10
75149,9
75150,6
75151,5
75152,6
75153,12
75154,8
75155,8
75156,10
75157,11
75158,14
75159,7
75160,10
75161,7
75162,10
75163,8
75164,12
75165,11
75166,12
75167,5
75168,7
75169,14
75170,8
75171,10
75172,10
75173,10
75174,15
75175,10
75176,11
75177,10
75178,4
75179,10
75180,10
75181,9
75182,10
75183,12
75184,12
75185,10
75186,12
75187,11
75188,8
75189,11
75190,8
75191,11
75192,12
75193,14
75194,10
75195,10
75196,6
75197,7
75198,10
75199,7
75200,11
75201,9
75202,7
75203,11
75204,11
75205,8
75206,9
75207,10
75208,11
75209,11
75210,12
75211,9
75212,10
75213,13
75214,9
75215,10
75216,10
75217,10
75218,10
75219,14
75220,7
75221,11
75222,9
75223,9
75224,7
75225,9
75226,12
75227,5
75228,12
75229,10
75230,9
75231,10
75232,10
75233,14
75234,9
75235,8
75236,12
75237,7
75238,7
75239,12
75240,7
75241,8
75242,9
75243,12
75244,7
75245,13
75246,11
75247,10
75248,7
75249,11
75250,11
75251,10
75252,9
75253,11
75254,14
75255,12
75256,9
75257,15
75258,11
75259,13
75260,6
75261,10
75262,14
75263,7
75264,10
75265,9
75266,12
75267,12
75268,12
75269,10
75270,5
75271,8
75272,9
75273,5
75274,12
75275,10
75276,14
75277,7
75278,12
75279,7
75280,5
75281,8
75282,12
75283,8
75284,11
75285,12
75286,10
75287,6
75288,11
75289,11
75290,16
75291,10
75292,10
75293,11
75294,12
75295,9
75296,5
75297,9
75298,10
75299,8
75300,10
75301,10
75302,9
75303,6
75304,11
75305,11
75306,7
75307,9
75308,11
75309,7
75310,10
75311,9
75312,13
75313,9
75314,9
75315,10
75316,6
75317,9
75318,10
75319,17
75320,9
75321,10
75322,10
75323,7
75324,10
75325,9
75326,8
75327,7
75328,11
75329,6
75330,8
75331,12
75332,11
75333,9
75334,12
75335,6
75336,12
75337,11
75338,10
75339,11
75340,11
75341,9
75342,5
75343,10
75344,11
75345,9
75346,13
75347,10
75348,4
75349,12
75350,8
75351,6
75352,5
75353,9
75354,6
75355,7
75356,9
75357,12
75358,11
75359,9
75360,7
75361,7
75362,11
75363,11
75364,9
75365,7
75366,7
75367,11
75368,14
75369,10
75370,11
75371,7
75372,8
75373,10
75374,7
75375,13
75376,15
75377,13
75378,12
75379,11
75380,7
75381,12
75382,8
75383,7
75384,15
75385,9
75386,12
75387,10
75388,11
75389,13
75390,14
75391,11
75392,7
75393,16
75394,13
75395,8
75396,11
75397,11
75398,7
75399,12
75400,6
75401,10
75402,9
75403,11
75404,9
75405,11
75406,7
75407,5
75408,10
75409,10
75410,12
75411,14
75412,6
75413,8
75414,10
75415,10
75416,6
75417,10
75418,10
75419,8
75420,12
75421,12
75422,10
75423,10
75424,8
75425,10
75426,10
75427,7
75428,11
75429,11
75430,10
75431,5
75432,9
75433,9
75434,11
75435,9
75436,9
75437,11
75438,11
75439,11
75440,12
75441,7
75442,12
75443,11
75444,9
75445,7
75446,7
75447,11
75448,9
75449,11
75450,6
75451,11
75452,10
75453,10
75454,10
75455,12
75456,11
75457,11
75458,6
75459,10
75460,15
75461,11
75462,9
75463,13
75464,12
75465,11
75466,11
75467,10
75468,7
75469,11
75470,11
75471,11
75472,7
75473,8
75474,11
75475,9
75476,10
75477,13
75478,7
75479,12
75480,9
75481,11
75482,15
75483,9
75484,12
75485,10
75486,9
75487,8
75488,8
75489,6
75490,8
75491,13
75492,12
75493,10
75494,10
75495,8
75496,8
75497,11
75498,7
75499,7
75500,9
75501,10
75502,10
75503,13
75504,8
75505,10
75506,11
75507,5
75508,10
75509,8
75510,8
75511,10
75512,12
75513,12
75514,7
75515,6
75516,5
75517,11
75518,10
75519,11
75520,10
75521,10
75522,6
75523,9
75524,10
75525,7
75526,8
75527,5
75528,6
75529,7
75530,7
75531,11
75532,12
75533,12
75534,8
75535,11
75536,11
75537,17
75538,14
75539,8
75540,11
75541,9
75542,10
75543,11
75544,10
75545,7
75546,14
75547,7
75548,7
75549,9
75550,5
75551,10
75552,4
75553,6
75554,10
75555,13
75556,4
75557,9
75558,10
75559,11
75560,10
75561,9
75562,14
75563,10
75564,12
75565,13
75566,9
75567,7
75568,10
75569,14
75570,10
75571,7
75572,12
75573,9
75574,10
75575,8
75576,7
75577,6
75578,11
75579,6
75580,8
75581,11
75582,8
75583,12
75584,12
75585,11
75586,6
75587,10
75588,12
75589,6
75590,12
75591,12
75592,12
75593,10
75594,5
75595,9
75596,9
75597,11
75598,10
75599,6
75600,7
75601,10
75602,7
75603,8
75604,13
75605,13
75606,6
75607,11
75608,11
75609,9
75610,9
75611,12
75612,10
75613,10
75614,12
75615,10
75616,7
75617,9
75618,10
75619,9
75620,11
75621,7
75622,15
75623,14
75624,12
75625,12
75626,11
75627,12
75628,10
75629,10
75630,7
75631,12
75632,13
75633,10
75634,10
75635,10
75636,9
75637,9
75638,12
75639,10
75640,8
75641,9
75642,7
75643,6
75644,9
75645,10
75646,11
75647,5
75648,12
75649,12
75650,9
75651,11
75652,11
75653,11
75654,9
75655,10
75656,6
75657,10
75658,11
75659,10
75660,6
75661,12
75662,9
75663,9
75664,9
75665,8
75666,9
75667,10
75668,8
75669,10
75670,9
75671,7
75672,10
75673,10
75674,14
75675,9
75676,10
75677,15
75678,7
75679,10
75680,10
75681,10
75682,10
75683,11
75684,10
75685,9
75686,9
75687,10
75688,11
75689,8
75690,11
75691,9
75692,12
75693,11
75694,11
75695,10
75696,8
75697,12
75698,12
75699,10
75700,11
75701,11
75702,14
75703,12
75704,14
75705,10
75706,5
75707,8
75708,8
75709,10
75710,10
75711,11
75712,10
75713,9
75714,6
75715,9
75716,9
75717,11
75718,9
75719,10
75720,6
75721,8
75722,11
75723,12
75724,14
75725,6
75726,16
75727,9
75728,11
75729,15
75730,9
75731,4
75732,8
75733,12
75734,6
75735,8
75736,12
75737,10
75738,6
75739,6
75740,10
75741,8
75742,13
75743,7
75744,10
75745,8
75746,14
75747,12
75748,10
75749,11
75750,8
75751,15
75752,4
75753,11
75754,7
75755,11
75756,11
75757,11
75758,10
75759,5
75760,13
75761,13
75762,6
75763,13
75764,8
75765,9
75766,6
75767,10
75768,6
75769,10
75770,7
75771,13
75772,11
75773,16
75774,15
75775,11
75776,10
75777,10
75778,9
75779,9
75780,12
75781,9
75782,9
75783,11
75784,11
75785,11
75786,12
75787,6
75788,10
75789,7
75790,10
75791,10
75792,10
75793,10
75794,6
75795,10
75796,10
75797,9
75798,6
75799,9
75800,8
75801,9
75802,10
75803,10
75804,9
75805,13
75806,13
75807,9
75808,13
75809,13
75810,7
75811,16
75812,9
75813,8
75814,10
75815,14
75816,13
75817,9
75818,11
75819,11
75820,11
75821,10
75822,10
75823,8
75824,15
75825,9
75826,10
75827,11
75828,10
75829,7
75830,10
75831,4
75832,6
75833,8
75834,13
75835,8
75836,11
75837,14
75838,10
75839,8
75840,7
75841,9
75842,11
75843,9
75844,9
75845,12
75846,10
75847,10
75848,11
75849,10
75850,7
75851,12
75852,7
75853,12
75854,9
75855,6
75856,8
75857,10
75858,11
75859,7
75860,11
75861,10
75862,8
75863,11
75864,7
75865,7
75866,6
75867,11
75868,7
75869,9
75870,8
75871,5
75872,11
75873,12
75874,12
75875,10
75876,9
75877,12
75878,10
75879,16
75880,8
75881,9
75882,9
75883,10
75884,10
75885,10
75886,11
75887,12
75888,10
75889,7
75890,7
75891,7
75892,7
75893,9
75894,11
75895,6
75896,7
75897,13
75898,9
75899,10
75900,6
75901,11
75902,6
75903,9
75904,12
75905,10
75906,11
75907,11
75908,8
75909,12
75910,10
75911,11
75912,10
75913,9
75914,8
75915,10
75916,10
75917,9
75918,7
75919,7
75920,9
75921,9
75922,6
75923,11
75924,11
75925,10
75926,8
75927,9
75928,11
75929,8
75930,8
75931,11
75932,6
75933,5
75934,11
75935,13
75936,9
75937,11
75938,13
75939,11
75940,9
75941,11
75942,16
75943,8
75944,12
75945,7
75946,7
75947,5
75948,7
75949,15
75950,10
75951,11
75952,4
75953,13
75954,8
75955,12
75956,10
75957,10
75958,8
75959,12
75960,8
75961,11
75962,12
75963,12
75964,12
75965,10
75966,13
75967,10
75968,4
75969,12
75970,10
75971,6
75972,10
75973,10
75974,10
75975,11
75976,11
75977,10
75978,11
75979,9
75980,9
75981,10
75982,13
75983,12
75984,10
75985,5
75986,9
75987,10
75988,10
75989,7
75990,11
75991,10
75992,8
75993,12
75994,9
75995,11
75996,6
75997,11
75998,10
75999,8
76000,13
76001,17
76002,11
76003,10
76004,15
76005,10
76006,10
76007,8
76008,9
76009,9
76010,8
76011,12
76012,10
76013,11
76014,11
76015,10
76016,10
76017,11
76018,7
76019,8
76020,10
76021,10
76022,10
76023,12
76024,9
76025,7
76026,13
76027,13
76028,9
76029,12
76030,10
76031,11
76032,10
76033,10
76034,9
76035,5
76036,13
76037,7
76038,11
76039,10
76040,6
76041,12
76042,8
76043,8
76044,8
76045,6
76046,6
76047,7
76048,10
76049,14
76050,11
76051,9
76052,6
76053,9
76054,4
76055,10
76056,10
76057,9
76058,7
76059,10
76060,5
76061,14
76062,10
76063,9
76064,6
76065,9
76066,10
76067,9
76068,10
76069,11
76070,10
76071,10
76072,9
76073,9
76074,11
76075,11
76076,9
76077,7
76078,10
76079,10
76080,10
76081,8
76082,9
76083,10
76084,10
76085,11
76086,10
76087,6
76088,10
76089,9
76090,11
76091,11
76092,9
76093,11
76094,14
76095,12
76096,9
76097,10
76098,6
76099,9
76100,11
76101,9
76102,9
76103,10
76104,8
76105,11
76106,11
76107,8
76108,11
76109,8
76110,12
76111,10
76112,14
76113,12
76114,10
76115,7
76116,11
76117,7
76118,7
76119,10
76120,8
76121,6
76122,6
76123,14
76124,10
76125,7
76126,13
76127,10
76128,8
76129,12
76130,11
76131,11
76132,10
76133,11
76134,5
76135,10
76136,4
76137,11
76138,12
76139,8
76140,4
76141,11
76142,9
76143,9
76144,10
76145,7
76146,10
76147,9
76148,9
76149,7
76150,10
76151,8
76152,11
76153,7
76154,10
76155,12
76156,10
76157,9
76158,7
76159,12
76160,14
76161,12
76162,16
76163,9
76164,11
76165,9
76166,13
76167,11
76168,5
76169,11
76170,7
76171,8
76172,11
76173,11
76174,13
76175,8
76176,13
76177,9
76178,10
76179,10
76180,11
76181,11
76182,13
76183,4
76184,10
76185,15
76186,11
76187,7
76188,11
76189,10
76190,5
76191,5
76192,4
76193,11
76194,16
76195,8
76196,7
76197,8
76198,10
76199,11
76200,8
76201,9
76202,10
76203,12
76204,9
76205,12
76206,11
76207,5
76208,8
76209,11
76210,10
76211,9
76212,14
76213,10
76214,6
76215,12
76216,12
76217,5
76218,6
76219,12
76220,12
76221,9
76222,10
76223,10
76224,11
76225,11
76226,10
76227,7
76228,7
76229,8
76230,11
76231,9
76232,11
76233,5
76234,12
76235,12
76236,11
76237,11
76238,10
76239,12
76240,10
76241,13
76242,10
76243,9
76244,10
76245,7
76246,6
76247,9
76248,5
76249,14
76250,9
76251,9
76252,10
76253,10
76254,5
76255,11
76256,9
76257,11
76258,10
76259,8
76260,10
76261,11
76262,8
76263,10
76264,10
76265,14
76266,12
76267,8
76268,5
76269,10
76270,8
76271,11
76272,11
76273,8
76274,7
76275,6
76276,10
76277,12
76278,14
76279,13
76280,10
76281,9
76282,11
76283,9
76284,10
76285,5
76286,10
76287,10
76288,14
76289,13
76290,9
76291,13
76292,12
76293,10
76294,10
76295,11
76296,12
76297,12
76298,11
76299,12
76300,7
76301,11
76302,10
76303,10
76304,10
76305,8
76306,11
76307,11
76308,12
76309,8
76310,14
76311,8
76312,14
76313,7
76314,12
76315,7
76316,11
76317,14
76318,11
76319,13
76320,13
76321,5
76322,10
76323,12
76324,14
76325,9
76326,8
76327,12
76328,11
76329,14
76330,11
76331,13
76332,7
76333,7
76334,7
76335,8
76336,10
76337,9
76338,8
76339,7
76340,9
76341,7
76342,12
76343,8
76344,14
76345,9
76346,8
76347,7
76348,10
76349,9
76350,6
76351,9
76352,7
76353,7
76354,10
76355,7
76356,12
76357,11
76358,11
76359,7
76360,11
76361,6
76362,11
76363,9
76364,9
76365,10
76366,12
76367,9
76368,11
76369,8
76370,8
76371,9
76372,15
76373,12
76374,10
76375,8
76376,11
76377,10
76378,9
76379,8
76380,10
76381,5
76382,11
76383,8
76384,10
76385,10
76386,9
76387,10
76388,7
76389,9
76390,6
76391,7
76392,11
76393,9
76394,14
76395,11
76396,10
76397,9
76398,14
76399,10
76400,10
76401,10
76402,13
76403,13
76404,13
76405,6
76406,12
76407,11
76408,10
76409,10
76410,7
76411,9
76412,11
76413,8
76414,13
76415,8
76416,11
76417,11
76418,11
76419,11
76420,10
76421,7
76422,10
76423,8
76424,8
76425,16
76426,11
76427,10
76428,8
76429,8
76430,8
76431,10
76432,8
76433,10
76434,10
76435,9
76436,7
76437,10
76438,9
76439,10
76440,11
76441,7
76442,8
76443,14
76444,11
76445,8
76446,6
76447,15
76448,12
76449,12
76450,11
76451,9
76452,10
76453,9
76454,10
76455,10
76456,10
76457,7
76458,6
76459,10
76460,12
76461,10
76462,4
76463,11
76464,11
76465,11
76466,7
76467,11
76468,9
76469,8
76470,11
76471,14
76472,12
76473,5
76474,10
76475,11
76476,13
76477,9
76478,10
76479,8
76480,9
76481,11
76482,9
76483,9
76484,10
76485,11
76486,8
76487,6
76488,9
76489,8
76490,10
76491,10
76492,10
76493,8
76494,8
76495,7
76496,7
76497,8
76498,10
76499,11
76500,8
76501,8
76502,6
76503,8
76504,12
76505,8
76506,11
76507,11
76508,9
76509,12
76510,9
76511,14
76512,10
76513,6
76514,11
76515,9
76516,10
76517,8
76518,11
76519,12
76520,8
76521,15
76522,11
76523,11
76524,10
76525,8
76526,10
76527,10
76528,11
76529,7
76530,11
76531,12
76532,10
76533,9
76534,9
76535,9
76536,10
76537,8
76538,16
76539,11
76540,9
76541,12
76542,14
76543,10
76544,6
76545,10
76546,9
76547,10
76548,7
76549,12
76550,10
76551,12
76552,8
76553,13
76554,9
76555,12
76556,11
76557,14
76558,8
76559,11
76560,12
76561,12
76562,8
76563,9
76564,11
76565,10
76566,6
76567,10
76568,12
76569,10
76570,10
76571,7
76572,6
76573,11
76574,6
76575,15
76576,12
76577,9
76578,12
76579,7
76580,5
76581,7
76582,15
76583,9
76584,11
76585,13
76586,8
76587,8
76588,7
76589,12
76590,5
76591,13
76592,7
76593,9
76594,9
76595,12
76596,9
76597,10
76598,11
76599,9
76600,10
76601,14
76602,10
76603,7
76604,10
76605,8
76606,10
76607,7
76608,12
76609,12
76610,15
76611,7
76612,10
76613,11
76614,9
76615,8
76616,8
76617,7
76618,11
76619,12
76620,9
76621,10
76622,4
76623,9
76624,10
76625,10
76626,10
76627,12
76628,6
76629,9
76630,10
76631,9
76632,7
76633,13
76634,11
76635,13
76636,7
76637,10
76638,10
76639,10
76640,11
76641,11
76642,12
76643,11
76644,11
76645,11
76646,10
76647,12
76648,8
76649,10
76650,8
76651,13
76652,11
76653,7
76654,12
76655,6
76656,8
76657,8
76658,9
76659,10
76660,8
76661,13
76662,8
76663,6
76664,13
76665,10
76666,6
76667,10
76668,10
76669,9
76670,10
76671,7
76672,12
76673,11
76674,10
76675,9
76676,10
76677,8
76678,9
76679,7
76680,11
76681,10
76682,11
76683,10
76684,12
76685,7
76686,12
76687,9
76688,8
76689,10
76690,12
76691,10
76692,9
76693,10
76694,8
76695,11
76696,11
76697,11
76698,11
76699,4
76700,8
76701,9
76702,9
76703,11
76704,8
76705,12
76706,11
76707,11
76708,4
76709,8
76710,12
76711,9
76712,11
76713,11
76714,9
76715,7
76716,9
76717,10
76718,10
76719,8
76720,12
76721,12
76722,11
76723,7
76724,8
76725,8
76726,9
76727,11
76728,9
76729,12
76730,6
76731,11
76732,9
76733,10
76734,9
76735,10
76736,9
76737,13
76738,10
76739,12
76740,11
76741,7
76742,13
76743,12
76744,11
76745,11
76746,6
76747,10
76748,14
76749,9
76750,13
76751,8
76752,4
76753,9
76754,9
76755,7
76756,8
76757,10
76758,9
76759,12
76760,10
76761,9
76762,12
76763,12
76764,13
76765,13
76766,8
76767,10
76768,14
76769,10
76770,11
76771,9
76772,5
76773,14
76774,9
76775,9
76776,14
76777,10
76778,12
76779,10
76780,7
76781,10
76782,14
76783,9
76784,9
76785,4
76786,12
76787,10
76788,7
76789,10
76790,8
76791,8
76792,10
76793,11
76794,5
76795,6
76796,11
76797,12
76798,4
76799,10
76800,10
76801,10
76802,9
76803,10
76804,13
76805,6
76806,11
76807,11
76808,9
76809,10
76810,11
76811,9
76812,10
76813,8
76814,8
76815,12
76816,15
76817,11
76818,12
76819,17
76820,11
76821,8
76822,7
76823,10
76824,8
76825,10
76826,6
76827,9
76828,12
76829,9
76830,18
76831,9
76832,13
76833,12
76834,10
76835,12
76836,6
76837,12
76838,6
76839,7
76840,12
76841,9
76842,10
76843,7
76844,9
76845,6
76846,14
76847,12
76848,9
76849,12
76850,9
76851,10
76852,11
76853,7
76854,10
76855,6
76856,10
76857,12
76858,11
76859,8
76860,9
76861,11
76862,12
76863,12
76864,5
76865,8
76866,11
76867,11
76868,10
76869,12
76870,11
76871,8
76872,12
76873,11
76874,12
76875,8
76876,11
76877,14
76878,11
76879,11
76880,6
76881,7
76882,4
76883,10
76884,5
76885,12
76886,7
76887,12
76888,12
76889,12
76890,8
76891,11
76892,14
76893,11
76894,8
76895,8
76896,9
76897,10
76898,10
76899,10
76900,13
76901,7
76902,8
76903,7
76904,5
76905,11
76906,9
76907,9
76908,10
76909,12
76910,6
76911,9
76912,10
76913,6
76914,5
76915,10
76916,5
76917,10
76918,4
76919,8
76920,12
76921,11
76922,5
76923,12
76924,7
76925,15
76926,9
76927,7
76928,10
76929,13
76930,8
76931,8
76932,13
76933,12
76934,10
76935,9
76936,8
76937,7
76938,10
76939,11
76940,12
76941,14
76942,10
76943,7
76944,7
76945,12
76946,10
76947,16
76948,9
76949,12
76950,7
76951,12
76952,10
76953,10
76954,11
76955,8
76956,10
76957,8
76958,10
76959,10
76960,11
76961,13
76962,10
76963,10
76964,9
76965,16
76966,8
76967,9
76968,7
76969,11
76970,7
76971,13
76972,10
76973,5
76974,11
76975,6
76976,8
76977,7
76978,16
76979,13
76980,5
76981,10
76982,10
76983,9
76984,9
76985,10
76986,10
76987,9
76988,17
76989,10
76990,8
76991,11
76992,15
76993,6
76994,10
76995,11
76996,8
76997,11
76998,8
76999,9
77000,11
77001,4
77002,9
77003,8
77004,6
77005,9
77006,10
77007,13
77008,11
77009,7
77010,7
77011,8
77012,8
77013,12
77014,7
77015,7
77016,9
77017,12
77018,9
77019,10
77020,9
77021,9
77022,11
77023,13
77024,13
77025,7
77026,8
77027,10
77028,10
77029,4
77030,11
77031,13
77032,9
77033,12
77034,7
77035,7
77036,11
77037,14
77038,10
77039,4
77040,8
77041,11
77042,12
77043,9
77044,11
77045,12
77046,11
77047,6
77048,7
77049,11
77050,10
77051,10
77052,11
77053,8
77054,9
77055,14
77056,7
77057,5
77058,9
77059,10
77060,11
77061,9
77062,11
77063,10
77064,9
77065,11
77066,9
77067,8
77068,8
77069,13
77070,13
77071,9
77072,9
77073,14
77074,8
77075,8
77076,7
77077,11
77078,6
77079,6
77080,12
77081,7
77082,8
77083,10
77084,12
77085,7
77086,10
77087,9
77088,11
77089,10
77090,8
77091,7
77092,11
77093,9
77094,5
77095,12
77096,9
77097,5
77098,11
77099,9
77100,12
77101,12
77102,8
77103,7
77104,10
77105,9
77106,7
77107,12
77108,8
77109,6
77110,11
77111,13
77112,12
77113,6
77114,10
77115,11
77116,12
77117,10
77118,10
77119,6
77120,10
77121,11
77122,7
77123,9
77124,14
77125,7
77126,10
77127,8
77128,13
77129,10
77130,10
77131,6
77132,7
77133,9
77134,12
77135,10
77136,8
77137,8
77138,13
77139,12
77140,12
77141,9
77142,11
77143,7
77144,8
77145,10
77146,11
77147,6
77148,8
77149,8
77150,7
77151,10
77152,10
77153,16
77154,11
77155,8
77156,11
77157,9
77158,7
77159,9
77160,8
77161,10
77162,15
77163,14
77164,10
77165,8
77166,13
77167,7
77168,11
77169,5
77170,5
77171,12
77172,8
77173,9
77174,12
77175,12
77176,11
77177,7
77178,5
77179,10
77180,11
77181,16
77182,11
77183,10
77184,9
77185,9
77186,13
77187,5
77188,11
77189,16
77190,10
77191,9
77192,11
77193,12
77194,5
77195,7
77196,9
77197,10
77198,11
77199,7
77200,8
77201,10
77202,10
77203,14
77204,10
77205,5
77206,10
77207,10
77208,12
77209,11
77210,11
77211,9
77212,10
77213,9
77214,4
77215,7
77216,6
77217,10
77218,11
77219,8
77220,8
77221,14
77222,7
77223,14
77224,10
77225,9
77226,5
77227,10
77228,11
77229,12
77230,11
77231,11
77232,11
77233,11
77234,10
77235,11
77236,8
77237,10
77238,10
77239,9
77240,9
77241,8
77242,7
77243,13
77244,12
77245,11
77246,13
77247,9
77248,10
77249,6
77250,9
77251,10
77252,9
77253,11
77254,9
77255,11
77256,11
77257,8
77258,16
77259,12
77260,12
77261,10
77262,14
77263,8
77264,11
77265,7
77266,11
77267,10
77268,5
77269,10
77270,10
77271,8
77272,8
77273,12
77274,10
77275,8
77276,8
77277,11
77278,8
77279,10
77280,11
77281,10
77282,10
77283,10
77284,8
77285,4
77286,9
77287,6
77288,7
77289,11
77290,7
77291,11
77292,13
77293,14
77294,8
77295,11
77296,9
77297,12
77298,9
77299,8
77300,12
77301,13
77302,5
77303,9
77304,7
77305,7
77306,6
77307,10
77308,15
77309,6
77310,6
77311,11
77312,11
77313,10
77314,14
77315,10
77316,8
77317,10
77318,11
77319,9
77320,10
77321,7
77322,7
77323,14
77324,13
77325,7
77326,10
77327,5
77328,14
77329,11
77330,14
77331,13
77332,10
77333,8
77334,14
77335,14
77336,10
77337,13
77338,10
77339,6
77340,7
77341,5
77342,10
77343,9
77344,7
77345,11
77346,8
77347,9
77348,12
77349,13
77350,12
77351,9
77352,12
77353,11
77354,10
77355,13
77356,8
77357,10
77358,10
77359,12
77360,7
77361,7
77362,7
77363,10
77364,5
77365,11
77366,12
77367,9
77368,12
77369,10
77370,12
77371,10
77372,9
77373,17
77374,10
77375,10
77376,11
77377,10
77378,11
77379,17
77380,10
77381,11
77382,6
77383,17
77384,11
77385,7
77386,11
77387,9
77388,11
77389,10
77390,5
77391,11
77392,12
77393,11
77394,14
77395,6
77396,13
77397,10
77398,7
77399,8
77400,7
77401,15
77402,10
77403,15
77404,9
77405,6
77406,12
77407,12
77408,10
77409,9
77410,7
77411,14
77412,12
77413,6
77414,9
77415,8
77416,7
77417,7
77418,9
77419,8
77420,10
77421,13
77422,11
77423,14
77424,8
77425,12
77426,7
77427,9
77428,7
77429,11
77430,10
77431,13
77432,12
77433,8
77434,9
77435,5
77436,13
77437,7
77438,11
77439,7
77440,12
77441,8
77442,7
77443,9
77444,12
77445,10
77446,4
77447,11
77448,12
77449,10
77450,13
77451,9
77452,9
77453,10
77454,11
77455,13
77456,11
77457,11
77458,9
77459,11
77460,9
77461,10
77462,7
77463,13
77464,10
77465,12
77466,9
77467,5
77468,4
77469,6
77470,15
77471,11
77472,7
77473,8
77474,14
77475,10
77476,8
77477,7
77478,11
77479,10
77480,8
77481,11
77482,6
77483,11
77484,8
77485,13
77486,11
77487,11
77488,9
77489,10
77490,10
77491,7
77492,11
77493,7
77494,9
77495,12
77496,12
77497,12
77498,10
77499,13
77500,11
77501,15
77502,10
77503,9
77504,7
77505,7
77506,13
77507,10
77508,12
77509,5
77510,11
77511,11
77512,11
77513,4
77514,11
77515,10
77516,11
77517,10
77518,10
77519,10
77520,12
77521,9
77522,9
77523,12
77524,6
77525,4
77526,11
77527,13
77528,11
77529,10
77530,10
77531,7
77532,9
77533,16
77534,9
77535,6
77536,6
77537,10
77538,8
77539,10
77540,6
77541,12
77542,10
77543,11
77544,7
77545,11
77546,15
77547,5
77548,8
77549,12
77550,9
77551,10
77552,13
77553,10
77554,12
77555,11
77556,10
77557,9
77558,9
77559,11
77560,8
77561,10
77562,10
77563,12
77564,14
77565,11
77566,12
77567,10
77568,12
77569,8
77570,8
77571,8
77572,7
77573,6
77574,5
77575,11
77576,6
77577,7
77578,7
77579,9
77580,12
77581,7
77582,15
77583,13
77584,15
77585,10
77586,7
77587,8
77588,11
77589,15
77590,12
77591,13
77592,6
77593,5
77594,7
77595,13
77596,10
77597,8
77598,8
77599,5
77600,12
77601,6
77602,12
77603,8
77604,8
77605,13
77606,9
77607,6
77608,4
77609,9
77610,9
77611,10
77612,6
77613,7
77614,9
77615,7
77616,10
77617,11
77618,9
77619,11
77620,11
77621,13
77622,11
77623,6
77624,8
77625,10
77626,10
77627,10
77628,11
77629,8
77630,7
77631,10
77632,14
77633,12
77634,10
77635,7
77636,5
77637,8
77638,6
77639,8
77640,10
77641,13
77642,9
77643,9
77644,8
77645,8
77646,10
77647,9
77648,10
77649,10
77650,10
77651,10
77652,13
77653,13
77654,10
77655,7
77656,6
77657,6
77658,8
77659,13
77660,8
77661,10
77662,7
77663,7
77664,10
77665,5
77666,11
77667,7
77668,12
77669,11
77670,9
77671,15
77672,12
77673,10
77674,9
77675,10
77676,10
77677,14
77678,7
77679,13
77680,7
77681,8
77682,15
77683,12
77684,5
77685,10
77686,12
77687,13
77688,11
77689,9
77690,12
77691,11
77692,10
77693,5
77694,10
77695,11
77696,8
77697,7
77698,12
77699,6
77700,9
77701,9
77702,12
77703,10
77704,9
77705,9
77706,9
77707,6
77708,7
77709,9
77710,8
77711,10
77712,10
77713,11
77714,8
77715,11
77716,10
77717,10
77718,8
77719,4
77720,7
77721,10
77722,11
77723,10
77724,10
77725,9
77726,11
77727,15
77728,11
77729,12
77730,10
77731,9
77732,10
77733,9
77734,11
77735,9
77736,8
77737,10
77738,10
77739,10
77740,10
77741,11
77742,9
77743,7
77744,10
77745,10
77746,7
77747,8
77748,5
77749,10
77750,13
77751,9
77752,8
77753,13
77754,8
77755,10
77756,8
77757,9
77758,9
77759,8
77760,11
77761,10
77762,7
77763,11
77764,11
77765,11
77766,13
77767,8
77768,10
77769,11
77770,12
77771,5
77772,12
77773,10
77774,10
77775,6
77776,12
77777,7
77778,9
77779,10
77780,11
77781,6
77782,14
77783,9
77784,12
77785,7
77786,14
77787,7
77788,9
77789,9
77790,8
77791,10
77792,9
77793,10
77794,10
77795,9
77796,10
77797,10
77798,8
77799,11
77800,11
77801,10
77802,10
77803,9
77804,11
77805,8
77806,9
77807,15
77808,12
77809,10
77810,11
77811,11
77812,7
77813,7
77814,9
77815,11
77816,10
77817,7
77818,11
77819,8
77820,6
77821,6
77822,11
77823,14
77824,10
77825,8
77826,15
77827,9
77828,10
77829,6
77830,11
77831,11
77832,12
77833,5
77834,11
77835,8
77836,14
77837,8
77838,11
77839,10
77840,8
77841,7
77842,15
77843,8
77844,9
77845,9
77846,10
77847,12
77848,12
77849,15
77850,11
77851,9
77852,12
77853,10
77854,7
77855,11
77856,8
77857,12
77858,10
77859,12
77860,10
77861,10
77862,11
77863,7
77864,10
77865,10
77866,7
77867,7
77868,9
77869,11
77870,13
77871,10
77872,12
77873,14
77874,8
77875,9
77876,8
77877,5
77878,7
77879,9
77880,7
77881,11
77882,11
77883,7
77884,7
77885,8
77886,11
77887,9
77888,7
77889,7
77890,7
77891,10
77892,7
77893,8
77894,11
77895,8
77896,11
77897,10
77898,10
77899,11
77900,8
77901,8
77902,8
77903,10
77904,8
77905,10
77906,10
77907,11
77908,9
77909,8
77910,10
77911,10
77912,13
77913,12
77914,7
77915,8
77916,11
77917,11
77918,8
77919,8
77920,15
77921,13
77922,10
77923,12
77924,13
77925,13
77926,11
77927,8
77928,7
77929,11
77930,10
77931,7
77932,8
77933,11
77934,10
77935,12
77936,7
77937,15
77938,10
77939,9
77940,10
77941,10
77942,6
77943,16
77944,12
77945,10
77946,10
77947,6
77948,7
77949,10
77950,9
77951,11
77952,7
77953,12
77954,5
77955,11
77956,11
77957,7
77958,11
77959,9
77960,16
77961,10
77962,10
77963,8
77964,10
77965,11
77966,13
77967,11
77968,9
77969,6
77970,9
77971,9
77972,13
77973,6
77974,13
77975,15
77976,6
77977,14
77978,11
77979,6
77980,6
77981,13
77982,7
77983,8
77984,7
77985,12
77986,11
77987,6
77988,9
77989,11
77990,11
77991,12
77992,8
77993,10
77994,11
77995,6
77996,12
77997,10
77998,7
77999,6
78000,11
78001,11
78002,13
78003,12
78004,12
78005,13
78006,12
78007,10
78008,13
78009,12
78010,9
78011,11
78012,7
78013,8
78014,5
78015,6
78016,7
78017,12
78018,11
78019,12
78020,9
78021,11
78022,10
78023,10
78024,11
78025,5
78026,9
78027,8
78028,10
78029,10
78030,12
78031,12
78032,9
78033,5
78034,11
78035,9
78036,11
78037,9
78038,9
78039,12
78040,10
78041,7
78042,11
78043,9
78044,10
78045,6
78046,11
78047,6
78048,7
78049,11
78050,10
78051,10
78052,10
78053,8
78054,14
78055,10
78056,12
78057,9
78058,10
78059,9
78060,9
78061,10
78062,9
78063,6
78064,6
78065,8
78066,12
78067,9
78068,9
78069,10
78070,11
78071,14
78072,10
78073,9
78074,10
78075,8
78076,10
78077,11
78078,12
78079,11
78080,9
78081,13
78082,10
78083,12
78084,10
78085,9
78086,10
78087,9
78088,9
78089,5
78090,11
78091,9
78092,15
78093,11
78094,12
78095,5
78096,9
78097,11
78098,7
78099,8
78100,8
78101,12
78102,10
78103,11
78104,10
78105,11
78106,5
78107,10
78108,10
78109,8
78110,10
78111,7
78112,7
78113,11
78114,10
78115,8
78116,7
78117,12
78118,9
78119,12
78120,8
78121,8
78122,8
78123,9
78124,10
78125,11
78126,9
78127,10
78128,6
78129,5
78130,11
78131,10
78132,11
78133,9
78134,9
78135,11
78136,10
78137,11
78138,9
78139,9
78140,12
78141,8
78142,9
78143,11
78144,14
78145,11
78146,10
78147,11
78148,8
78149,13
78150,10
78151,10
78152,10
78153,7
78154,10
78155,9
78156,9
78157,11
78158,14
78159,7
78160,11
78161,11
78162,17
78163,8
78164,16
78165,12
78166,12
78167,5
78168,11
78169,13
78170,11
78171,10
78172,11
78173,7
78174,4
78175,11
78176,7
78177,12
78178,11
78179,12
78180,6
78181,11
78182,8
78183,9
78184,8
78185,10
78186,15
78187,12
78188,9
78189,4
78190,11
78191,10
78192,14
78193,8
78194,11
78195,11
78196,10
78197,12
78198,11
78199,12
78200,9
78201,12
78202,9
78203,7
78204,9
78205,11
78206,10
78207,12
78208,4
78209,14
78210,12
78211,12
78212,5
78213,6
78214,14
78215,15
78216,10
78217,6
78218,10
78219,7
78220,5
78221,15
78222,10
78223,12
78224,10
78225,13
78226,10
78227,9
78228,10
78229,10
78230,10
78231,11
78232,8
78233,10
78234,9
78235,8
78236,12
78237,13
78238,9
78239,7
78240,11
78241,11
78242,9
78243,8
78244,11
78245,6
78246,13
78247,12
78248,11
78249,7
78250,12
78251,7
78252,10
78253,12
78254,7
78255,7
78256,8
78257,9
78258,9
78259,10
78260,9
78261,5
78262,13
78263,9
78264,9
78265,6
78266,10
78267,7
78268,5
78269,13
78270,7
78271,11
78272,10
78273,10
78274,8
78275,8
78276,13
78277,8
78278,9
78279,11
78280,11
78281,8
78282,9
78283,13
78284,6
78285,10
78286,10
78287,10
78288,11
78289,9
78290,8
78291,8
78292,10
78293,10
78294,11
78295,10
78296,14
78297,13
78298,6
78299,10
78300,10
78301,13
78302,11
78303,9
78304,11
78305,12
78306,8
78307,12
78308,9
78309,9
78310,10
78311,14
78312,11
78313,8
78314,9
78315,10
78316,14
78317,12
78318,10
78319,14
78320,7
78321,8
78322,13
78323,7
78324,17
78325,11
78326,8
78327,12
78328,6
78329,11
78330,7
78331,8
78332,11
78333,11
78334,10
78335,12
78336,10
78337,8
78338,12
78339,7
78340,13
78341,9
78342,7
78343,11
78344,9
78345,12
78346,7
78347,9
78348,13
78349,14
78350,10
78351,4
78352,7
78353,11
78354,11
78355,10
78356,8
78357,11
78358,8
78359,9
78360,12
78361,14
78362,11
78363,9
78364,13
78365,7
78366,8
78367,9
78368,9
78369,10
78370,11
78371,10
78372,8
78373,9
78374,15
78375,9
78376,9
78377,9
78378,11
78379,9
78380,7
78381,9
78382,11
78383,10
78384,12
78385,12
78386,11
78387,8
78388,10
78389,10
78390,10
78391,10
78392,7
78393,6
78394,11
78395,12
78396,7
78397,10
78398,10
78399,8
78400,5
78401,8
78402,13
78403,9
78404,10
78405,11
78406,10
78407,9
78408,11
78409,12
78410,8
78411,10
78412,11
78413,11
78414,8
78415,11
78416,5
78417,6
78418,8
78419,8
78420,7
78421,11
78422,9
78423,9
78424,10
78425,11
78426,10
78427,10
78428,6
78429,11
78430,10
78431,9
78432,4
78433,11
78434,12
78435,8
78436,9
78437,9
78438,10
78439,6
78440,8
78441,11
78442,10
78443,10
78444,10
78445,14
78446,10
78447,13
78448,12
78449,10
78450,11
78451,7
78452,11
78453,12
78454,10
78455,6
78456,8
78457,11
78458,9
78459,6
78460,15
78461,11
78462,8
78463,5
78464,12
78465,10
78466,10
78467,8
78468,12
78469,12
78470,9
78471,7
78472,8
78473,11
78474,6
78475,10
78476,8
78477,11
78478,10
78479,12
78480,9
78481,11
78482,12
78483,12
78484,11
78485,12
78486,5
78487,12
78488,4
78489,6
78490,11
78491,12
78492,11
78493,12
78494,9
78495,10
78496,12
78497,10
78498,12
78499,10
78500,10
78501,9
78502,11
78503,10
78504,8
78505,12
78506,7
78507,11
78508,10
78509,17
78510,10
78511,11
78512,12
78513,9
78514,10
78515,13
78516,10
78517,13
78518,12
78519,12
78520,14
78521,11
78522,4
78523,11
78524,8
78525,10
78526,9
78527,6
78528,9
78529,10
78530,10
78531,9
78532,11
78533,12
78534,6
78535,8
78536,11
78537,11
78538,8
78539,11
78540,10
78541,8
78542,12
78543,11
78544,12
78545,12
78546,10
78547,11
78548,11
78549,10
78550,9
78551,8
78552,9
78553,12
78554,10
78555,9
78556,8
78557,10
78558,11
78559,10
78560,11
78561,15
78562,13
78563,9
78564,10
78565,7
78566,10
78567,11
78568,6
78569,8
78570,7
78571,9
78572,10
78573,10
78574,8
78575,10
78576,7
78577,9
78578,11
78579,11
78580,11
78581,7
78582,7
78583,12
78584,14
78585,5
78586,10
78587,11
78588,14
78589,10
78590,9
78591,11
78592,12
78593,9
78594,10
78595,12
78596,11
78597,9
78598,12
78599,12
78600,11
78601,9
78602,7
78603,11
78604,12
78605,7
78606,7
78607,9
78608,6
78609,16
78610,11
78611,10
78612,11
78613,9
78614,8
78615,10
78616,10
78617,10
78618,9
78619,16
78620,13
78621,8
78622,10
78623,5
78624,9
78625,10
78626,9
78627,10
78628,10
78629,4
78630,10
78631,13
78632,12
78633,10
78634,10
78635,8
78636,12
78637,11
78638,5
78639,7
78640,12
78641,10
78642,8
78643,10
78644,7
78645,12
78646,10
78647,11
78648,10
78649,9
78650,8
78651,9
78652,11
78653,8
78654,10
78655,11
78656,8
78657,9
78658,13
78659,10
78660,7
78661,16
78662,9
78663,8
78664,10
78665,11
78666,12
78667,9
78668,9
78669,9
78670,4
78671,9
78672,6
78673,9
78674,10
78675,10
78676,10
78677,10
78678,12
78679,10
78680,11
78681,12
78682,8
78683,12
78684,10
78685,12
78686,8
78687,12
78688,10
78689,9
78690,11
78691,8
78692,9
78693,7
78694,8
78695,8
78696,7
78697,10
78698,12
78699,11
78700,9
78701,7
78702,8
78703,10
78704,10
78705,12
78706,11
78707,14
78708,12
78709,12
78710,12
78711,12
78712,13
78713,6
78714,8
78715,11
78716,10
78717,9
78718,10
78719,13
78720,11
78721,15
78722,6
78723,12
78724,5
78725,10
78726,10
78727,11
78728,6
78729,10
78730,8
78731,10
78732,7
78733,10
78734,12
78735,13
78736,12
78737,13
78738,12
78739,6
78740,11
78741,13
78742,12
78743,9
78744,11
78745,10
78746,11
78747,5
78748,14
78749,9
78750,4
78751,10
78752,11
78753,11
78754,11
78755,16
78756,8
78757,12
78758,14
78759,9
78760,10
78761,7
78762,4
78763,7
78764,9
78765,12
78766,10
78767,9
78768,8
78769,7
78770,9
78771,11
78772,13
78773,5
78774,9
78775,9
78776,7
78777,9
78778,9
78779,10
78780,10
78781,8
78782,11
78783,11
78784,12
78785,14
78786,6
78787,8
78788,10
78789,14
78790,10
78791,9
78792,13
78793,11
78794,10
78795,4
78796,8
78797,7
78798,7
78799,6
78800,13
78801,9
78802,9
78803,7
78804,11
78805,5
78806,15
78807,11
78808,8
78809,8
78810,5
78811,10
78812,4
78813,7
78814,10
78815,10
78816,7
78817,7
78818,10
78819,11
78820,10
78821,5
78822,15
78823,11
78824,5
78825,8
78826,11
78827,10
78828,12
78829,11
78830,7
78831,13
78832,8
78833,11
78834,6
78835,10
78836,11
78837,12
78838,9
78839,11
78840,11
78841,10
78842,11
78843,10
78844,11
78845,10
78846,11
78847,11
78848,10
78849,10
78850,8
78851,7
78852,10
78853,13
78854,8
78855,13
78856,7
78857,9
78858,11
78859,7
78860,15
78861,10
78862,11
78863,16
78864,11
78865,10
78866,11
78867,5
78868,12
78869,8
78870,9
78871,8
78872,12
78873,6
78874,11
78875,8
78876,11
78877,11
78878,12
78879,14
78880,12
78881,7
78882,11
78883,8
78884,9
78885,10
78886,10
78887,13
78888,7
78889,9
78890,10
78891,10
78892,6
78893,11
78894,13
78895,12
78896,7
78897,9
78898,7
78899,6
78900,8
78901,13
78902,11
78903,9
78904,11
78905,7
78906,8
78907,10
78908,10
78909,7
78910,7
78911,6
78912,8
78913,11
78914,10
78915,5
78916,10
78917,8
78918,11
78919,10
78920,11
78921,7
78922,7
78923,9
78924,10
78925,7
78926,12
78927,12
78928,12
78929,16
78930,10
78931,10
78932,7
78933,7
78934,8
78935,11
78936,6
78937,8
78938,8
78939,14
78940,13
78941,14
78942,10
78943,8
78944,5
78945,11
78946,10
78947,10
78948,12
78949,9
78950,9
78951,7
78952,11
78953,14
78954,10
78955,11
78956,11
78957,12
78958,7
78959,12
78960,6
78961,14
78962,13
78963,8
78964,9
78965,7
78966,10
78967,11
78968,5
78969,10
78970,10
78971,10
78972,5
78973,10
78974,12
78975,11
78976,11
78977,16
78978,10
78979,16
78980,11
78981,10
78982,11
78983,13
78984,9
78985,7
78986,9
78987,6
78988,6
78989,9
78990,11
78991,10
78992,11
78993,10
78994,5
78995,10
78996,6
78997,10
78998,11
78999,5
79000,11
79001,6
79002,12
79003,10
79004,10
79005,8
79006,13
79007,12
79008,8
79009,10
79010,7
79011,6
79012,11
79013,7
79014,8
79015,10
79016,13
79017,12
79018,9
79019,13
79020,10
79021,11
79022,10
79023,11
79024,10
79025,10
79026,10
79027,11
79028,8
79029,9
79030,11
79031,13
79032,8
79033,12
79034,9
79035,7
79036,12
79037,9
79038,15
79039,9
79040,6
79041,6
79042,11
79043,10
79044,11
79045,10
79046,9
79047,12
79048,12
79049,12
79050,6
79051,11
79052,10
79053,11
79054,7
79055,13
79056,10
79057,11
79058,13
79059,10
79060,12
79061,10
79062,11
79063,8
79064,12
79065,10
79066,15
79067,9
79068,7
79069,11
79070,13
79071,9
79072,10
79073,11
79074,7
79075,11
79076,8
79077,14
79078,10
79079,7
79080,10
79081,9
79082,7
79083,8
79084,8
79085,13
79086,14
79087,9
79088,8
79089,7
79090,11
79091,10
79092,8
79093,7
79094,11
79095,12
79096,9
79097,11
79098,10
79099,13
79100,10
79101,10
79102,13
79103,10
79104,6
79105,8
79106,9
79107,10
79108,11
79109,10
79110,10
79111,15
79112,12
79113,12
79114,11
79115,13
79116,10
79117,9
79118,6
79119,13
79120,4
79121,12
79122,13
79123,10
79124,9
79125,13
79126,10
79127,11
79128,8
79129,10
79130,9
79131,13
79132,10
79133,11
79134,9
79135,11
79136,12
79137,11
79138,13
79139,8
79140,10
79141,11
79142,7
79143,9
79144,8
79145,7
79146,12
79147,7
79148,10
79149,12
79150,14
79151,10
79152,8
79153,13
79154,13
79155,11
79156,8
79157,7
79158,12
79159,16
79160,12
79161,5
79162,11
79163,13
79164,11
79165,8
79166,8
79167,12
79168,9
79169,8
79170,8
79171,11
79172,9
79173,14
79174,7
79175,9
79176,9
79177,6
79178,7
79179,9
79180,10
79181,11
79182,10
79183,10
79184,9
79185,15
79186,11
79187,7
79188,11
79189,9
79190,11
79191,5
79192,10
79193,8
79194,12
79195,10
79196,7
79197,10
79198,5
79199,11
79200,12
79201,11
79202,8
79203,5
79204,10
79205,6
79206,9
79207,14
79208,13
79209,10
79210,5
79211,12
79212,9
79213,7
79214,8
79215,7
79216,10
79217,8
79218,14
79219,9
79220,9
79221,11
79222,12
79223,7
79224,5
79225,10
79226,11
79227,10
79228,9
79229,14
79230,11
79231,14
79232,12
79233,12
79234,14
79235,9
79236,11
79237,9
79238,9
79239,9
79240,11
79241,9
79242,7
79243,10
79244,12
79245,7
79246,10
79247,10
79248,13
79249,13
79250,9
79251,10
79252,13
79253,8
79254,5
79255,9
79256,9
79257,13
79258,9
79259,7
79260,11
79261,7
79262,11
79263,11
79264,9
79265,5
79266,13
79267,10
79268,11
79269,10
79270,8
79271,7
79272,8
79273,10
79274,14
79275,13
79276,9
79277,10
79278,12
79279,9
79280,9
79281,8
79282,10
79283,11
79284,4
79285,14
79286,7
79287,10
79288,9
79289,9
79290,14
79291,12
79292,7
79293,6
79294,10
79295,10
79296,9
79297,11
79298,4
79299,8
79300,5
79301,10
79302,10
79303,6
79304,10
79305,11
79306,12
79307,6
79308,10
79309,8
79310,13
79311,14
79312,11
79313,10
79314,10
79315,6
79316,10
79317,10
79318,8
79319,7
79320,11
79321,9
79322,11
79323,10
79324,10
79325,10
79326,10
79327,8
79328,10
79329,4
79330,10
79331,7
79332,11
79333,9
79334,13
79335,16
79336,8
79337,11
79338,13
79339,11
79340,10
79341,11
79342,13
79343,15
79344,8
79345,7
79346,14
79347,12
79348,12
79349,6
79350,11
79351,13
79352,13
79353,10
79354,9
79355,8
79356,14
79357,11
79358,9
79359,13
79360,10
79361,7
79362,7
79363,11
79364,9
79365,12
79366,7
79367,10
79368,10
79369,10
79370,8
79371,6
79372,9
79373,10
79374,11
79375,9
79376,7
79377,8
79378,7
79379,7
79380,10
79381,11
79382,9
79383,9
79384,12
79385,8
79386,11
79387,11
79388,11
79389,7
79390,7
79391,11
79392,11
79393,10
79394,10
79395,7
79396,7
79397,11
79398,13
79399,10
79400,9
79401,9
79402,8
79403,8
79404,8
79405,11
79406,14
79407,12
79408,12
79409,11
79410,8
79411,9
79412,10
79413,7
79414,9
79415,5
79416,14
79417,6
79418,12
79419,10
79420,14
79421,11
79422,11
79423,12
79424,11
79425,10
79426,10
79427,9
79428,10
79429,9
79430,9
79431,10
79432,8
79433,9
79434,13
79435,12
79436,9
79437,10
79438,10
79439,8
79440,10
79441,7
79442,10
79443,4
79444,8
79445,9
79446,11
79447,11
79448,10
79449,8
79450,8
79451,12
79452,7
79453,13
79454,12
79455,10
79456,8
79457,11
79458,9
79459,9
79460,9
79461,10
79462,10
79463,9
79464,11
79465,10
79466,13
79467,8
79468,10
79469,9
79470,11
79471,7
79472,9
79473,14
79474,13
79475,14
79476,12
79477,11
79478,13
79479,9
79480,12
79481,9
79482,10
79483,12
79484,9
79485,8
79486,15
79487,13
79488,7
79489,10
79490,10
79491,11
79492,11
79493,7
79494,11
79495,7
79496,10
79497,7
79498,12
79499,12
79500,7
79501,12
79502,9
79503,7
79504,11
79505,8
79506,14
79507,9
79508,10
79509,12
79510,12
79511,11
79512,8
79513,13
79514,11
79515,11
79516,7
79517,13
79518,12
79519,14
79520,6
79521,6
79522,11
79523,10
79524,6
79525,11
79526,10
79527,10
79528,10
79529,9
79530,10
79531,7
79532,10
79533,11
79534,6
79535,13
79536,13
79537,6
79538,9
79539,5
79540,9
79541,9
79542,11
79543,10
79544,11
79545,7
79546,12
79547,11
79548,9
79549,11
79550,8
79551,9
79552,11
79553,10
79554,11
79555,9
79556,8
79557,14
79558,12
79559,9
79560,15
79561,9
79562,9
79563,13
79564,9
79565,17
79566,9
79567,8
79568,10
79569,5
79570,14
79571,10
79572,7
79573,8
79574,11
79575,11
79576,8
79577,9
79578,10
79579,10
79580,8
79581,12
79582,9
79583,14
79584,9
79585,10
79586,9
79587,10
79588,10
79589,11
79590,6
79591,10
79592,11
79593,11
79594,7
79595,7
79596,10
79597,10
79598,10
79599,10
79600,11
79601,11
79602,11
79603,10
79604,4
79605,10
79606,9
79607,8
79608,10
79609,8
79610,12
79611,10
79612,9
79613,10
79614,11
79615,10
79616,11
79617,10
79618,12
79619,8
79620,13
79621,4
79622,11
79623,12
79624,8
79625,13
79626,8
79627,10
79628,14
79629,9
79630,11
79631,10
79632,8
79633,16
79634,10
79635,10
79636,9
79637,9
79638,12
79639,16
79640,9
79641,10
79642,10
79643,13
79644,5
79645,12
79646,11
79647,4
79648,11
79649,8
79650,11
79651,10
79652,10
79653,9
79654,7
79655,12
79656,11
79657,9
79658,9
79659,11
79660,9
79661,10
79662,16
79663,9
79664,10
79665,11
79666,8
79667,10
79668,11
79669,8
79670,11
79671,16
79672,11
79673,11
79674,8
79675,10
79676,10
79677,10
79678,11
79679,4
79680,10
79681,9
79682,11
79683,11
79684,12
79685,6
79686,9
79687,8
79688,11
79689,9
79690,7
79691,11
79692,10
79693,9
79694,11
79695,10
79696,9
79697,12
79698,14
79699,5
79700,9
79701,12
79702,4
79703,11
79704,6
79705,10
79706,10
79707,9
79708,7
79709,10
79710,11
79711,10
79712,11
79713,7
79714,11
79715,9
79716,10
79717,5
79718,9
79719,6
79720,11
79721,10
79722,8
79723,8
79724,7
79725,11
79726,11
79727,10
79728,11
79729,8
79730,11
79731,7
79732,11
79733,11
79734,12
79735,7
79736,8
79737,10
79738,10
79739,11
79740,10
79741,11
79742,11
79743,12
79744,11
79745,11
79746,9
79747,9
79748,10
79749,10
79750,10
79751,7
79752,9
79753,7
79754,10
79755,11
79756,6
79757,8
79758,11
79759,13
79760,7
79761,8
79762,6
79763,12
79764,15
79765,10
79766,11
79767,10
79768,6
79769,13
79770,8
79771,7
79772,8
79773,13
79774,14
79775,11
79776,7
79777,6
79778,16
79779,10
79780,6
79781,11
79782,8
79783,13
79784,10
79785,10
79786,12
79787,10
79788,9
79789,10
79790,5
79791,9
79792,6
79793,11
79794,10
79795,7
79796,10
79797,5
79798,10
79799,5
79800,13
79801,11
79802,13
79803,8
79804,10
79805,9
79806,12
79807,10
79808,10
79809,13
79810,11
79811,10
79812,9
79813,8
79814,11
79815,9
79816,12
79817,10
79818,8
79819,12
79820,10
79821,10
79822,9
79823,12
79824,12
79825,12
79826,10
79827,8
79828,11
79829,8
79830,7
79831,12
79832,11
79833,14
79834,13
79835,11
79836,10
79837,8
79838,14
79839,11
79840,8
79841,9
79842,10
79843,11
79844,9
79845,8
79846,10
79847,10
79848,6
79849,10
79850,5
79851,6
79852,14
79853,9
79854,10
79855,14
79856,4
79857,12
79858,12
79859,9
79860,7
79861,10
79862,11
79863,8
79864,11
79865,11
79866,10
79867,9
79868,8
79869,12
79870,11
79871,10
79872,10
79873,10
79874,8
79875,10
79876,11
79877,11
79878,11
79879,10
79880,13
79881,11
79882,11
79883,10
79884,9
79885,10
79886,12
79887,10
79888,8
79889,10
79890,7
79891,6
79892,13
79893,8
79894,10
79895,10
79896,5
79897,6
79898,5
79899,7
79900,11
79901,8
79902,10
79903,10
79904,10
79905,10
79906,11
79907,10
79908,9
79909,10
79910,6
79911,5
79912,11
79913,5
79914,12
79915,10
79916,12
79917,10
79918,12
79919,10
79920,10
79921,12
79922,9
79923,11
79924,10
79925,10
79926,10
79927,9
79928,11
79929,11
79930,10
79931,11
79932,8
79933,11
79934,9
79935,6
79936,12
79937,14
79938,11
79939,12
79940,8
79941,12
79942,12
79943,7
79944,11
79945,11
79946,11
79947,7
79948,10
79949,10
79950,10
79951,10
79952,14
79953,8
79954,8
79955,9
79956,8
79957,12
79958,11
79959,16
79960,10
79961,12
79962,14
79963,9
79964,6
79965,8
79966,11
79967,11
79968,12
79969,7
79970,9
79971,6
79972,8
79973,11
79974,10
79975,6
79976,11
79977,7
79978,9
79979,10
79980,8
79981,8
79982,7
79983,11
79984,9
79985,11
79986,12
79987,10
79988,8
79989,11
79990,9
79991,11
79992,12
79993,10
79994,11
79995,5
79996,12
79997,14
79998,11
79999,10
80000,9
80001,13
80002,11
80003,10
80004,10
80005,10
80006,11
80007,13
80008,14
80009,14
80010,6
80011,7
80012,10
80013,11
80014,11
80015,10
80016,11
80017,13
80018,12
80019,9
80020,11
80021,10
80022,12
80023,10
80024,9
80025,6
80026,12
80027,10
80028,6
80029,10
80030,6
80031,14
80032,13
80033,11
80034,10
80035,15
80036,8
80037,10
80038,11
80039,9
80040,9
80041,10
80042,12
80043,10
80044,11
80045,13
80046,11
80047,6
80048,12
80049,6
80050,7
80051,8
80052,8
80053,8
80054,14
80055,12
80056,11
80057,11
80058,10
80059,10
80060,8
80061,6
80062,13
80063,11
80064,10
80065,14
80066,11
80067,7
80068,15
80069,10
80070,5
80071,8
80072,8
80073,10
80074,11
80075,11
80076,8
80077,12
80078,10
80079,8
80080,7
80081,9
80082,11
80083,10
80084,7
80085,10
80086,4
80087,9
80088,9
80089,10
80090,7
80091,11
80092,12
80093,13
80094,8
80095,6
80096,5
80097,6
80098,9
80099,13
80100,12
80101,8
80102,6
80103,6
80104,10
80105,11
80106,11
80107,12
80108,14
80109,7
80110,8
80111,14
80112,9
80113,9
80114,14
80115,10
80116,9
80117,10
80118,7
80119,11
80120,7
80121,9
80122,12
80123,7
80124,10
80125,12
80126,10
80127,10
80128,5
80129,10
80130,8
80131,9
80132,10
80133,10
80134,10
80135,14
80136,14
80137,13
80138,10
80139,10
80140,11
80141,11
80142,12
80143,6
80144,11
80145,9
80146,8
80147,10
80148,10
80149,16
80150,9
80151,11
80152,12
80153,8
80154,10
80155,9
80156,13
80157,7
80158,7
80159,12
80160,7
80161,14
80162,12
80163,10
80164,6
80165,10
80166,8
80167,10
80168,9
80169,10
80170,12
80171,10
80172,5
80173,10
80174,8
80175,15
80176,10
80177,8
80178,10
80179,9
80180,12
80181,5
80182,8
80183,10
80184,10
80185,6
80186,11
80187,6
80188,11
80189,13
80190,11
80191,9
80192,6
80193,6
80194,4
80195,11
80196,11
80197,9
80198,8
80199,8
80200,14
80201,9
80202,6
80203,12
80204,10
80205,11
80206,8
80207,7
80208,12
80209,5
80210,11
80211,11
80212,11
80213,12
80214,6
80215,9
80216,9
80217,7
80218,13
80219,7
80220,6
80221,10
80222,9
80223,13
80224,16
80225,11
80226,10
80227,9
80228,12
80229,10
80230,10
80231,7
80232,10
80233,7
80234,9
80235,11
80236,8
80237,11
80238,12
80239,9
80240,4
80241,10
80242,9
80243,10
80244,7
80245,10
80246,10
80247,16
80248,9
80249,11
80250,9
80251,8
80252,10
80253,9
80254,10
80255,12
80256,8
80257,10
80258,11
80259,8
80260,9
80261,15
80262,12
80263,9
80264,11
80265,5
80266,13
80267,7
80268,9
80269,4
80270,9
80271,7
80272,9
80273,9
80274,7
80275,9
80276,10
80277,11
80278,6
80279,9
80280,10
80281,11
80282,11
80283,7
80284,11
80285,16
80286,6
80287,11
80288,8
80289,8
80290,13
80291,11
80292,10
80293,10
80294,11
80295,6
80296,10
80297,11
80298,8
80299,8
80300,9
80301,7
80302,9
80303,10
80304,8
80305,10
80306,9
80307,9
80308,10
80309,9
80310,9
80311,13
80312,11
80313,12
80314,11
80315,12
80316,10
80317,10
80318,13
80319,8
80320,12
80321,9
80322,10
80323,11
80324,7
80325,12
80326,11
80327,6
80328,9
80329,10
80330,13
80331,10
80332,8
80333,7
80334,8
80335,7
80336,9
80337,10
80338,10
80339,11
80340,8
80341,10
80342,13
80343,11
80344,7
80345,14
80346,10
80347,11
80348,6
80349,8
80350,11
80351,10
80352,11
80353,11
80354,13
80355,5
80356,12
80357,9
80358,7
80359,8
80360,12
80361,6
80362,13
80363,5
80364,12
80365,7
80366,9
80367,6
80368,9
80369,12
80370,10
80371,12
80372,12
80373,12
80374,5
80375,8
80376,10
80377,7
80378,8
80379,12
80380,10
80381,9
80382,7
80383,11
80384,6
80385,8
80386,8
80387,13
80388,8
80389,10
80390,10
80391,4
80392,7
80393,11
80394,9
80395,13
80396,16
80397,9
80398,12
80399,10
80400,7
80401,4
80402,11
80403,11
80404,12
80405,14
80406,5
80407,10
80408,11
80409,11
80410,13
80411,9
80412,9
80413,14
80414,11
80415,8
80416,7
80417,10
80418,11
80419,14
80420,8
80421,9
80422,10
80423,10
80424,9
80425,13
80426,11
80427,11
80428,10
80429,10
80430,10
80431,11
80432,8
80433,12
80434,9
80435,10
80436,11
80437,10
80438,5
80439,11
80440,10
80441,9
80442,8
80443,7
80444,10
80445,10
80446,8
80447,11
80448,7
80449,9
80450,8
80451,16
80452,10
80453,12
80454,10
80455,11
80456,11
80457,10
80458,12
80459,7
80460,11
80461,12
80462,9
80463,13
80464,5
80465,10
80466,7
80467,9
80468,7
80469,9
80470,9
80471,9
80472,11
80473,10
80474,8
80475,9
80476,12
80477,11
80478,7
80479,7
80480,10
80481,5
80482,11
80483,8
80484,10
80485,10
80486,7
80487,6
80488,8
80489,9
80490,10
80491,8
80492,10
80493,11
80494,8
80495,8
80496,9
80497,8
80498,13
80499,9
80500,10
80501,10
80502,4
80503,11
80504,7
80505,12
80506,5
80507,10
80508,10
80509,7
80510,17
80511,11
80512,10
80513,11
80514,11
80515,15
80516,10
80517,11
80518,9
80519,12
80520,7
80521,12
80522,9
80523,5
80524,9
80525,8
80526,16
80527,8
80528,11
80529,12
80530,10
80531,13
80532,12
80533,9
80534,8
80535,7
80536,11
80537,10
80538,11
80539,8
80540,8
80541,9
80542,10
80543,10
80544,8
80545,5
80546,10
80547,8
80548,5
80549,9
80550,9
80551,14
80552,14
80553,10
80554,10
80555,13
80556,8
80557,10
80558,8
80559,9
80560,9
80561,15
80562,14
80563,13
80564,6
80565,7
80566,12
80567,10
80568,12
80569,12
80570,9
80571,9
80572,10
80573,11
80574,10
80575,10
80576,12
80577,9
80578,9
80579,7
80580,11
80581,12
80582,10
80583,9
80584,11
80585,9
80586,11
80587,14
80588,7
80589,11
80590,8
80591,5
80592,7
80593,11
80594,14
80595,10
80596,12
80597,6
80598,11
80599,6
80600,11
80601,9
80602,11
80603,11
80604,10
80605,11
80606,8
80607,9
80608,11
80609,9
80610,5
80611,11
80612,11
80613,9
80614,9
80615,9
80616,11
80617,10
80618,11
80619,12
80620,9
80621,10
80622,10
80623,10
80624,11
80625,13
80626,11
80627,7
80628,9
80629,11
80630,7
80631,10
80632,10
80633,10
80634,10
80635,13
80636,7
80637,14
80638,11
80639,11
80640,9
80641,9
80642,6
80643,11
80644,9
80645,10
80646,11
80647,9
80648,5
80649,10
80650,7
80651,9
80652,14
80653,11
80654,11
80655,12
80656,8
80657,13
80658,7
80659,5
80660,12
80661,9
80662,8
80663,10
80664,8
80665,11
80666,4
80667,6
80668,7
80669,14
80670,7
80671,12
80672,5
80673,11
80674,11
80675,8
80676,12
80677,5
80678,10
80679,14
80680,7
80681,8
80682,12
80683,10
80684,10
80685,7
80686,11
80687,14
80688,10
80689,8
80690,10
80691,10
80692,10
80693,7
80694,7
80695,10
80696,10
80697,11
80698,9
80699,8
80700,7
80701,10
80702,12
80703,9
80704,10
80705,10
80706,6
80707,10
80708,10
80709,12
80710,9
80711,9
80712,12
80713,8
80714,12
80715,8
80716,6
80717,9
80718,9
80719,11
80720,9
80721,11
80722,16
80723,7
80724,8
80725,10
80726,12
80727,9
80728,6
80729,9
80730,9
80731,8
80732,8
80733,10
80734,6
80735,11
80736,16
80737,9
80738,12
80739,8
80740,9
80741,10
80742,10
80743,12
80744,6
80745,5
80746,14
80747,9
80748,10
80749,10
80750,9
80751,9
80752,11
80753,9
80754,10
80755,7
80756,7
80757,12
80758,8
80759,11
80760,11
80761,9
80762,14
80763,10
80764,12
80765,11
80766,16
80767,8
80768,10
80769,6
80770,11
80771,12
80772,6
80773,12
80774,10
80775,10
80776,8
80777,10
80778,12
80779,12
80780,8
80781,12
80782,11
80783,9
80784,6
80785,13
80786,13
80787,9
80788,14
80789,7
80790,7
80791,11
80792,11
80793,11
80794,11
80795,10
80796,8
80797,11
80798,12
80799,10
80800,11
80801,12
80802,14
80803,12
80804,6
80805,10
80806,12
80807,8
80808,11
80809,6
80810,11
80811,10
80812,7
80813,9
80814,5
80815,14
80816,10
80817,14
80818,11
80819,6
80820,10
80821,11
80822,9
80823,11
80824,5
80825,8
80826,8
80827,8
80828,10
80829,10
80830,11
80831,9
80832,10
80833,12
80834,7
80835,10
80836,12
80837,5
80838,11
80839,8
80840,10
80841,11
80842,8
80843,6
80844,11
80845,11
80846,7
80847,11
80848,10
80849,6
80850,5
80851,13
80852,7
80853,8
80854,6
80855,11
80856,13
80857,14
80858,13
80859,10
80860,8
80861,11
80862,11
80863,10
80864,13
80865,5
80866,8
80867,9
80868,10
80869,8
80870,8
80871,6
80872,11
80873,14
80874,11
80875,6
80876,5
80877,12
80878,11
80879,12
80880,14
80881,10
80882,10
80883,9
80884,8
80885,12
80886,8
80887,13
80888,12
80889,7
80890,10
80891,9
80892,8
80893,8
80894,8
80895,10
80896,11
80897,11
80898,13
80899,9
80900,10
80901,6
80902,9
80903,5
80904,10
80905,9
80906,11
80907,12
80908,6
80909,10
80910,15
80911,10
80912,14
80913,10
80914,12
80915,6
80916,11
80917,11
80918,9
80919,10
80920,9
80921,14
80922,7
80923,10
80924,8
80925,14
80926,13
80927,10
80928,8
80929,9
80930,10
80931,6
80932,12
80933,8
80934,10
80935,10
80936,12
80937,12
80938,10
80939,8
80940,9
80941,7
80942,12
80943,11
80944,10
80945,7
80946,9
80947,11
80948,9
80949,9
80950,10
80951,10
80952,9
80953,10
80954,11
80955,10
80956,10
80957,11
80958,13
80959,4
80960,8
80961,9
80962,10
80963,8
80964,12
80965,7
80966,13
80967,8
80968,16
80969,9
80970,10
80971,11
80972,9
80973,15
80974,17
80975,12
80976,10
80977,9
80978,11
80979,16
80980,10
80981,14
80982,6
80983,11
80984,8
80985,11
80986,7
80987,10
80988,8
80989,12
80990,14
80991,6
80992,11
80993,10
80994,8
80995,7
80996,5
80997,10
80998,11
80999,10
81000,11
81001,10
81002,12
81003,11
81004,10
81005,11
81006,12
81007,10
81008,6
81009,11
81010,9
81011,10
81012,6
81013,9
81014,9
81015,6
81016,13
81017,8
81018,7
81019,10
81020,9
81021,10
81022,6
81023,11
81024,11
81025,10
81026,8
81027,10
81028,9
81029,7
81030,13
81031,12
81032,10
81033,10
81034,7
81035,6
81036,9
81037,11
81038,9
81039,9
81040,15
81041,11
81042,11
81043,10
81044,5
81045,10
81046,7
81047,11
81048,10
81049,7
81050,13
81051,12
81052,7
81053,12
81054,10
81055,9
81056,12
81057,8
81058,11
81059,9
81060,11
81061,12
81062,11
81063,9
81064,8
81065,8
81066,11
81067,10
81068,7
81069,13
81070,11
81071,8
81072,7
81073,13
81074,10
81075,12
81076,9
81077,8
81078,7
81079,10
81080,12
81081,9
81082,9
81083,9
81084,11
81085,9
81086,11
81087,11
81088,10
81089,12
81090,12
81091,8
81092,11
81093,10
81094,11
81095,7
81096,9
81097,8
81098,12
81099,13
81100,10
81101,7
81102,10
81103,13
81104,11
81105,9
81106,15
81107,11
81108,8
81109,9
81110,8
81111,10
81112,9
81113,12
81114,8
81115,12
81116,10
81117,7
81118,7
81119,10
81120,8
81121,8
81122,10
81123,10
81124,10
81125,10
81126,9
81127,11
81128,10
81129,11
81130,10
81131,11
81132,4
81133,9
81134,8
81135,6
81136,12
81137,10
81138,9
81139,11
81140,10
81141,7
81142,13
81143,12
81144,8
81145,14
81146,11
81147,6
81148,10
81149,8
81150,8
81151,5
81152,11
81153,10
81154,10
81155,7
81156,12
81157,11
81158,11
81159,12
81160,13
81161,9
81162,9
81163,9
81164,9
81165,12
81166,10
81167,8
81168,9
81169,9
81170,11
81171,11
81172,7
81173,11
81174,11
81175,5
81176,4
81177,5
81178,8
81179,12
81180,11
81181,13
81182,10
81183,14
81184,12
81185,14
81186,10
81187,9
81188,12
81189,5
81190,10
81191,14
81192,8
81193,14
81194,5
81195,6
81196,12
81197,15
81198,11
81199,10
81200,7
81201,10
81202,9
81203,13
81204,5
81205,6
81206,9
81207,7
81208,10
81209,12
81210,7
81211,10
81212,6
81213,12
81214,10
81215,12
81216,10
81217,6
81218,7
81219,10
81220,8
81221,11
81222,6
81223,15
81224,14
81225,9
81226,9
81227,8
81228,15
81229,12
81230,8
81231,13
81232,8
81233,7
81234,9
81235,7
81236,11
81237,9
81238,11
81239,10
81240,10
81241,14
81242,11
81243,10
81244,10
81245,10
81246,11
81247,10
81248,11
81249,14
81250,14
81251,9
81252,8
81253,11
81254,6
81255,12
81256,10
81257,11
81258,9
81259,5
81260,9
81261,12
81262,6
81263,13
81264,10
81265,6
81266,10
81267,10
81268,10
81269,12
81270,11
81271,10
81272,9
81273,10
81274,6
81275,7
81276,7
81277,11
81278,13
81279,9
81280,13
81281,10
81282,13
81283,11
81284,15
81285,8
81286,13
81287,11
81288,12
81289,9
81290,10
81291,7
81292,13
81293,7
81294,10
81295,10
81296,12
81297,6
81298,15
81299,12
81300,14
81301,12
81302,11
81303,9
81304,10
81305,4
81306,10
81307,10
81308,4
81309,13
81310,11
81311,10
81312,10
81313,9
81314,7
81315,7
81316,12
81317,8
81318,9
81319,10
81320,10
81321,11
81322,5
81323,11
81324,10
81325,5
81326,8
81327,14
81328,11
81329,10
81330,7
81331,11
81332,12
81333,10
81334,11
81335,8
81336,10
81337,12
81338,12
81339,10
81340,11
81341,10
81342,10
81343,5
81344,10
81345,10
81346,8
81347,5
81348,12
81349,11
81350,6
81351,4
81352,7
81353,10
81354,6
81355,10
81356,10
81357,11
81358,10
81359,10
81360,9
81361,9
81362,10
81363,12
81364,6
81365,13
81366,7
81367,6
81368,5
81369,9
81370,11
81371,8
81372,10
81373,10
81374,9
81375,10
81376,6
81377,10
81378,10
81379,8
81380,6
81381,13
81382,6
81383,10
81384,6
81385,7
81386,6
81387,6
81388,11
81389,10
81390,12
81391,10
81392,13
81393,12
81394,10
81395,11
81396,10
81397,6
81398,11
81399,9
81400,7
81401,4
81402,12
81403,7
81404,10
81405,12
81406,13
81407,7
81408,8
81409,10
81410,10
81411,12
81412,15
81413,6
81414,8
81415,8
81416,6
81417,11
81418,15
81419,13
81420,8
81421,12
81422,12
81423,10
81424,10
81425,13
81426,7
81427,10
81428,11
81429,12
81430,11
81431,10
81432,11
81433,13
81434,9
81435,10
81436,11
81437,4
81438,11
81439,9
81440,7
81441,6
81442,12
81443,6
81444,8
81445,11
81446,15
81447,5
81448,6
81449,10
81450,11
81451,15
81452,11
81453,9
81454,10
81455,14
81456,10
81457,7
81458,12
81459,11
81460,12
81461,9
81462,12
81463,10
81464,11
81465,10
81466,8
81467,14
81468,8
81469,9
81470,11
81471,10
81472,7
81473,16
81474,8
81475,13
81476,8
81477,16
81478,10
81479,8
81480,6
81481,9
81482,9
81483,9
81484,10
81485,11
81486,7
81487,6
81488,7
81489,9
81490,12
81491,16
81492,6
81493,5
81494,5
81495,10
81496,11
81497,11
81498,6
81499,13
81500,12
81501,11
81502,11
81503,10
81504,13
81505,9
81506,7
81507,8
81508,8
81509,10
81510,11
81511,10
81512,10
81513,8
81514,10
81515,9
81516,11
81517,7
81518,8
81519,10
81520,12
81521,11
81522,10
81523,12
81524,11
81525,5
81526,11
81527,14
81528,10
81529,5
81530,4
81531,10
81532,11
81533,8
81534,6
81535,15
81536,7
81537,11
81538,7
81539,14
81540,7
81541,11
81542,11
81543,9
81544,12
81545,10
81546,10
81547,15
81548,8
81549,12
81550,9
81551,8
81552,7
81553,10
81554,10
81555,10
81556,11
81557,9
81558,14
81559,11
81560,8
81561,8
81562,9
81563,11
81564,10
81565,6
81566,10
81567,16
81568,10
81569,12
81570,11
81571,9
81572,7
81573,13
81574,8
81575,10
81576,12
81577,5
81578,8
81579,10
81580,10
81581,12
81582,9
81583,5
81584,10
81585,12
81586,9
81587,7
81588,9
81589,7
81590,10
81591,8
81592,12
81593,10
81594,7
81595,7
81596,12
81597,8
81598,13
81599,12
81600,5
81601,5
81602,13
81603,11
81604,10
81605,11
81606,9
81607,10
81608,10
81609,8
81610,6
81611,10
81612,8
81613,7
81614,7
81615,9
81616,11
81617,10
81618,13
81619,10
81620,11
81621,9
81622,8
81623,10
81624,11
81625,6
81626,9
81627,11
81628,14
81629,4
81630,8
81631,10
81632,8
81633,9
81634,13
81635,11
81636,7
81637,11
81638,12
81639,10
81640,14
81641,5
81642,8
81643,8
81644,8
81645,10
81646,11
81647,9
81648,16
81649,10
81650,8
81651,11
81652,11
81653,10
81654,11
81655,7
81656,7
81657,10
81658,9
81659,13
81660,5
81661,6
81662,11
81663,4
81664,9
81665,12
81666,10
81667,11
81668,7
81669,12
81670,13
81671,11
81672,10
81673,15
81674,12
81675,10
81676,8
81677,12
81678,8
81679,8
81680,9
81681,9
81682,14
81683,7
81684,10
81685,6
81686,10
81687,10
81688,11
81689,12
81690,10
81691,6
81692,8
81693,9
81694,11
81695,10
81696,15
81697,10
81698,5
81699,12
81700,8
81701,13
81702,11
81703,10
81704,14
81705,8
81706,5
81707,10
81708,8
81709,12
81710,8
81711,5
81712,9
81713,8
81714,7
81715,9
81716,10
81717,11
81718,9
81719,12
81720,8
81721,10
81722,14
81723,11
81724,10
81725,12
81726,11
81727,10
81728,11
81729,9
81730,10
81731,10
81732,8
81733,9
81734,11
81735,12
81736,11
81737,10
81738,9
81739,8
81740,9
81741,6
81742,10
81743,10
81744,12
81745,10
81746,12
81747,6
81748,7
81749,10
81750,11
81751,11
81752,8
81753,7
81754,7
81755,14
81756,8
81757,10
81758,6
81759,14
81760,10
81761,7
81762,12
81763,11
81764,16
81765,11
81766,10
81767,11
81768,12
81769,11
81770,11
81771,9
81772,10
81773,11
81774,12
81775,11
81776,10
81777,12
81778,8
81779,12
81780,8
81781,10
81782,9
81783,9
81784,11
81785,8
81786,9
81787,9
81788,14
81789,8
81790,8
81791,11
81792,13
81793,11
81794,5
81795,11
81796,10
81797,11
81798,13
81799,7
81800,8
81801,11
81802,10
81803,13
81804,11
81805,11
81806,9
81807,11
81808,9
81809,11
81810,9
81811,11
81812,9
81813,10
81814,9
81815,7
81816,9
81817,9
81818,12
81819,10
81820,7
81821,8
81822,6
81823,11
81824,4
81825,6
81826,6
81827,11
81828,10
81829,10
81830,10
81831,9
81832,5
81833,8
81834,10
81835,11
81836,8
81837,10
81838,10
81839,10
81840,11
81841,10
81842,15
81843,6
81844,9
81845,7
81846,8
81847,7
81848,11
81849,11
81850,12
81851,10
81852,6
81853,11
81854,10
81855,5
81856,9
81857,8
81858,9
81859,9
81860,9
81861,15
81862,6
81863,7
81864,7
81865,10
81866,11
81867,8
81868,10
81869,10
81870,6
81871,9
81872,10
81873,10
81874,9
81875,7
81876,9
81877,7
81878,10
81879,6
81880,12
81881,9
81882,10
81883,10
81884,12
81885,5
81886,11
81887,9
81888,12
81889,11
81890,9
81891,7
81892,10
81893,13
81894,12
81895,12
81896,10
81897,10
81898,12
81899,10
81900,7
81901,8
81902,10
81903,11
81904,10
81905,11
81906,13
81907,11
81908,6
81909,10
81910,10
81911,12
81912,10
81913,11
81914,8
81915,11
81916,12
81917,9
81918,11
81919,9
81920,7
81921,12
81922,10
81923,14
81924,11
81925,8
81926,12
81927,11
81928,10
81929,11
81930,12
81931,7
81932,11
81933,11
81934,14
81935,7
81936,5
81937,10
81938,10
81939,10
81940,8
81941,9
81942,12
81943,12
81944,9
81945,4
81946,11
81947,13
81948,10
81949,10
81950,11
81951,15
81952,13
81953,9
81954,5
81955,12
81956,11
81957,7
81958,6
81959,7
81960,8
81961,11
81962,11
81963,8
81964,9
81965,11
81966,10
81967,16
81968,16
81969,10
81970,10
81971,8
81972,9
81973,12
81974,6
81975,10
81976,7
81977,8
81978,11
81979,13
81980,7
81981,12
81982,9
81983,10
81984,7
81985,9
81986,6
81987,10
81988,13
81989,10
81990,11
81991,11
81992,11
81993,14
81994,10
81995,9
81996,6
81997,10
81998,9
81999,9
82000,14
82001,9
82002,9
82003,13
82004,11
82005,10
82006,8
82007,16
82008,13
82009,11
82010,9
82011,9
82012,8
82013,8
82014,9
82015,11
82016,15
82017,12
82018,15
82019,12
82020,6
82021,14
82022,9
82023,6
82024,9
82025,9
82026,11
82027,10
82028,12
82029,9
82030,12
82031,11
82032,9
82033,7
82034,10
82035,11
82036,11
82037,7
82038,8
82039,10
82040,12
82041,9
82042,11
82043,10
82044,9
82045,11
82046,10
82047,11
82048,10
82049,12
82050,8
82051,11
82052,10
82053,9
82054,10
82055,14
82056,10
82057,10
82058,10
82059,8
82060,12
82061,4
82062,13
82063,8
82064,14
82065,4
82066,8
82067,12
82068,11
82069,7
82070,9
82071,9
82072,9
82073,6
82074,12
82075,11
82076,9
82077,8
82078,10
82079,13
82080,8
82081,6
82082,15
82083,11
82084,15
82085,9
82086,8
82087,6
82088,10
82089,11
82090,5
82091,12
82092,5
82093,8
82094,8
82095,10
82096,7
82097,11
82098,9
82099,6
82100,11
82101,12
82102,10
82103,11
82104,9
82105,10
82106,12
82107,10
82108,11
82109,9
82110,10
82111,11
82112,12
82113,13
82114,8
82115,9
82116,10
82117,11
82118,11
82119,10
82120,7
82121,9
82122,10
82123,10
82124,6
82125,9
82126,12
82127,9
82128,14
82129,9
82130,4
82131,9
82132,10
82133,9
82134,10
82135,10
82136,8
82137,6
82138,9
82139,13
82140,10
82141,6
82142,9
82143,13
82144,7
82145,12
82146,12
82147,11
82148,12
82149,6
82150,10
82151,10
82152,11
82153,10
82154,11
82155,11
82156,11
82157,11
82158,10
82159,9
82160,11
82161,11
82162,14
82163,11
82164,11
82165,8
82166,9
82167,11
82168,11
82169,4
82170,12
82171,9
82172,10
82173,12
82174,4
82175,10
82176,10
82177,10
82178,9
82179,8
82180,11
82181,6
82182,14
82183,10
82184,10
82185,8
82186,10
82187,12
82188,6
82189,8
82190,10
82191,12
82192,14
82193,11
82194,9
82195,10
82196,12
82197,12
82198,11
82199,8
82200,8
82201,12
82202,11
82203,10
82204,14
82205,10
82206,11
82207,10
82208,6
82209,9
82210,15
82211,10
82212,11
82213,12
82214,8
82215,9
82216,9
82217,8
82218,11
82219,12
82220,11
82221,10
82222,10
82223,5
82224,10
82225,8
82226,11
82227,10
82228,12
82229,11
82230,11
82231,12
82232,7
82233,10
82234,9
82235,9
82236,12
82237,12
82238,13
82239,6
82240,11
82241,9
82242,10
82243,11
82244,10
82245,11
82246,7
82247,5
82248,11
82249,11
82250,15
82251,12
82252,12
82253,9
82254,8
82255,12
82256,12
82257,13
82258,7
82259,11
82260,13
82261,13
82262,12
82263,10
82264,11
82265,11
82266,11
82267,9
82268,8
82269,11
82270,11
82271,15
82272,12
82273,9
82274,10
82275,4
82276,11
82277,11
82278,12
82279,7
82280,10
82281,6
82282,8
82283,10
82284,8
82285,10
82286,11
82287,5
82288,7
82289,12
82290,10
82291,8
82292,9
82293,12
82294,9
82295,10
82296,9
82297,13
82298,13
82299,9
82300,13
82301,11
82302,11
82303,4
82304,10
82305,15
82306,7
82307,10
82308,9
82309,11
82310,11
82311,11
82312,8
82313,7
82314,10
82315,10
82316,8
82317,7
82318,8
82319,10
82320,11
82321,8
82322,14
82323,7
82324,12
82325,12
82326,10
82327,8
82328,9
82329,6
82330,7
82331,7
82332,11
82333,5
82334,12
82335,5
82336,10
82337,8
82338,10
82339,10
82340,16
82341,4
82342,9
82343,10
82344,13
82345,10
82346,13
82347,8
82348,11
82349,9
82350,10
82351,7
82352,9
82353,9
82354,10
82355,9
82356,17
82357,6
82358,11
82359,9
82360,10
82361,6
82362,7
82363,13
82364,4
82365,9
82366,10
82367,11
82368,10
82369,5
82370,15
82371,8
82372,7
82373,10
82374,12
82375,10
82376,15
82377,4
82378,14
82379,11
82380,11
82381,10
82382,11
82383,9
82384,13
82385,8
82386,6
82387,9
82388,6
82389,10
82390,8
82391,11
82392,10
82393,7
82394,12
82395,14
82396,10
82397,11
82398,6
82399,9
82400,12
82401,9
82402,11
82403,6
82404,13
82405,10
82406,7
82407,11
82408,7
82409,10
82410,10
82411,10
82412,7
82413,10
82414,7
82415,8
82416,12
82417,10
82418,13
82419,12
82420,10
82421,8
82422,6
82423,11
82424,10
82425,10
82426,14
82427,11
82428,7
82429,8
82430,10
82431,13
82432,10
82433,9
82434,14
82435,8
82436,8
82437,12
82438,10
82439,6
82440,10
82441,8
82442,7
82443,9
82444,11
82445,11
82446,11
82447,11
82448,11
82449,7
82450,12
82451,9
82452,6
82453,12
82454,10
82455,11
82456,5
82457,4
82458,7
82459,11
82460,10
82461,13
82462,10
82463,6
82464,8
82465,17
82466,17
82467,13
82468,11
82469,12
82470,12
82471,14
82472,9
82473,11
82474,10
82475,11
82476,9
82477,6
82478,4
82479,12
82480,10
82481,10
82482,9
82483,8
82484,12
82485,10
82486,7
82487,10
82488,12
82489,10
82490,7
82491,10
82492,8
82493,11
82494,11
82495,11
82496,10
82497,5
82498,8
82499,11
82500,5
82501,10
82502,11
82503,10
82504,10
82505,12
82506,12
82507,13
82508,5
82509,8
82510,10
82511,12
82512,13
82513,9
82514,16
82515,11
82516,9
82517,9
82518,13
82519,8
82520,10
82521,10
82522,11
82523,8
82524,11
82525,10
82526,10
82527,6
82528,9
82529,7
82530,11
82531,9
82532,8
82533,13
82534,11
82535,9
82536,10
82537,10
82538,9
82539,9
82540,11
82541,11
82542,9
82543,9
82544,13
82545,8
82546,9
82547,10
82548,6
82549,8
82550,9
82551,10
82552,9
82553,9
82554,9
82555,5
82556,13
82557,11
82558,11
82559,8
82560,12
82561,12
82562,11
82563,7
82564,11
82565,9
82566,5
82567,9
82568,8
82569,12
82570,7
82571,11
82572,15
82573,13
82574,13
82575,11
82576,10
82577,11
82578,12
82579,12
82580,7
82581,7
82582,11
82583,7
82584,11
82585,14
82586,10
82587,11
82588,8
82589,13
82590,12
82591,9
82592,8
82593,14
82594,11
82595,13
82596,9
82597,10
82598,12
82599,10
82600,8
82601,8
82602,10
82603,12
82604,11
82605,9
82606,10
82607,10
82608,9
82609,10
82610,9
82611,13
82612,11
82613,9
82614,9
82615,10
82616,6
82617,9
82618,10
82619,10
82620,9
82621,12
82622,11
82623,6
82624,7
82625,10
82626,13
82627,9
82628,12
82629,11
82630,6
82631,13
82632,8
82633,13
82634,9
82635,11
82636,11
82637,10
82638,10
82639,10
82640,11
82641,6
82642,6
82643,9
82644,12
82645,10
82646,7
82647,4
82648,10
82649,10
82650,10
82651,8
82652,7
82653,10
82654,10
82655,8
82656,9
82657,8
82658,10
82659,10
82660,6
82661,10
82662,8
82663,11
82664,9
82665,9
82666,9
82667,9
82668,14
82669,11
82670,10
82671,13
82672,10
82673,8
82674,10
82675,12
82676,10
82677,15
82678,14
82679,9
82680,10
82681,7
82682,10
82683,8
82684,14
82685,10
82686,5
82687,8
82688,5
82689,10
82690,9
82691,11
82692,8
82693,7
82694,13
82695,5
82696,6
82697,6
82698,6
82699,9
82700,7
82701,8
82702,13
82703,5
82704,9
82705,6
82706,11
82707,4
82708,6
82709,10
82710,11
82711,8
82712,10
82713,10
82714,6
82715,8
82716,14
82717,10
82718,7
82719,9
82720,13
82721,12
82722,12
82723,9
82724,9
82725,11
82726,12
82727,9
82728,8
82729,11
82730,7
82731,8
82732,10
82733,9
82734,10
82735,9
82736,12
82737,8
82738,12
82739,6
82740,8
82741,10
82742,11
82743,12
82744,13
82745,14
82746,9
82747,6
82748,13
82749,9
82750,7
82751,6
82752,9
82753,9
82754,7
82755,12
82756,10
82757,8
82758,7
82759,10
82760,11
82761,11
82762,8
82763,10
82764,10
82765,12
82766,7
82767,7
82768,10
82769,10
82770,14
82771,9
82772,9
82773,8
82774,10
82775,10
82776,9
82777,11
82778,8
82779,12
82780,6
82781,13
82782,6
82783,7
82784,15
82785,12
82786,10
82787,12
82788,9
82789,12
82790,12
82791,8
82792,11
82793,9
82794,12
82795,14
82796,7
82797,9
82798,9
82799,5
82800,11
82801,7
82802,10
82803,13
82804,8
82805,9
82806,11
82807,6
82808,9
82809,12
82810,11
82811,10
82812,11
82813,16
82814,8
82815,9
82816,8
82817,11
82818,12
82819,6
82820,8
82821,12
82822,9
82823,6
82824,11
82825,10
82826,9
82827,10
82828,9
82829,6
82830,6
82831,11
82832,6
82833,10
82834,11
82835,10
82836,7
82837,6
82838,9
82839,15
82840,9
82841,8
82842,11
82843,7
82844,11
82845,8
82846,10
82847,11
82848,10
82849,5
82850,4
82851,11
82852,13
82853,6
82854,10
82855,8
82856,11
82857,8
82858,11
82859,12
82860,9
82861,11
82862,8
82863,12
82864,7
82865,14
82866,7
82867,10
82868,8
82869,11
82870,10
82871,10
82872,11
82873,12
82874,10
82875,7
82876,11
82877,13
82878,6
82879,8
82880,6
82881,11
82882,9
82883,11
82884,15
82885,11
82886,12
82887,9
82888,11
82889,12
82890,8
82891,12
82892,7
82893,5
82894,10
82895,7
82896,10
82897,9
82898,10
82899,9
82900,10
82901,10
82902,10
82903,10
82904,9
82905,8
82906,7
82907,11
82908,11
82909,10
82910,8
82911,10
82912,9
82913,8
82914,9
82915,6
82916,6
82917,10
82918,8
82919,11
82920,7
82921,11
82922,12
82923,6
82924,8
82925,8
82926,13
82927,12
82928,12
82929,7
82930,8
82931,8
82932,10
82933,10
82934,11
82935,10
82936,8
82937,11
82938,9
82939,10
82940,6
82941,9
82942,13
82943,11
82944,6
82945,10
82946,9
82947,9
82948,13
82949,10
82950,11
82951,11
82952,11
82953,14
82954,4
82955,11
82956,12
82957,10
82958,9
82959,11
82960,13
82961,11
82962,11
82963,13
82964,9
82965,10
82966,6
82967,10
82968,9
82969,10
82970,8
82971,11
82972,7
82973,10
82974,15
82975,6
82976,8
82977,9
82978,11
82979,12
82980,10
82981,9
82982,7
82983,11
82984,7
82985,9
82986,10
82987,8
82988,12
82989,10
82990,14
82991,10
82992,9
82993,9
82994,10
82995,9
82996,6
82997,7
82998,10
82999,9
83000,10
83001,10
83002,13
83003,7
83004,6
83005,11
83006,7
83007,11
83008,10
83009,11
83010,8
83011,10
83012,11
83013,9
83014,10
83015,7
83016,10
83017,10
83018,9
83019,14
83020,7
83021,10
83022,7
83023,8
83024,7
83025,11
83026,12
83027,9
83028,6
83029,11
83030,8
83031,9
83032,6
83033,10
83034,9
83035,10
83036,11
83037,7
83038,10
83039,10
83040,10
83041,12
83042,13
83043,10
83044,7
83045,8
83046,12
83047,11
83048,5
83049,9
83050,7
83051,7
83052,8
83053,11
83054,8
83055,9
83056,4
83057,9
83058,8
83059,6
83060,11
83061,14
83062,6
83063,9
83064,6
83065,10
83066,10
83067,7
83068,10
83069,10
83070,11
83071,9
83072,10
83073,6
83074,10
83075,7
83076,9
83077,11
83078,10
83079,10
83080,6
83081,8
83082,8
83083,10
83084,10
83085,6
83086,8
83087,14
83088,6
83089,8
83090,12
83091,12
83092,11
83093,16
83094,10
83095,7
83096,13
83097,10
83098,8
83099,5
83100,13
83101,12
83102,11
83103,5
83104,10
83105,8
83106,8
83107,12
83108,11
83109,9
83110,8
83111,11
83112,7
83113,10
83114,9
83115,8
83116,13
83117,7
83118,12
83119,9
83120,11
83121,10
83122,11
83123,16
83124,10
83125,9
83126,5
83127,9
83128,10
83129,10
83130,10
83131,8
83132,7
83133,9
83134,7
83135,7
83136,12
83137,6
83138,7
83139,10
83140,10
83141,10
83142,11
83143,8
83144,11
83145,14
83146,11
83147,10
83148,12
83149,8
83150,4
83151,9
83152,7
83153,12
83154,11
83155,6
83156,5
83157,6
83158,8
83159,10
83160,9
83161,12
83162,11
83163,13
83164,10
83165,10
83166,10
83167,8
83168,11
83169,10
83170,10
83171,16
83172,12
83173,7
83174,10
83175,7
83176,9
83177,10
83178,10
83179,11
83180,9
83181,9
83182,11
83183,4
83184,11
83185,9
83186,8
83187,10
83188,7
83189,10
83190,8
83191,12
83192,9
83193,10
83194,9
83195,8
83196,11
83197,12
83198,11
83199,8
83200,10
83201,10
83202,9
83203,13
83204,8
83205,12
83206,14
83207,10
83208,8
83209,12
83210,8
83211,13
83212,9
83213,6
83214,11
83215,8
83216,6
83217,10
83218,9
83219,8
83220,11
83221,11
83222,9
83223,10
83224,12
83225,11
83226,12
83227,16
83228,8
83229,16
83230,12
83231,14
83232,17
83233,7
83234,5
83235,9
83236,8
83237,14
83238,11
83239,9
83240,8
83241,11
83242,10
83243,6
83244,10
83245,12
83246,10
83247,10
83248,11
83249,9
83250,4
83251,13
83252,8
83253,7
83254,10
83255,9
83256,10
83257,4
83258,10
83259,8
83260,10
83261,9
83262,10
83263,11
83264,9
83265,10
83266,9
83267,11
83268,14
83269,8
83270,10
83271,11
83272,6
83273,12
83274,9
83275,6
83276,10
83277,11
83278,10
83279,11
83280,13
83281,14
83282,8
83283,10
83284,11
83285,10
83286,9
83287,10
83288,16
83289,14
83290,10
83291,8
83292,10
83293,13
83294,12
83295,13
83296,8
83297,13
83298,10
83299,12
83300,8
83301,5
83302,10
83303,10
83304,7
83305,10
83306,7
83307,15
83308,10
83309,13
83310,14
83311,7
83312,9
83313,11
83314,14
83315,5
83316,11
83317,13
83318,4
83319,7
83320,11
83321,11
83322,6
83323,8
83324,11
83325,9
83326,10
83327,9
83328,12
83329,9
83330,10
83331,11
83332,10
83333,4
83334,9
83335,12
83336,10
83337,9
83338,11
83339,8
83340,10
83341,10
83342,6
83343,7
83344,10
83345,10
83346,9
83347,13
83348,10
83349,9
83350,7
83351,14
83352,9
83353,11
83354,9
83355,16
83356,9
83357,14
83358,5
83359,11
83360,8
83361,10
83362,10
83363,11
83364,9
83365,12
83366,7
83367,11
83368,11
83369,11
83370,11
83371,12
83372,14
83373,12
83374,9
83375,10
83376,10
83377,11
83378,8
83379,8
83380,14
83381,15
83382,10
83383,8
83384,10
83385,10
83386,7
83387,6
83388,12
83389,6
83390,10
83391,11
83392,9
83393,8
83394,9
83395,7
83396,9
83397,9
83398,12
83399,9
83400,16
83401,9
83402,10
83403,12
83404,13
83405,12
83406,11
83407,13
83408,14
83409,11
83410,8
83411,10
83412,12
83413,12
83414,8
83415,15
83416,12
83417,6
83418,7
83419,12
83420,13
83421,10
83422,9
83423,9
83424,11
83425,10
83426,11
83427,10
83428,10
83429,13
83430,8
83431,13
83432,10
83433,10
83434,8
83435,9
83436,11
83437,12
83438,9
83439,10
83440,15
83441,8
83442,11
83443,14
83444,11
83445,7
83446,8
83447,5
83448,11
83449,8
83450,7
83451,13
83452,11
83453,8
83454,7
83455,11
83456,12
83457,7
83458,10
83459,11
83460,7
83461,6
83462,8
83463,11
83464,13
83465,8
83466,4
83467,11
83468,10
83469,8
83470,7
83471,9
83472,11
83473,10
83474,10
83475,7
83476,9
83477,13
83478,10
83479,8
83480,11
83481,11
83482,7
83483,10
83484,7
83485,8
83486,14
83487,9
83488,7
83489,8
83490,11
83491,12
83492,8
83493,7
83494,13
83495,11
83496,10
83497,10
83498,13
83499,11
83500,7
83501,16
83502,7
83503,11
83504,9
83505,14
83506,12
83507,13
83508,8
83509,9
83510,11
83511,10
83512,11
83513,6
83514,14
83515,13
83516,12
83517,7
83518,8
83519,11
83520,11
83521,11
83522,12
83523,7
83524,10
83525,10
83526,12
83527,9
83528,10
83529,4
83530,7
83531,7
83532,11
83533,12
83534,9
83535,12
83536,10
83537,7
83538,11
83539,10
83540,13
83541,11
83542,7
83543,10
83544,11
83545,9
83546,9
83547,9
83548,10
83549,11
83550,11
83551,9
83552,7
83553,12
83554,10
83555,12
83556,11
83557,12
83558,9
83559,10
83560,9
83561,7
83562,5
83563,12
83564,11
83565,13
83566,7
83567,6
83568,11
83569,8
83570,9
83571,9
83572,11
83573,13
83574,10
83575,10
83576,7
83577,8
83578,9
83579,10
83580,9
83581,11
83582,5
83583,9
83584,10
83585,10
83586,12
83587,9
83588,8
83589,11
83590,11
83591,7
83592,10
83593,8
83594,7
83595,11
83596,12
83597,10
83598,10
83599,10
83600,11
83601,10
83602,7
83603,9
83604,9
83605,11
83606,5
83607,11
83608,9
83609,11
83610,13
83611,9
83612,14
83613,9
83614,10
83615,7
83616,11
83617,11
83618,10
83619,10
83620,11
83621,13
83622,8
83623,8
83624,12
83625,6
83626,11
83627,11
83628,8
83629,15
83630,11
83631,7
83632,7
83633,8
83634,15
83635,8
83636,12
83637,10
83638,12
83639,12
83640,11
83641,4
83642,14
83643,13
83644,12
83645,14
83646,14
83647,11
83648,10
83649,11
83650,10
83651,12
83652,9
83653,10
83654,11
83655,6
83656,9
83657,10
83658,6
83659,11
83660,10
83661,7
83662,11
83663,10
83664,16
83665,13
83666,12
83667,14
83668,12
83669,8
83670,7
83671,12
83672,11
83673,7
83674,9
83675,10
83676,11
83677,9
83678,10
83679,11
83680,10
83681,9
83682,7
83683,8
83684,10
83685,11
83686,11
83687,8
83688,11
83689,12
83690,9
83691,9
83692,7
83693,12
83694,12
83695,10
83696,12
83697,10
83698,8
83699,8
83700,10
83701,11
83702,11
83703,8
83704,10
83705,9
83706,13
83707,9
83708,7
83709,10
83710,10
83711,8
83712,11
83713,7
83714,7
83715,7
83716,8
83717,9
83718,10
83719,10
83720,8
83721,17
83722,11
83723,13
83724,11
83725,9
83726,5
83727,13
83728,11
83729,8
83730,9
83731,10
83732,10
83733,9
83734,9
83735,11
83736,10
83737,9
83738,13
83739,9
83740,11
83741,9
83742,8
83743,14
83744,12
83745,7
83746,12
83747,12
83748,11
83749,8
83750,5
83751,14
83752,6
83753,8
83754,10
83755,8
83756,11
83757,13
83758,12
83759,11
83760,14
83761,9
83762,4
83763,13
83764,12
83765,10
83766,9
83767,11
83768,9
83769,9
83770,11
83771,16
83772,8
83773,9
83774,9
83775,8
83776,7
83777,10
83778,10
83779,13
83780,12
83781,11
83782,10
83783,11
83784,9
83785,10
83786,7
83787,9
83788,11
83789,9
83790,8
83791,13
83792,11
83793,11
83794,11
83795,10
83796,9
83797,12
83798,6
83799,9
83800,5
83801,7
83802,8
83803,9
83804,10
83805,11
83806,11
83807,13
83808,12
83809,11
83810,11
83811,9
83812,13
83813,16
83814,8
83815,9
83816,8
83817,9
83818,15
83819,10
83820,10
83821,7
83822,12
83823,8
83824,8
83825,11
83826,8
83827,10
83828,12
83829,11
83830,11
83831,7
83832,8
83833,8
83834,12
83835,11
83836,10
83837,11
83838,6
83839,15
83840,11
83841,8
83842,7
83843,6
83844,10
83845,11
83846,6
83847,10
83848,11
83849,11
83850,9
83851,10
83852,11
83853,10
83854,9
83855,12
83856,9
83857,11
83858,10
83859,11
83860,11
83861,9
83862,10
83863,10
83864,7
83865,16
83866,10
83867,9
83868,13
83869,8
83870,6
83871,7
83872,8
83873,6
83874,9
83875,11
83876,11
83877,7
83878,8
83879,10
83880,7
83881,9
83882,8
83883,16
83884,10
83885,12
83886,11
83887,10
83888,6
83889,9
83890,5
83891,9
83892,11
83893,8
83894,8
83895,10
83896,12
83897,11
83898,13
83899,13
83900,13
83901,8
83902,7
83903,14
83904,10
83905,10
83906,10
83907,9
83908,7
83909,11
83910,14
83911,5
83912,7
83913,11
83914,14
83915,9
83916,7
83917,10
83918,9
83919,9
83920,10
83921,7
83922,11
83923,8
83924,13
83925,9
83926,9
83927,11
83928,7
83929,8
83930,10
83931,11
83932,11
83933,10
83934,12
83935,9
83936,10
83937,10
83938,10
83939,10
83940,11
83941,9
83942,11
83943,11
83944,8
83945,11
83946,8
83947,9
83948,10
83949,4
83950,8
83951,9
83952,9
83953,7
83954,10
83955,10
83956,11
83957,13
83958,13
83959,5
83960,11
83961,8
83962,11
83963,8
83964,15
83965,14
83966,9
83967,11
83968,10
83969,10
83970,12
83971,14
83972,16
83973,13
83974,10
83975,10
83976,4
83977,13
83978,12
83979,10
83980,11
83981,11
83982,10
83983,8
83984,5
83985,12
83986,12
83987,10
83988,11
83989,7
83990,12
83991,5
83992,9
83993,10
83994,10
83995,10
83996,10
83997,8
83998,11
83999,13
84000,7
84001,10
84002,9
84003,5
84004,8
84005,11
84006,10
84007,6
84008,10
84009,11
84010,9
84011,7
84012,12
84013,11
84014,4
84015,7
84016,13
84017,12
84018,4
84019,6
84020,12
84021,7
84022,10
84023,11
84024,11
84025,14
84026,11
84027,11
84028,14
84029,8
84030,10
84031,9
84032,10
84033,10
84034,13
84035,10
84036,13
84037,8
84038,11
84039,15
84040,12
84041,10
84042,7
84043,10
84044,11
84045,9
84046,9
84047,6
84048,11
84049,10
84050,10
84051,12
84052,11
84053,6
84054,7
84055,8
84056,12
84057,10
84058,12
84059,10
84060,13
84061,13
84062,11
84063,8
84064,8
84065,10
84066,16
84067,8
84068,6
84069,12
84070,18
84071,8
84072,8
84073,14
84074,10
84075,11
84076,11
84077,8
84078,9
84079,6
84080,11
84081,9
84082,13
84083,6
84084,10
84085,11
84086,12
84087,10
84088,16
84089,7
84090,12
84091,10
84092,11
84093,6
84094,6
84095,9
84096,10
84097,10
84098,10
84099,9
84100,15
84101,13
84102,12
84103,11
84104,9
84105,10
84106,11
84107,14
84108,9
84109,7
84110,10
84111,7
84112,15
84113,8
84114,11
84115,10
84116,17
84117,11
84118,8
84119,10
84120,11
84121,11
84122,10
84123,15
84124,10
84125,7
84126,14
84127,12
84128,6
84129,8
84130,12
84131,8
84132,10
84133,7
84134,11
84135,11
84136,7
84137,9
84138,11
84139,16
84140,12
84141,11
84142,10
84143,10
84144,10
84145,8
84146,8
84147,12
84148,10
84149,8
84150,11
84151,6
84152,7
84153,11
84154,13
84155,11
84156,13
84157,9
84158,11
84159,8
84160,8
84161,15
84162,10
84163,13
84164,13
84165,8
84166,11
84167,9
84168,10
84169,8
84170,8
84171,11
84172,8
84173,11
84174,11
84175,5
84176,12
84177,11
84178,7
84179,8
84180,15
84181,10
84182,11
84183,7
84184,8
84185,10
84186,11
84187,8
84188,11
84189,10
84190,8
84191,7
84192,5
84193,7
84194,11
84195,12
84196,10
84197,10
84198,5
84199,12
84200,11
84201,10
84202,5
84203,12
84204,12
84205,4
84206,7
84207,8
84208,7
84209,7
84210,10
84211,12
84212,11
84213,12
84214,10
84215,13
84216,15
84217,12
84218,11
84219,10
84220,11
84221,13
84222,6
84223,10
84224,12
84225,13
84226,10
84227,10
84228,8
84229,5
84230,11
84231,9
84232,11
84233,11
84234,9
84235,12
84236,11
84237,11
84238,10
84239,12
84240,11
84241,5
84242,13
84243,10
84244,10
84245,11
84246,11
84247,9
84248,4
84249,11
84250,4
84251,6
84252,10
84253,9
84254,14
84255,9
84256,10
84257,11
84258,7
84259,11
84260,11
84261,14
84262,11
84263,10
84264,10
84265,14
84266,10
84267,12
84268,7
84269,11
84270,10
84271,14
84272,5
84273,6
84274,13
84275,8
84276,11
84277,8
84278,13
84279,11
84280,15
84281,11
84282,10
84283,12
84284,7
84285,9
84286,9
84287,11
84288,9
84289,13
84290,6
84291,9
84292,13
84293,10
84294,11
84295,9
84296,13
84297,8
84298,9
84299,10
84300,11
84301,8
84302,9
84303,8
84304,9
84305,9
84306,7
84307,7
84308,10
84309,14
84310,5
84311,12
84312,10
84313,9
84314,11
84315,14
84316,9
84317,12
84318,13
84319,8
84320,10
84321,12
84322,10
84323,10
84324,10
84325,13
84326,11
84327,11
84328,10
84329,12
84330,14
84331,10
84332,12
84333,15
84334,9
84335,12
84336,8
84337,10
84338,13
84339,9
84340,13
84341,9
84342,8
84343,10
84344,8
84345,15
84346,10
84347,9
84348,7
84349,10
84350,5
84351,9
84352,12
84353,10
84354,8
84355,7
84356,12
84357,9
84358,9
84359,12
84360,7
84361,6
84362,8
84363,10
84364,11
84365,10
84366,7
84367,10
84368,10
84369,9
84370,11
84371,11
84372,9
84373,11
84374,11
84375,8
84376,10
84377,7
84378,10
84379,10
84380,12
84381,9
84382,13
84383,11
84384,10
84385,10
84386,7
84387,13
84388,7
84389,7
84390,10
84391,13
84392,12
84393,11
84394,7
84395,11
84396,9
84397,15
84398,10
84399,8
84400,8
84401,6
84402,11
84403,6
84404,8
84405,9
84406,12
84407,11
84408,7
84409,11
84410,8
84411,8
84412,6
84413,7
84414,13
84415,8
84416,8
84417,10
84418,6
84419,9
84420,12
84421,6
84422,6
84423,10
84424,9
84425,11
84426,10
84427,11
84428,10
84429,10
84430,5
84431,14
84432,4
84433,8
84434,10
84435,11
84436,9
84437,15
84438,9
84439,8
84440,9
84441,11
84442,9
84443,8
84444,8
84445,7
84446,10
84447,10
84448,8
84449,7
84450,11
84451,11
84452,10
84453,5
84454,11
84455,11
84456,12
84457,4
84458,11
84459,15
84460,10
84461,10
84462,9
84463,6
84464,11
84465,9
84466,12
84467,10
84468,10
84469,10
84470,10
84471,9
84472,11
84473,10
84474,6
84475,8
84476,9
84477,9
84478,10
84479,9
84480,8
84481,8
84482,11
84483,11
84484,10
84485,9
84486,10
84487,8
84488,8
84489,11
84490,8
84491,9
84492,10
84493,10
84494,8
84495,6
84496,8
84497,10
84498,15
84499,10
84500,11
84501,11
84502,11
84503,11
84504,14
84505,10
84506,13
84507,12
84508,14
84509,6
84510,9
84511,10
84512,10
84513,11
84514,10
84515,7
84516,8
84517,11
84518,6
84519,12
84520,9
84521,12
84522,14
84523,8
84524,11
84525,11
84526,11
84527,14
84528,4
84529,9
84530,12
84531,10
84532,12
84533,9
84534,7
84535,7
84536,7
84537,10
84538,13
84539,11
84540,12
84541,10
84542,10
84543,12
84544,10
84545,8
84546,7
84547,5
84548,13
84549,8
84550,4
84551,9
84552,6
84553,7
84554,9
84555,9
84556,8
84557,10
84558,11
84559,6
84560,9
84561,10
84562,4
84563,13
84564,10
84565,10
84566,11
84567,10
84568,6
84569,10
84570,10
84571,10
84572,7
84573,9
84574,9
84575,9
84576,11
84577,9
84578,4
84579,11
84580,7
84581,10
84582,8
84583,11
84584,13
84585,11
84586,11
84587,8
84588,11
84589,7
84590,8
84591,10
84592,11
84593,9
84594,11
84595,10
84596,5
84597,10
84598,5
84599,4
84600,5
84601,10
84602,12
84603,10
84604,7
84605,14
84606,11
84607,11
84608,12
84609,9
84610,10
84611,9
84612,13
84613,12
84614,7
84615,12
84616,9
84617,8
84618,9
84619,16
84620,12
84621,12
84622,9
84623,10
84624,5
84625,12
84626,12
84627,11
84628,10
84629,13
84630,4
84631,11
84632,11
84633,10
84634,10
84635,14
84636,6
84637,10
84638,10
84639,13
84640,14
84641,11
84642,7
84643,10
84644,6
84645,8
84646,11
84647,8
84648,11
84649,11
84650,13
84651,12
84652,13
84653,10
84654,5
84655,13
84656,10
84657,7
84658,12
84659,10
84660,8
84661,14
84662,9
84663,11
84664,9
84665,10
84666,10
84667,12
84668,11
84669,9
84670,12
84671,10
84672,9
84673,9
84674,14
84675,11
84676,8
84677,9
84678,10
84679,8
84680,10
84681,7
84682,11
84683,11
84684,7
84685,8
84686,11
84687,5
84688,7
84689,4
84690,10
84691,9
84692,10
84693,9
84694,15
84695,9
84696,10
84697,7
84698,7
84699,5
84700,8
84701,10
84702,10
84703,7
84704,8
84705,7
84706,13
84707,8
84708,6
84709,12
84710,10
84711,10
84712,10
84713,10
84714,12
84715,9
84716,8
84717,7
84718,10
84719,8
84720,6
84721,16
84722,11
84723,10
84724,8
84725,10
84726,12
84727,10
84728,4
84729,11
84730,14
84731,14
84732,11
84733,10
84734,13
84735,14
84736,11
84737,11
84738,11
84739,10
84740,8
84741,8
84742,13
84743,12
84744,6
84745,12
84746,11
84747,10
84748,6
84749,11
84750,11
84751,8
84752,10
84753,15
84754,6
84755,8
84756,6
84757,7
84758,10
84759,12
84760,9
84761,14
84762,14
84763,7
84764,9
84765,10
84766,11
84767,10
84768,7
84769,9
84770,7
84771,11
84772,11
84773,8
84774,10
84775,13
84776,6
84777,7
84778,11
84779,10
84780,5
84781,11
84782,11
84783,8
84784,10
84785,11
84786,9
84787,11
84788,11
84789,14
84790,12
84791,8
84792,12
84793,8
84794,9
84795,13
84796,12
84797,7
84798,12
84799,9
84800,11
84801,12
84802,14
84803,10
84804,10
84805,12
84806,8
84807,11
84808,9
84809,7
84810,8
84811,7
84812,10
84813,6
84814,10
84815,12
84816,16
84817,13
84818,10
84819,10
84820,10
84821,10
84822,11
84823,8
84824,10
84825,10
84826,11
84827,11
84828,5
84829,10
84830,8
84831,6
84832,10
84833,4
84834,12
84835,11
84836,10
84837,12
84838,12
84839,9
84840,5
84841,10
84842,13
84843,12
84844,10
84845,5
84846,10
84847,6
84848,6
84849,13
84850,10
84851,10
84852,6
84853,12
84854,12
84855,9
84856,11
84857,7
84858,11
84859,12
84860,8
84861,10
84862,10
84863,6
84864,13
84865,12
84866,11
84867,10
84868,12
84869,6
84870,11
84871,11
84872,10
84873,14
84874,7
84875,10
84876,9
84877,8
84878,11
84879,11
84880,9
84881,13
84882,6
84883,10
84884,8
84885,11
84886,11
84887,10
84888,10
84889,11
84890,10
84891,9
84892,11
84893,8
84894,14
84895,10
84896,11
84897,9
84898,13
84899,4
84900,16
84901,8
84902,11
84903,12
84904,15
84905,13
84906,15
84907,12
84908,12
84909,10
84910,12
84911,13
84912,9
84913,10
84914,11
84915,14
84916,7
84917,10
84918,9
84919,8
84920,6
84921,11
84922,12
84923,7
84924,4
84925,9
84926,7
84927,6
84928,8
84929,9
84930,10
84931,10
84932,8
84933,11
84934,15
84935,10
84936,11
84937,11
84938,10
84939,10
84940,9
84941,12
84942,9
84943,6
84944,10
84945,8
84946,13
84947,6
84948,9
84949,6
84950,4
84951,7
84952,6
84953,15
84954,9
84955,15
84956,5
84957,8
84958,9
84959,11
84960,9
84961,12
84962,11
84963,7
84964,12
84965,10
84966,12
84967,10
84968,10
84969,9
84970,12
84971,11
84972,9
84973,10
84974,11
84975,11
84976,11
84977,16
84978,10
84979,8
84980,9
84981,9
84982,13
84983,7
84984,11
84985,10
84986,8
84987,9
84988,11
84989,9
84990,7
84991,10
84992,10
84993,10
84994,10
84995,8
84996,8
84997,11
84998,9
84999,5
85000,14
85001,12
85002,9
85003,10
85004,7
85005,10
85006,12
85007,11
85008,11
85009,11
85010,11
85011,5
85012,14
85013,9
85014,12
85015,11
85016,12
85017,10
85018,8
85019,12
85020,8
85021,8
85022,8
85023,8
85024,13
85025,11
85026,12
85027,12
85028,7
85029,8
85030,13
85031,9
85032,8
85033,9
85034,11
85035,6
85036,10
85037,11
85038,9
85039,7
85040,10
85041,14
85042,9
85043,11
85044,9
85045,7
85046,8
85047,12
85048,9
85049,11
85050,12
85051,7
85052,13
85053,7
85054,9
85055,10
85056,10
85057,14
85058,9
85059,11
85060,11
85061,8
85062,7
85063,12
85064,14
85065,9
85066,9
85067,8
85068,10
85069,9
85070,13
85071,14
85072,15
85073,12
85074,13
85075,9
85076,7
85077,10
85078,15
85079,6
85080,10
85081,10
85082,10
85083,8
85084,12
85085,10
85086,13
85087,10
85088,11
85089,13
85090,8
85091,9
85092,5
85093,10
85094,8
85095,6
85096,8
85097,10
85098,9
85099,12
85100,5
85101,12
85102,15
85103,11
85104,10
85105,13
85106,7
85107,11
85108,10
85109,9
85110,10
85111,8
85112,7
85113,15
85114,11
85115,9
85116,8
85117,9
85118,8
85119,11
85120,9
85121,7
85122,8
85123,11
85124,11
85125,11
85126,11
85127,10
85128,10
85129,8
85130,7
85131,13
85132,14
85133,10
85134,9
85135,6
85136,11
85137,16
85138,10
85139,10
85140,7
85141,11
85142,12
85143,12
85144,7
85145,10
85146,9
85147,14
85148,10
85149,11
85150,9
85151,7
85152,10
85153,9
85154,9
85155,7
85156,11
85157,9
85158,10
85159,9
85160,10
85161,11
85162,10
85163,8
85164,10
85165,10
85166,7
85167,16
85168,10
85169,13
85170,7
85171,9
85172,10
85173,11
85174,10
85175,12
85176,8
85177,13
85178,15
85179,11
85180,11
85181,10
85182,10
85183,11
85184,10
85185,10
85186,5
85187,11
85188,8
85189,10
85190,5
85191,9
85192,9
85193,10
85194,12
85195,14
85196,10
85197,8
85198,9
85199,12
85200,10
85201,7
85202,11
85203,10
85204,11
85205,7
85206,10
85207,7
85208,11
85209,13
85210,10
85211,8
85212,5
85213,9
85214,8
85215,10
85216,11
85217,10
85218,14
85219,11
85220,9
85221,12
85222,8
85223,9
85224,9
85225,8
85226,5
85227,6
85228,9
85229,11
85230,10
85231,8
85232,9
85233,11
85234,11
85235,10
85236,8
85237,11
85238,8
85239,7
85240,11
85241,10
85242,7
85243,11
85244,6
85245,9
85246,8
85247,11
85248,10
85249,12
85250,11
85251,15
85252,11
85253,10
85254,10
85255,7
85256,14
85257,8
85258,10
85259,11
85260,13
85261,14
85262,4
85263,10
85264,12
85265,10
85266,8
85267,12
85268,9
85269,13
85270,9
85271,6
85272,8
85273,11
85274,12
85275,11
85276,11
85277,10
85278,10
85279,11
85280,12
85281,8
85282,10
85283,11
85284,13
85285,9
85286,15
85287,7
85288,8
85289,9
85290,15
85291,10
85292,10
85293,11
85294,9
85295,11
85296,11
85297,10
85298,15
85299,10
85300,10
85301,10
85302,8
85303,11
85304,10
85305,10
85306,4
85307,10
85308,16
85309,11
85310,10
85311,9
85312,11
85313,10
85314,10
85315,14
85316,11
85317,7
85318,17
85319,10
85320,9
85321,13
85322,7
85323,10
85324,9
85325,10
85326,11
85327,11
85328,10
85329,9
85330,12
85331,7
85332,9
85333,11
85334,8
85335,13
85336,11
85337,10
85338,5
85339,9
85340,8
85341,10
85342,5
85343,12
85344,7
85345,8
85346,12
85347,11
85348,7
85349,11
85350,10
85351,9
85352,14
85353,10
85354,7
85355,10
85356,10
85357,10
85358,11
85359,11
85360,6
85361,13
85362,8
85363,11
85364,10
85365,10
85366,8
85367,11
85368,10
85369,7
85370,9
85371,12
85372,8
85373,11
85374,7
85375,11
85376,6
85377,10
85378,7
85379,12
85380,10
85381,10
85382,7
85383,11
85384,7
85385,13
85386,6
85387,7
85388,13
85389,7
85390,8
85391,10
85392,11
85393,7
85394,15
85395,10
85396,12
85397,12
85398,11
85399,10
85400,8
85401,9
85402,7
85403,13
85404,9
85405,10
85406,11
85407,12
85408,9
85409,12
85410,6
85411,10
85412,5
85413,9
85414,8
85415,10
85416,4
85417,15
85418,11
85419,11
85420,5
85421,15
85422,12
85423,6
85424,9
85425,10
85426,10
85427,11
85428,5
85429,11
85430,11
85431,5
85432,11
85433,12
85434,10
85435,10
85436,8
85437,15
85438,11
85439,12
85440,15
85441,7
85442,8
85443,14
85444,10
85445,6
85446,9
85447,10
85448,11
85449,8
85450,10
85451,10
85452,8
85453,10
85454,4
85455,11
85456,9
85457,12
85458,4
85459,13
85460,14
85461,9
85462,10
85463,9
85464,9
85465,7
85466,13
85467,11
85468,12
85469,7
85470,10
85471,7
85472,9
85473,9
85474,11
85475,13
85476,11
85477,10
85478,10
85479,9
85480,11
85481,13
85482,10
85483,9
85484,13
85485,11
85486,11
85487,9
85488,9
85489,8
85490,7
85491,7
85492,12
85493,10
85494,9
85495,13
85496,9
85497,9
85498,10
85499,10
85500,11
85501,10
85502,11
85503,10
85504,9
85505,14
85506,10
85507,6
85508,11
85509,12
85510,12
85511,8
85512,10
85513,9
85514,12
85515,7
85516,10
85517,7
85518,6
85519,7
85520,13
85521,10
85522,9
85523,10
85524,9
85525,7
85526,11
85527,11
85528,10
85529,9
85530,5
85531,7
85532,9
85533,10
85534,12
85535,10
85536,10
85537,7
85538,16
85539,12
85540,7
85541,11
85542,9
85543,8
85544,12
85545,14
85546,8
85547,12
85548,9
85549,8
85550,7
85551,10
85552,13
85553,7
85554,11
85555,10
85556,12
85557,8
85558,10
85559,7
85560,13
85561,9
85562,12
85563,8
85564,9
85565,10
85566,10
85567,11
85568,9
85569,12
85570,11
85571,8
85572,11
85573,10
85574,13
85575,10
85576,10
85577,7
85578,10
85579,13
85580,10
85581,4
85582,14
85583,13
85584,10
85585,12
85586,11
85587,11
85588,10
85589,5
85590,13
85591,9
85592,12
85593,13
85594,11
85595,7
85596,5
85597,15
85598,11
85599,4
85600,6
85601,10
85602,10
85603,7
85604,10
85605,11
85606,11
85607,5
85608,12
85609,8
85610,11
85611,8
85612,9
85613,12
85614,10
85615,13
85616,9
85617,11
85618,10
85619,11
85620,9
85621,10
85622,9
85623,9
85624,11
85625,12
85626,11
85627,7
85628,11
85629,9
85630,13
85631,8
85632,8
85633,10
85634,8
85635,10
85636,5
85637,10
85638,8
85639,10
85640,10
85641,10
85642,10
85643,12
85644,10
85645,11
85646,11
85647,14
85648,9
85649,9
85650,11
85651,7
85652,12
85653,12
85654,14
85655,9
85656,8
85657,11
85658,8
85659,9
85660,11
85661,11
85662,10
85663,11
85664,11
85665,11
85666,12
85667,8
85668,14
85669,10
85670,10
85671,6
85672,10
85673,8
85674,9
85675,11
85676,12
85677,14
85678,8
85679,7
85680,10
85681,15
85682,10
85683,10
85684,11
85685,15
85686,10
85687,7
85688,9
85689,4
85690,11
85691,12
85692,13
85693,11
85694,12
85695,10
85696,6
85697,10
85698,8
85699,9
85700,6
85701,10
85702,6
85703,10
85704,12
85705,16
85706,9
85707,9
85708,10
85709,9
85710,4
85711,10
85712,11
85713,9
85714,6
85715,11
85716,10
85717,6
85718,14
85719,7
85720,11
85721,15
85722,12
85723,10
85724,6
85725,8
85726,9
85727,12
85728,10
85729,7
85730,8
85731,9
85732,10
85733,7
85734,9
85735,6
85736,10
85737,9
85738,10
85739,10
85740,9
85741,10
85742,10
85743,12
85744,16
85745,13
85746,15
85747,7
85748,10
85749,10
85750,9
85751,11
85752,9
85753,10
85754,8
85755,10
85756,12
85757,10
85758,14
85759,12
85760,10
85761,10
85762,11
85763,7
85764,12
85765,10
85766,10
85767,10
85768,13
85769,11
85770,9
85771,11
85772,11
85773,10
85774,11
85775,8
85776,13
85777,9
85778,9
85779,5
85780,14
85781,10
85782,6
85783,9
85784,12
85785,9
85786,10
85787,12
85788,15
85789,11
85790,11
85791,14
85792,6
85793,12
85794,13
85795,10
85796,4
85797,9
85798,8
85799,10
85800,10
85801,5
85802,10
85803,10
85804,5
85805,10
85806,12
85807,9
85808,10
85809,7
85810,11
85811,10
85812,12
85813,11
85814,6
85815,10
85816,13
85817,8
85818,11
85819,12
85820,10
85821,8
85822,11
85823,12
85824,11
85825,12
85826,10
85827,10
85828,11
85829,11
85830,12
85831,10
85832,6
85833,12
85834,10
85835,9
85836,10
85837,9
85838,10
85839,12
85840,9
85841,12
85842,12
85843,11
85844,11
85845,11
85846,11
85847,9
85848,10
85849,8
85850,11
85851,12
85852,10
85853,9
85854,11
85855,10
85856,9
85857,12
85858,16
85859,9
85860,10
85861,11
85862,6
85863,7
85864,9
85865,11
85866,10
85867,10
85868,12
85869,12
85870,15
85871,12
85872,12
85873,10
85874,4
85875,11
85876,7
85877,10
85878,10
85879,8
85880,10
85881,10
85882,12
85883,10
85884,7
85885,5
85886,11
85887,11
85888,10
85889,8
85890,6
85891,9
85892,11
85893,7
85894,11
85895,10
85896,7
85897,9
85898,12
85899,8
85900,11
85901,10
85902,10
85903,13
85904,10
85905,14
85906,11
85907,15
85908,11
85909,9
85910,11
85911,7
85912,5
85913,7
85914,10
85915,14
85916,4
85917,10
85918,16
85919,13
85920,10
85921,8
85922,13
85923,12
85924,10
85925,10
85926,11
85927,9
85928,4
85929,12
85930,9
85931,9
85932,8
85933,9
85934,7
85935,9
85936,12
85937,12
85938,10
85939,12
85940,5
85941,9
85942,9
85943,6
85944,12
85945,7
85946,5
85947,11
85948,10
85949,12
85950,8
85951,11
85952,9
85953,11
85954,5
85955,10
85956,8
85957,11
85958,14
85959,11
85960,14
85961,9
85962,13
85963,8
85964,9
85965,4
85966,5
85967,8
85968,8
85969,10
85970,8
85971,10
85972,9
85973,12
85974,12
85975,9
85976,12
85977,15
85978,7
85979,6
85980,12
85981,11
85982,12
85983,9
85984,8
85985,7
85986,11
85987,10
85988,9
85989,11
85990,8
85991,10
85992,9
85993,12
85994,13
85995,8
85996,11
85997,8
85998,10
85999,9
86000,11
86001,7
86002,7
86003,6
86004,9
86005,11
86006,7
86007,11
86008,9
86009,9
86010,13
86011,8
86012,10
86013,8
86014,11
86015,11
86016,11
86017,10
86018,10
86019,6
86020,17
86021,13
86022,13
86023,7
86024,14
86025,9
86026,14
86027,12
86028,9
86029,10
86030,11
86031,10
86032,10
86033,8
86034,13
86035,10
86036,5
86037,11
86038,10
86039,7
86040,8
86041,7
86042,12
86043,6
86044,12
86045,7
86046,7
86047,9
86048,8
86049,10
86050,8
86051,12
86052,11
86053,12
86054,10
86055,8
86056,16
86057,16
86058,10
86059,11
86060,10
86061,10
86062,11
86063,10
86064,10
86065,8
86066,12
86067,9
86068,11
86069,11
86070,8
86071,8
86072,10
86073,6
86074,14
86075,8
86076,9
86077,13
86078,9
86079,10
86080,13
86081,8
86082,15
86083,8
86084,10
86085,11
86086,11
86087,13
86088,11
86089,7
86090,9
86091,10
86092,10
86093,12
86094,18
86095,11
86096,10
86097,9
86098,7
86099,10
86100,10
86101,7
86102,12
86103,9
86104,4
86105,10
86106,6
86107,7
86108,11
86109,13
86110,9
86111,8
86112,7
86113,8
86114,7
86115,13
86116,14
86117,15
86118,8
86119,6
86120,5
86121,10
86122,11
86123,6
86124,7
86125,7
86126,8
86127,10
86128,10
86129,9
86130,8
86131,10
86132,9
86133,6
86134,10
86135,10
86136,8
86137,7
86138,11
86139,11
86140,12
86141,9
86142,9
86143,10
86144,10
86145,10
86146,14
86147,10
86148,8
86149,9
86150,11
86151,10
86152,5
86153,15
86154,12
86155,9
86156,11
86157,10
86158,8
86159,12
86160,6
86161,10
86162,9
86163,12
86164,11
86165,6
86166,11
86167,12
86168,12
86169,6
86170,7
86171,9
86172,10
86173,11
86174,8
86175,10
86176,14
86177,13
86178,11
86179,7
86180,6
86181,8
86182,11
86183,6
86184,7
86185,9
86186,12
86187,9
86188,6
86189,7
86190,7
86191,9
86192,10
86193,12
86194,9
86195,8
86196,10
86197,6
86198,7
86199,10
86200,11
86201,10
86202,7
86203,10
86204,11
86205,6
86206,15
86207,9
86208,11
86209,11
86210,10
86211,10
86212,10
86213,12
86214,6
86215,5
86216,7
86217,10
86218,9
86219,11
86220,11
86221,11
86222,5
86223,9
86224,11
86225,11
86226,13
86227,7
86228,10
86229,9
86230,10
86231,12
86232,4
86233,7
86234,10
86235,12
86236,13
86237,11
86238,12
86239,11
86240,9
86241,7
86242,6
86243,10
86244,10
86245,10
86246,10
86247,11
86248,9
86249,10
86250,10
86251,12
86252,11
86253,5
86254,7
86255,5
86256,11
86257,12
86258,9
86259,14
86260,10
86261,10
86262,11
86263,11
86264,10
86265,10
86266,10
86267,9
86268,6
86269,4
86270,9
86271,11
86272,10
86273,10
86274,11
86275,13
86276,11
86277,11
86278,11
86279,8
86280,11
86281,9
86282,15
86283,9
86284,10
86285,10
86286,9
86287,7
86288,9
86289,10
86290,13
86291,11
86292,11
86293,11
86294,8
86295,9
86296,7
86297,6
86298,7
86299,11
86300,5
86301,9
86302,10
86303,10
86304,10
86305,8
86306,7
86307,10
86308,4
86309,9
86310,11
86311,11
86312,10
86313,10
86314,10
86315,7
86316,10
86317,11
86318,8
86319,10
86320,9
86321,7
86322,9
86323,10
86324,10
86325,9
86326,10
86327,11
86328,12
86329,11
86330,7
86331,10
86332,11
86333,9
86334,8
86335,8
86336,12
86337,8
86338,11
86339,11
86340,8
86341,7
86342,11
86343,9
86344,6
86345,11
86346,8
86347,10
86348,12
86349,10
86350,10
86351,13
86352,13
86353,11
86354,9
86355,16
86356,4
86357,11
86358,5
86359,6
86360,10
86361,10
86362,10
86363,11
86364,12
86365,7
86366,10
86367,10
86368,9
86369,13
86370,7
86371,8
86372,6
86373,5
86374,8
86375,14
86376,9
86377,9
86378,11
86379,10
86380,11
86381,10
86382,5
86383,12
86384,6
86385,6
86386,8
86387,13
86388,5
86389,8
86390,9
86391,8
86392,8
86393,12
86394,9
86395,10
86396,9
86397,12
86398,8
86399,6
86400,10
86401,10
86402,8
86403,12
86404,9
86405,13
86406,9
86407,6
86408,5
86409,11
86410,5
86411,9
86412,11
86413,14
86414,10
86415,10
86416,11
86417,11
86418,7
86419,11
86420,10
86421,8
86422,7
86423,12
86424,6
86425,14
86426,9
86427,11
86428,9
86429,11
86430,8
86431,14
86432,12
86433,10
86434,10
86435,11
86436,4
86437,8
86438,10
86439,10
86440,9
86441,10
86442,10
86443,13
86444,11
86445,7
86446,9
86447,11
86448,12
86449,13
86450,7
86451,11
86452,13
86453,8
86454,9
86455,10
86456,8
86457,5
86458,9
86459,8
86460,13
86461,9
86462,8
86463,10
86464,9
86465,8
86466,14
86467,10
86468,12
86469,10
86470,9
86471,9
86472,12
86473,13
86474,11
86475,11
86476,13
86477,10
86478,11
86479,7
86480,9
86481,11
86482,12
86483,9
86484,8
86485,10
86486,12
86487,8
86488,11
86489,11
86490,10
86491,4
86492,12
86493,10
86494,7
86495,10
86496,6
86497,9
86498,9
86499,10
86500,12
86501,9
86502,6
86503,13
86504,11
86505,9
86506,11
86507,11
86508,10
86509,10
86510,9
86511,10
86512,6
86513,12
86514,11
86515,8
86516,10
86517,8
86518,10
86519,11
86520,12
86521,9
86522,10
86523,10
86524,10
86525,11
86526,9
86527,7
86528,7
86529,9
86530,9
86531,10
86532,11
86533,4
86534,10
86535,12
86536,10
86537,9
86538,6
86539,9
86540,13
86541,11
86542,9
86543,7
86544,9
86545,10
86546,11
86547,11
86548,9
86549,11
86550,7
86551,7
86552,8
86553,11
86554,7
86555,5
86556,11
86557,7
86558,11
86559,10
86560,9
86561,13
86562,8
86563,10
86564,10
86565,11
86566,7
86567,8
86568,10
86569,9
86570,10
86571,9
86572,9
86573,9
86574,11
86575,10
86576,10
86577,8
86578,11
86579,5
86580,15
86581,10
86582,7
86583,5
86584,10
86585,16
86586,8
86587,6
86588,6
86589,11
86590,8
86591,11
86592,15
86593,12
86594,5
86595,10
86596,7
86597,7
86598,9
86599,11
86600,10
86601,12
86602,12
86603,11
86604,10
86605,12
86606,11
86607,15
86608,10
86609,12
86610,15
86611,10
86612,5
86613,8
86614,10
86615,8
86616,9
86617,7
86618,6
86619,9
86620,11
86621,11
86622,9
86623,9
86624,8
86625,12
86626,10
86627,9
86628,9
86629,10
86630,8
86631,11
86632,11
86633,9
86634,6
86635,8
86636,6
86637,7
86638,6
86639,7
86640,11
86641,7
86642,8
86643,10
86644,10
86645,11
86646,13
86647,9
86648,12
86649,9
86650,11
86651,10
86652,6
86653,10
86654,12
86655,10
86656,8
86657,13
86658,10
86659,8
86660,11
86661,10
86662,9
86663,9
86664,10
86665,10
86666,11
86667,10
86668,13
86669,10
86670,8
86671,9
86672,13
86673,11
86674,12
86675,9
86676,11
86677,13
86678,10
86679,10
86680,9
86681,11
86682,10
86683,9
86684,11
86685,10
86686,4
86687,11
86688,6
86689,13
86690,10
86691,10
86692,10
86693,10
86694,14
86695,8
86696,10
86697,9
86698,11
86699,8
86700,9
86701,7
86702,12
86703,9
86704,10
86705,7
86706,10
86707,5
86708,8
86709,9
86710,11
86711,12
86712,9
86713,9
86714,6
86715,7
86716,12
86717,8
86718,9
86719,11
86720,11
86721,10
86722,9
86723,13
86724,10
86725,10
86726,13
86727,11
86728,7
86729,9
86730,9
86731,12
86732,11
86733,10
86734,10
86735,13
86736,10
86737,11
86738,10
86739,11
86740,12
86741,8
86742,7
86743,5
86744,11
86745,9
86746,8
86747,7
86748,10
86749,9
86750,11
86751,10
86752,15
86753,7
86754,10
86755,10
86756,8
86757,5
86758,8
86759,11
86760,11
86761,13
86762,10
86763,11
86764,9
86765,10
86766,10
86767,8
86768,12
86769,10
86770,12
86771,13
86772,10
86773,7
86774,14
86775,4
86776,7
86777,10
86778,12
86779,9
86780,9
86781,9
86782,8
86783,10
86784,11
86785,10
86786,12
86787,10
86788,7
86789,10
86790,10
86791,11
86792,10
86793,10
86794,9
86795,11
86796,6
86797,10
86798,11
86799,15
86800,11
86801,9
86802,10
86803,8
86804,15
86805,9
86806,10
86807,12
86808,10
86809,7
86810,10
86811,6
86812,10
86813,11
86814,11
86815,11
86816,12
86817,8
86818,7
86819,10
86820,8
86821,10
86822,10
86823,10
86824,9
86825,7
86826,13
86827,13
86828,10
86829,8
86830,4
86831,10
86832,9
86833,10
86834,6
86835,10
86836,9
86837,10
86838,10
86839,12
86840,7
86841,11
86842,10
86843,11
86844,11
86845,12
86846,11
86847,10
86848,11
86849,12
86850,10
86851,14
86852,15
86853,10
86854,11
86855,10
86856,12
86857,8
86858,10
86859,12
86860,7
86861,8
86862,4
86863,10
86864,5
86865,10
86866,12
86867,9
86868,9
86869,4
86870,11
86871,10
86872,7
86873,9
86874,8
86875,8
86876,10
86877,9
86878,9
86879,10
86880,11
86881,11
86882,11
86883,12
86884,8
86885,9
86886,10
86887,10
86888,11
86889,9
86890,9
86891,10
86892,12
86893,12
86894,15
86895,7
86896,11
86897,8
86898,10
86899,12
86900,7
86901,10
86902,12
86903,10
86904,14
86905,8
86906,10
86907,11
86908,8
86909,11
86910,6
86911,9
86912,10
86913,7
86914,6
86915,7
86916,12
86917,9
86918,12
86919,11
86920,10
86921,12
86922,10
86923,10
86924,7
86925,13
86926,8
86927,11
86928,11
86929,8
86930,5
86931,8
86932,10
86933,10
86934,7
86935,11
86936,6
86937,6
86938,10
86939,11
86940,10
86941,9
86942,10
86943,10
86944,7
86945,12
86946,11
86947,12
86948,10
86949,6
86950,11
86951,10
86952,12
86953,11
86954,9
86955,10
86956,11
86957,8
86958,11
86959,7
86960,10
86961,10
86962,11
86963,12
86964,10
86965,10
86966,13
86967,13
86968,9
86969,8
86970,10
86971,10
86972,9
86973,16
86974,10
86975,8
86976,10
86977,11
86978,14
86979,12
86980,10
86981,10
86982,12
86983,12
86984,12
86985,7
86986,10
86987,7
86988,14
86989,7
86990,7
86991,6
86992,11
86993,7
86994,12
86995,8
86996,11
86997,10
86998,6
86999,14
87000,10
87001,9
87002,10
87003,9
87004,11
87005,7
87006,12
87007,12
87008,8
87009,7
87010,7
87011,9
87012,9
87013,14
87014,5
87015,13
87016,10
87017,9
87018,10
87019,9
87020,11
87021,12
87022,11
87023,12
87024,15
87025,12
87026,11
87027,9
87028,7
87029,9
87030,9
87031,4
87032,10
87033,13
87034,10
87035,12
87036,7
87037,9
87038,7
87039,14
87040,6
87041,10
87042,11
87043,6
87044,15
87045,15
87046,9
87047,8
87048,11
87049,9
87050,14
87051,6
87052,10
87053,10
87054,10
87055,11
87056,8
87057,10
87058,7
87059,10
87060,4
87061,7
87062,8
87063,9
87064,9
87065,5
87066,6
87067,11
87068,6
87069,11
87070,9
87071,10
87072,11
87073,7
87074,8
87075,11
87076,11
87077,12
87078,9
87079,10
87080,13
87081,11
87082,12
87083,11
87084,9
87085,11
87086,11
87087,12
87088,13
87089,10
87090,8
87091,7
87092,12
87093,5
87094,10
87095,10
87096,10
87097,10
87098,6
87099,8
87100,10
87101,10
87102,9
87103,11
87104,11
87105,10
87106,7
87107,10
87108,8
87109,9
87110,9
87111,9
87112,4
87113,11
87114,9
87115,10
87116,12
87117,10
87118,10
87119,8
87120,6
87121,10
87122,9
87123,10
87124,10
87125,11
87126,10
87127,10
87128,5
87129,15
87130,10
87131,14
87132,12
87133,6
87134,10
87135,11
87136,5
87137,10
87138,10
87139,10
87140,10
87141,10
87142,12
87143,11
87144,8
87145,9
87146,10
87147,10
87148,7
87149,5
87150,10
87151,10
87152,9
87153,9
87154,13
87155,10
87156,12
87157,10
87158,12
87159,9
87160,5
87161,11
87162,11
87163,12
87164,10
87165,8
87166,11
87167,12
87168,11
87169,11
87170,9
87171,5
87172,9
87173,10
87174,9
87175,8
87176,12
87177,11
87178,8
87179,11
87180,6
87181,9
87182,10
87183,7
87184,16
87185,9
87186,7
87187,11
87188,10
87189,10
87190,4
87191,9
87192,8
87193,10
87194,11
87195,13
87196,6
87197,11
87198,10
87199,11
87200,8
87201,9
87202,9
87203,11
87204,8
87205,12
87206,10
87207,9
87208,10
87209,6
87210,5
87211,9
87212,12
87213,6
87214,8
87215,10
87216,9
87217,10
87218,9
87219,7
87220,9
87221,11
87222,8
87223,10
87224,9
87225,10
87226,13
87227,11
87228,8
87229,5
87230,10
87231,8
87232,14
87233,11
87234,9
87235,11
87236,16
87237,7
87238,10
87239,11
87240,6
87241,11
87242,10
87243,9
87244,12
87245,12
87246,8
87247,5
87248,13
87249,8
87250,11
87251,12
87252,11
87253,7
87254,10
87255,8
87256,7
87257,8
87258,12
87259,10
87260,12
87261,11
87262,9
87263,9
87264,8
87265,7
87266,8
87267,13
87268,10
87269,14
87270,9
87271,13
87272,10
87273,7
87274,11
87275,14
87276,10
87277,11
87278,8
87279,11
87280,9
87281,11
87282,9
87283,6
87284,8
87285,10
87286,10
87287,10
87288,9
87289,8
87290,10
87291,10
87292,10
87293,11
87294,14
87295,9
87296,10
87297,13
87298,5
87299,9
87300,10
87301,11
87302,8
87303,10
87304,11
87305,12
87306,8
87307,8
87308,9
87309,10
87310,5
87311,9
87312,8
87313,12
87314,8
87315,9
87316,8
87317,9
87318,9
87319,6
87320,11
87321,8
87322,11
87323,12
87324,9
87325,12
87326,13
87327,9
87328,11
87329,9
87330,14
87331,15
87332,6
87333,13
87334,8
87335,10
87336,9
87337,10
87338,10
87339,6
87340,14
87341,6
87342,12
87343,11
87344,7
87345,15
87346,7
87347,9
87348,11
87349,10
87350,11
87351,12
87352,10
87353,13
87354,11
87355,7
87356,12
87357,14
87358,10
87359,12
87360,11
87361,12
87362,8
87363,10
87364,6
87365,9
87366,10
87367,11
87368,14
87369,8
87370,6
87371,10
87372,8
87373,10
87374,14
87375,6
87376,10
87377,8
87378,7
87379,9
87380,13
87381,8
87382,9
87383,10
87384,10
87385,6
87386,8
87387,11
87388,9
87389,12
87390,9
87391,10
87392,10
87393,10
87394,11
87395,10
87396,12
87397,9
87398,10
87399,9
87400,15
87401,15
87402,10
87403,8
87404,9
87405,15
87406,7
87407,7
87408,10
87409,4
87410,10
87411,11
87412,9
87413,11
87414,9
87415,6
87416,9
87417,9
87418,9
87419,11
87420,9
87421,10
87422,9
87423,11
87424,11
87425,10
87426,12
87427,11
87428,7
87429,12
87430,11
87431,8
87432,9
87433,10
87434,12
87435,11
87436,10
87437,8
87438,5
87439,9
87440,8
87441,7
87442,10
87443,5
87444,6
87445,11
87446,8
87447,5
87448,8
87449,8
87450,10
87451,15
87452,9
87453,8
87454,16
87455,11
87456,11
87457,12
87458,10
87459,9
87460,9
87461,10
87462,11
87463,10
87464,12
87465,10
87466,8
87467,9
87468,9
87469,6
87470,13
87471,10
87472,13
87473,10
87474,11
87475,11
87476,9
87477,12
87478,10
87479,12
87480,9
87481,14
87482,10
87483,9
87484,7
87485,6
87486,12
87487,9
87488,10
87489,10
87490,9
87491,12
87492,10
87493,8
87494,10
87495,5
87496,14
87497,5
87498,11
87499,14
87500,7
87501,10
87502,7
87503,6
87504,8
87505,7
87506,9
87507,10
87508,13
87509,9
87510,10
87511,8
87512,11
87513,9
87514,12
87515,9
87516,13
87517,6
87518,8
87519,8
87520,9
87521,7
87522,13
87523,11
87524,9
87525,6
87526,14
87527,8
87528,11
87529,11
87530,11
87531,9
87532,6
87533,10
87534,12
87535,13
87536,14
87537,6
87538,7
87539,11
87540,7
87541,9
87542,11
87543,7
87544,9
87545,14
87546,6
87547,11
87548,12
87549,10
87550,15
87551,11
87552,9
87553,8
87554,10
87555,10
87556,10
87557,8
87558,6
87559,11
87560,10
87561,5
87562,11
87563,7
87564,9
87565,12
87566,9
87567,8
87568,12
87569,7
87570,9
87571,9
87572,14
87573,9
87574,14
87575,12
87576,13
87577,15
87578,9
87579,10
87580,10
87581,7
87582,11
87583,7
87584,7
87585,5
87586,10
87587,5
87588,14
87589,6
87590,12
87591,11
87592,10
87593,6
87594,9
87595,17
87596,10
87597,10
87598,10
87599,7
87600,13
87601,7
87602,9
87603,12
87604,11
87605,13
87606,4
87607,10
87608,9
87609,13
87610,8
87611,10
87612,8
87613,7
87614,9
87615,15
87616,8
87617,11
87618,11
87619,15
87620,10
87621,14
87622,10
87623,9
87624,10
87625,13
87626,13
87627,10
87628,11
87629,7
87630,7
87631,10
87632,10
87633,10
87634,10
87635,12
87636,10
87637,11
87638,10
87639,11
87640,12
87641,10
87642,12
87643,8
87644,10
87645,12
87646,13
87647,8
87648,7
87649,8
87650,9
87651,7
87652,10
87653,11
87654,7
87655,9
87656,7
87657,10
87658,10
87659,10
87660,12
87661,10
87662,10
87663,10
87664,10
87665,9
87666,11
87667,8
87668,15
87669,10
87670,9
87671,9
87672,11
87673,13
87674,10
87675,9
87676,12
87677,10
87678,11
87679,6
87680,10
87681,5
87682,11
87683,8
87684,13
87685,15
87686,17
87687,11
87688,10
87689,13
87690,12
87691,10
87692,12
87693,4
87694,10
87695,8
87696,10
87697,7
87698,8
87699,7
87700,9
87701,9
87702,12
87703,12
87704,11
87705,12
87706,10
87707,10
87708,9
87709,7
87710,10
87711,10
87712,11
87713,11
87714,7
87715,8
87716,7
87717,6
87718,8
87719,8
87720,8
87721,10
87722,11
87723,13
87724,9
87725,8
87726,11
87727,10
87728,10
87729,10
87730,9
87731,7
87732,9
87733,7
87734,10
87735,10
87736,13
87737,10
87738,9
87739,11
87740,15
87741,11
87742,12
87743,8
87744,9
87745,5
87746,11
87747,8
87748,12
87749,8
87750,11
87751,10
87752,9
87753,7
87754,10
87755,10
87756,8
87757,7
87758,9
87759,6
87760,8
87761,11
87762,7
87763,9
87764,11
87765,10
87766,10
87767,9
87768,7
87769,6
87770,12
87771,9
87772,11
87773,13
87774,8
87775,11
87776,10
87777,6
87778,9
87779,10
87780,12
87781,7
87782,7
87783,13
87784,10
87785,7
87786,12
87787,11
87788,9
87789,6
87790,10
87791,8
87792,9
87793,10
87794,9
87795,10
87796,10
87797,11
87798,10
87799,9
87800,8
87801,11
87802,13
87803,10
87804,12
87805,11
87806,10
87807,10
87808,10
87809,11
87810,6
87811,11
87812,13
87813,5
87814,10
87815,8
87816,6
87817,11
87818,10
87819,9
87820,9
87821,12
87822,10
87823,9
87824,10
87825,5
87826,11
87827,12
87828,11
87829,10
87830,8
87831,9
87832,10
87833,11
87834,13
87835,10
87836,5
87837,10
87838,11
87839,11
87840,11
87841,14
87842,12
87843,11
87844,5
87845,9
87846,11
87847,9
87848,8
87849,10
87850,10
87851,7
87852,8
87853,9
87854,5
87855,12
87856,7
87857,11
87858,10
87859,10
87860,9
87861,11
87862,13
87863,13
87864,8
87865,9
87866,13
87867,10
87868,10
87869,9
87870,13
87871,17
87872,15
87873,8
87874,9
87875,10
87876,12
87877,10
87878,11
87879,11
87880,9
87881,6
87882,10
87883,9
87884,9
87885,13
87886,15
87887,7
87888,10
87889,10
87890,11
87891,10
87892,7
87893,7
87894,10
87895,9
87896,7
87897,9
87898,13
87899,10
87900,10
87901,8
87902,10
87903,7
87904,11
87905,12
87906,10
87907,11
87908,9
87909,12
87910,10
87911,13
87912,10
87913,11
87914,16
87915,10
87916,12
87917,6
87918,8
87919,6
87920,11
87921,6
87922,10
87923,11
87924,9
87925,10
87926,6
87927,7
87928,11
87929,12
87930,7
87931,11
87932,14
87933,9
87934,14
87935,7
87936,8
87937,9
87938,10
87939,12
87940,11
87941,12
87942,11
87943,6
87944,9
87945,8
87946,9
87947,11
87948,8
87949,11
87950,10
87951,12
87952,11
87953,10
87954,11
87955,10
87956,7
87957,12
87958,10
87959,8
87960,9
87961,5
87962,12
87963,10
87964,10
87965,8
87966,11
87967,7
87968,7
87969,10
87970,14
87971,10
87972,11
87973,9
87974,8
87975,14
87976,8
87977,7
87978,15
87979,9
87980,13
87981,10
87982,6
87983,5
87984,15
87985,10
87986,11
87987,11
87988,10
87989,4
87990,12
87991,10
87992,7
87993,6
87994,10
87995,9
87996,6
87997,14
87998,7
87999,10
88000,7
88001,14
88002,13
88003,10
88004,10
88005,10
88006,11
88007,12
88008,4
88009,10
88010,10
88011,11
88012,7
88013,6
88014,11
88015,10
88016,11
88017,10
88018,8
88019,9
88020,6
88021,10
88022,9
88023,10
88024,7
88025,6
88026,11
88027,7
88028,10
88029,11
88030,10
88031,8
88032,7
88033,12
88034,7
88035,11
88036,13
88037,10
88038,8
88039,11
88040,7
88041,13
88042,11
88043,10
88044,10
88045,9
88046,10
88047,12
88048,10
88049,12
88050,7
88051,10
88052,10
88053,5
88054,9
88055,8
88056,10
88057,8
88058,10
88059,4
88060,10
88061,10
88062,12
88063,7
88064,9
88065,10
88066,12
88067,15
88068,12
88069,12
88070,11
88071,11
88072,11
88073,10
88074,8
88075,14
88076,9
88077,10
88078,10
88079,8
88080,8
88081,13
88082,11
88083,11
88084,7
88085,12
88086,8
88087,8
88088,13
88089,5
88090,7
88091,12
88092,9
88093,8
88094,10
88095,7
88096,7
88097,11
88098,6
88099,11
88100,9
88101,10
88102,16
88103,9
88104,6
88105,9
88106,12
88107,11
88108,6
88109,13
88110,9
88111,10
88112,7
88113,10
88114,6
88115,10
88116,10
88117,7
88118,6
88119,12
88120,7
88121,13
88122,10
88123,11
88124,7
88125,9
88126,6
88127,11
88128,7
88129,9
88130,10
88131,10
88132,13
88133,12
88134,12
88135,7
88136,10
88137,8
88138,10
88139,8
88140,9
88141,10
88142,12
88143,8
88144,5
88145,11
88146,10
88147,8
88148,11
88149,6
88150,9
88151,11
88152,9
88153,15
88154,9
88155,11
88156,6
88157,7
88158,7
88159,6
88160,8
88161,8
88162,6
88163,12
88164,9
88165,12
88166,8
88167,10
88168,12
88169,11
88170,13
88171,10
88172,10
88173,11
88174,10
88175,10
88176,8
88177,12
88178,17
88179,13
88180,6
88181,10
88182,9
88183,12
88184,10
88185,9
88186,12
88187,14
88188,10
88189,5
88190,11
88191,10
88192,7
88193,11
88194,12
88195,15
88196,10
88197,15
88198,8
88199,10
88200,9
88201,11
88202,11
88203,9
88204,9
88205,9
88206,11
88207,9
88208,9
88209,10
88210,10
88211,11
88212,8
88213,7
88214,9
88215,10
88216,14
88217,11
88218,9
88219,8
88220,12
88221,10
88222,8
88223,12
88224,10
88225,10
88226,11
88227,10
88228,8
88229,5
88230,16
88231,11
88232,10
88233,11
88234,12
88235,12
88236,13
88237,11
88238,4
88239,11
88240,10
88241,13
88242,8
88243,13
88244,9
88245,10
88246,5
88247,8
88248,11
88249,6
88250,9
88251,9
88252,5
88253,12
88254,9
88255,7
88256,10
88257,12
88258,6
88259,13
88260,4
88261,11
88262,12
88263,9
88264,11
88265,8
88266,8
88267,11
88268,9
88269,11
88270,9
88271,7
88272,10
88273,8
88274,10
88275,12
88276,11
88277,11
88278,11
88279,6
88280,11
88281,9
88282,10
88283,10
88284,10
88285,6
88286,13
88287,6
88288,11
88289,10
88290,12
88291,11
88292,6
88293,11
88294,12
88295,10
88296,13
88297,8
88298,8
88299,13
88300,6
88301,13
88302,9
88303,11
88304,12
88305,4
88306,10
88307,9
88308,12
88309,11
88310,9
88311,11
88312,8
88313,14
88314,11
88315,13
88316,9
88317,11
88318,4
88319,12
88320,9
88321,15
88322,9
88323,10
88324,10
88325,11
88326,9
88327,12
88328,6
88329,10
88330,6
88331,10
88332,8
88333,6
88334,9
88335,13
88336,11
88337,6
88338,8
88339,9
88340,10
88341,13
88342,10
88343,11
88344,12
88345,11
88346,12
88347,9
88348,14
88349,7
88350,11
88351,6
88352,7
88353,10
88354,11
88355,8
88356,13
88357,10
88358,10
88359,7
88360,9
88361,8
88362,8
88363,12
88364,16
88365,10
88366,12
88367,11
88368,12
88369,7
88370,7
88371,11
88372,11
88373,9
88374,11
88375,10
88376,9
88377,13
88378,10
88379,10
88380,9
88381,9
88382,9
88383,17
88384,13
88385,11
88386,7
88387,10
88388,11
88389,11
88390,9
88391,8
88392,11
88393,7
88394,8
88395,6
88396,9
88397,13
88398,11
88399,10
88400,16
88401,9
88402,11
88403,7
88404,11
88405,11
88406,11
88407,9
88408,9
88409,10
88410,10
88411,12
88412,6
88413,4
88414,10
88415,6
88416,8
88417,13
88418,10
88419,10
88420,13
88421,10
88422,9
88423,8
88424,8
88425,7
88426,12
88427,15
88428,11
88429,9
88430,6
88431,8
88432,7
88433,9
88434,8
88435,14
88436,9
88437,8
88438,7
88439,14
88440,14
88441,11
88442,10
88443,9
88444,14
88445,10
88446,10
88447,13
88448,10
88449,8
88450,10
88451,12
88452,9
88453,11
88454,9
88455,11
88456,13
88457,4
88458,5
88459,11
88460,10
88461,12
88462,7
88463,12
88464,12
88465,9
88466,10
88467,10
88468,15
88469,6
88470,10
88471,15
88472,8
88473,9
88474,10
88475,10
88476,7
88477,9
88478,7
88479,11
88480,9
88481,10
88482,11
88483,10
88484,8
88485,11
88486,11
88487,10
88488,8
88489,11
88490,11
88491,8
88492,8
88493,12
88494,9
88495,11
88496,15
88497,9
88498,8
88499,12
88500,8
88501,8
88502,6
88503,11
88504,8
88505,9
88506,6
88507,14
88508,7
88509,11
88510,5
88511,10
88512,10
88513,10
88514,9
88515,10
88516,10
88517,10
88518,9
88519,7
88520,12
88521,9
88522,12
88523,10
88524,11
88525,6
88526,12
88527,8
88528,14
88529,11
88530,10
88531,15
88532,8
88533,7
88534,10
88535,10
88536,12
88537,9
88538,10
88539,10
88540,9
88541,10
88542,9
88543,13
88544,11
88545,10
88546,15
88547,9
88548,12
88549,12
88550,10
88551,10
88552,8
88553,14
88554,11
88555,9
88556,12
88557,12
88558,11
88559,9
88560,10
88561,9
88562,9
88563,6
88564,8
88565,14
88566,11
88567,7
88568,7
88569,11
88570,11
88571,10
88572,9
88573,8
88574,12
88575,8
88576,9
88577,12
88578,11
88579,9
88580,8
88581,10
88582,9
88583,10
88584,10
88585,7
88586,10
88587,10
88588,6
88589,9
88590,10
88591,8
88592,9
88593,6
88594,10
88595,11
88596,11
88597,11
88598,4
88599,11
88600,4
88601,11
88602,6
88603,8
88604,12
88605,11
88606,7
88607,11
88608,13
88609,7
88610,10
88611,8
88612,9
88613,8
88614,10
88615,6
88616,8
88617,6
88618,10
88619,12
88620,12
88621,9
88622,11
88623,10
88624,9
88625,12
88626,10
88627,7
88628,9
88629,8
88630,11
88631,13
88632,11
88633,11
88634,10
88635,4
88636,14
88637,7
88638,10
88639,11
88640,12
88641,12
88642,10
88643,15
88644,11
88645,5
88646,15
88647,15
88648,9
88649,9
88650,8
88651,4
88652,6
88653,11
88654,6
88655,11
88656,10
88657,12
88658,10
88659,10
88660,10
88661,8
88662,11
88663,11
88664,11
88665,6
88666,7
88667,13
88668,10
88669,13
88670,13
88671,14
88672,10
88673,8
88674,10
88675,9
88676,10
88677,10
88678,11
88679,11
88680,10
88681,10
88682,11
88683,9
88684,7
88685,13
88686,7
88687,5
88688,17
88689,7
88690,11
88691,11
88692,4
88693,11
88694,7
88695,13
88696,11
88697,8
88698,12
88699,9
88700,11
88701,9
88702,12
88703,10
88704,6
88705,9
88706,10
88707,14
88708,6
88709,9
88710,8
88711,13
88712,9
88713,9
88714,10
88715,11
88716,7
88717,8
88718,7
88719,6
88720,8
88721,11
88722,10
88723,9
88724,14
88725,10
88726,13
88727,11
88728,16
88729,10
88730,12
88731,11
88732,9
88733,11
88734,12
88735,6
88736,9
88737,13
88738,6
88739,10
88740,7
88741,10
88742,9
88743,11
88744,10
88745,11
88746,12
88747,8
88748,14
88749,10
88750,11
88751,7
88752,9
88753,13
88754,6
88755,11
88756,13
88757,13
88758,10
88759,7
88760,12
88761,8
88762,8
88763,8
88764,14
88765,12
88766,9
88767,10
88768,9
88769,13
88770,11
88771,12
88772,8
88773,8
88774,10
88775,8
88776,11
88777,10
88778,6
88779,7
88780,7
88781,10
88782,16
88783,10
88784,5
88785,10
88786,16
88787,11
88788,7
88789,14
88790,6
88791,9
88792,10
88793,11
88794,12
88795,9
88796,8
88797,8
88798,10
88799,11
88800,8
88801,13
88802,13
88803,12
88804,10
88805,7
88806,11
88807,12
88808,12
88809,5
88810,11
88811,8
88812,10
88813,10
88814,11
88815,9
88816,12
88817,9
88818,6
88819,8
88820,8
88821,11
88822,11
88823,9
88824,11
88825,16
88826,12
88827,10
88828,10
88829,15
88830,10
88831,11
88832,10
88833,7
88834,10
88835,11
88836,10
88837,13
88838,10
88839,8
88840,6
88841,4
88842,9
88843,7
88844,10
88845,10
88846,10
88847,13
88848,5
88849,10
88850,9
88851,16
88852,7
88853,12
88854,10
88855,10
88856,12
88857,7
88858,5
88859,8
88860,12
88861,10
88862,10
88863,12
88864,10
88865,12
88866,7
88867,9
88868,10
88869,11
88870,8
88871,11
88872,5
88873,8
88874,16
88875,11
88876,5
88877,9
88878,11
88879,6
88880,10
88881,11
88882,9
88883,10
88884,10
88885,14
88886,9
88887,8
88888,7
88889,7
88890,6
88891,11
88892,9
88893,11
88894,12
88895,4
88896,12
88897,10
88898,7
88899,11
88900,11
88901,10
88902,7
88903,11
88904,14
88905,10
88906,8
88907,10
88908,10
88909,10
88910,10
88911,4
88912,5
88913,15
88914,10
88915,10
88916,12
88917,11
88918,9
88919,13
88920,6
88921,11
88922,7
88923,10
88924,4
88925,10
88926,7
88927,10
88928,11
88929,10
88930,12
88931,11
88932,5
88933,11
88934,11
88935,4
88936,9
88937,10
88938,8
88939,8
88940,5
88941,10
88942,11
88943,6
88944,10
88945,12
88946,9
88947,8
88948,8
88949,11
88950,11
88951,13
88952,7
88953,11
88954,10
88955,12
88956,8
88957,8
88958,8
88959,10
88960,14
88961,10
88962,12
88963,12
88964,10
88965,13
88966,7
88967,14
88968,9
88969,11
88970,10
88971,10
88972,13
88973,10
88974,10
88975,7
88976,10
88977,5
88978,10
88979,10
88980,6
88981,8
88982,9
88983,6
88984,10
88985,7
88986,5
88987,10
88988,10
88989,12
88990,14
88991,11
88992,7
88993,8
88994,6
88995,10
88996,11
88997,10
88998,12
88999,9
89000,14
89001,11
89002,9
89003,8
89004,16
89005,10
89006,10
89007,11
89008,11
89009,13
89010,8
89011,10
89012,11
89013,14
89014,10
89015,11
89016,10
89017,11
89018,14
89019,11
89020,10
89021,10
89022,6
89023,11
89024,10
89025,11
89026,7
89027,8
89028,10
89029,8
89030,8
89031,11
89032,10
89033,7
89034,11
89035,9
89036,10
89037,13
89038,7
89039,10
89040,8
89041,10
89042,9
89043,11
89044,11
89045,9
89046,10
89047,10
89048,6
89049,10
89050,9
89051,9
89052,11
89053,9
89054,7
89055,10
89056,9
89057,13
89058,14
89059,13
89060,11
89061,11
89062,13
89063,9
89064,8
89065,8
89066,11
89067,9
89068,11
89069,8
89070,10
89071,12
89072,9
89073,12
89074,9
89075,8
89076,10
89077,10
89078,8
89079,12
89080,9
89081,7
89082,11
89083,5
89084,9
89085,7
89086,5
89087,4
89088,6
89089,9
89090,9
89091,8
89092,9
89093,8
89094,16
89095,12
89096,9
89097,9
89098,14
89099,9
89100,10
89101,10
89102,12
89103,8
89104,11
89105,15
89106,10
89107,6
89108,9
89109,7
89110,7
89111,11
89112,13
89113,14
89114,9
89115,10
89116,12
89117,10
89118,12
89119,10
89120,11
89121,10
89122,7
89123,11
89124,13
89125,12
89126,9
89127,12
89128,14
89129,10
89130,11
89131,6
89132,8
89133,10
89134,11
89135,11
89136,10
89137,9
89138,10
89139,11
89140,13
89141,12
89142,9
89143,12
89144,14
89145,8
89146,13
89147,4
89148,15
89149,10
89150,9
89151,8
89152,11
89153,7
89154,8
89155,8
89156,12
89157,5
89158,11
89159,12
89160,13
89161,9
89162,5
89163,11
89164,12
89165,12
89166,12
89167,7
89168,12
89169,9
89170,5
89171,10
89172,6
89173,11
89174,6
89175,10
89176,11
89177,11
89178,5
89179,13
89180,7
89181,9
89182,10
89183,4
89184,5
89185,10
89186,9
89187,10
89188,10
89189,12
89190,8
89191,6
89192,10
89193,5
89194,9
89195,12
89196,6
89197,6
89198,9
89199,13
89200,7
89201,9
89202,7
89203,7
89204,9
89205,9
89206,9
89207,14
89208,9
89209,11
89210,12
89211,10
89212,10
89213,14
89214,11
89215,11
89216,8
89217,10
89218,14
89219,11
89220,6
89221,12
89222,13
89223,5
89224,8
89225,10
89226,11
89227,13
89228,10
89229,12
89230,6
89231,10
89232,10
89233,7
89234,13
89235,9
89236,10
89237,13
89238,7
89239,11
89240,8
89241,11
89242,13
89243,7
89244,8
89245,12
89246,5
89247,11
89248,14
89249,14
89250,7
89251,7
89252,7
89253,9
89254,11
89255,11
89256,5
89257,6
89258,12
89259,11
89260,13
89261,11
89262,7
89263,11
89264,10
89265,11
89266,9
89267,5
89268,14
89269,12
89270,13
89271,10
89272,8
89273,8
89274,9
89275,11
89276,10
89277,5
89278,9
89279,9
89280,11
89281,10
89282,11
89283,13
89284,9
89285,10
89286,7
89287,11
89288,11
89289,10
89290,9
89291,11
89292,9
89293,10
89294,11
89295,12
89296,10
89297,10
89298,8
89299,9
89300,9
89301,8
89302,12
89303,7
89304,12
89305,6
89306,10
89307,9
89308,10
89309,11
89310,9
89311,8
89312,10
89313,9
89314,13
89315,4
89316,9
89317,10
89318,11
89319,11
89320,11
89321,14
89322,11
89323,11
89324,6
89325,8
89326,11
89327,10
89328,8
89329,6
89330,7
89331,6
89332,10
89333,13
89334,9
89335,9
89336,11
89337,8
89338,9
89339,11
89340,15
89341,8
89342,9
89343,9
89344,11
89345,6
89346,8
89347,8
89348,10
89349,12
89350,10
89351,9
89352,10
89353,10
89354,16
89355,5
89356,6
89357,6
89358,10
89359,11
89360,7
89361,11
89362,10
89363,10
89364,10
89365,12
89366,9
89367,8
89368,5
89369,11
89370,11
89371,8
89372,9
89373,8
89374,11
89375,11
89376,11
89377,11
89378,9
89379,10
89380,9
89381,10
89382,7
89383,8
89384,8
89385,8
89386,11
89387,8
89388,10
89389,9
89390,9
89391,9
89392,9
89393,12
89394,10
89395,9
89396,7
89397,11
89398,12
89399,9
89400,9
89401,12
89402,9
89403,9
89404,15
89405,8
89406,13
89407,10
89408,10
89409,9
89410,12
89411,9
89412,9
89413,10
89414,8
89415,10
89416,8
89417,4
89418,8
89419,8
89420,14
89421,8
89422,10
89423,10
89424,10
89425,8
89426,11
89427,8
89428,7
89429,10
89430,11
89431,5
89432,10
89433,6
89434,11
89435,10
89436,7
89437,7
89438,9
89439,16
89440,6
89441,12
89442,11
89443,10
89444,7
89445,8
89446,10
89447,12
89448,5
89449,10
89450,9
89451,10
89452,10
89453,8
89454,8
89455,6
89456,10
89457,11
89458,10
89459,11
89460,11
89461,11
89462,11
89463,10
89464,12
89465,10
89466,12
89467,11
89468,9
89469,7
89470,12
89471,12
89472,8
89473,10
89474,10
89475,7
89476,7
89477,13
89478,9
89479,5
89480,10
89481,9
89482,5
89483,10
89484,10
89485,9
89486,8
89487,10
89488,6
89489,12
89490,8
89491,10
89492,12
89493,5
89494,10
89495,11
89496,7
89497,9
89498,9
89499,9
89500,9
89501,8
89502,8
89503,10
89504,7
89505,11
89506,12
89507,10
89508,10
89509,9
89510,10
89511,13
89512,8
89513,15
89514,9
89515,9
89516,11
89517,8
89518,9
89519,11
89520,14
89521,12
89522,14
89523,12
89524,13
89525,12
89526,9
89527,10
89528,9
89529,13
89530,8
89531,8
89532,7
89533,8
89534,12
89535,9
89536,8
89537,7
89538,10
89539,6
89540,14
89541,8
89542,10
89543,10
89544,10
89545,12
89546,7
89547,10
89548,11
89549,11
89550,11
89551,12
89552,11
89553,11
89554,6
89555,10
89556,4
89557,10
89558,14
89559,16
89560,7
89561,10
89562,10
89563,10
89564,11
89565,11
89566,15
89567,4
89568,14
89569,7
89570,8
89571,10
89572,10
89573,16
89574,10
89575,11
89576,9
89577,7
89578,9
89579,10
89580,9
89581,10
89582,15
89583,13
89584,11
89585,8
89586,8
89587,11
89588,12
89589,14
89590,10
89591,9
89592,10
89593,9
89594,10
89595,8
89596,6
89597,8
89598,6
89599,10
89600,10
89601,9
89602,13
89603,10
89604,13
89605,10
89606,9
89607,9
89608,12
89609,6
89610,8
89611,11
89612,12
89613,12
89614,4
89615,11
89616,7
89617,6
89618,6
89619,10
89620,9
89621,12
89622,12
89623,9
89624,9
89625,15
89626,4
89627,12
89628,8
89629,9
89630,5
89631,9
89632,8
89633,12
89634,11
89635,9
89636,9
89637,8
89638,10
89639,10
89640,9
89641,8
89642,10
89643,9
89644,6
89645,9
89646,12
89647,11
89648,6
89649,5
89650,12
89651,10
89652,11
89653,10
89654,15
89655,11
89656,7
89657,7
89658,10
89659,7
89660,9
89661,5
89662,15
89663,9
89664,10
89665,12
89666,16
89667,14
89668,12
89669,7
89670,9
89671,12
89672,11
89673,11
89674,11
89675,10
89676,5
89677,8
89678,8
89679,10
89680,10
89681,9
89682,7
89683,7
89684,8
89685,9
89686,11
89687,10
89688,10
89689,9
89690,6
89691,10
89692,8
89693,11
89694,9
89695,13
89696,16
89697,10
89698,14
89699,8
89700,8
89701,11
89702,12
89703,9
89704,9
89705,12
89706,11
89707,7
89708,10
89709,15
89710,10
89711,11
89712,7
89713,8
89714,10
89715,4
89716,10
89717,9
89718,8
89719,10
89720,15
89721,9
89722,11
89723,11
89724,10
89725,7
89726,10
89727,6
89728,11
89729,11
89730,11
89731,4
89732,16
89733,12
89734,9
89735,8
89736,12
89737,10
89738,7
89739,11
89740,11
89741,13
89742,9
89743,10
89744,10
89745,7
89746,5
89747,8
89748,10
89749,13
89750,11
89751,9
89752,13
89753,8
89754,6
89755,8
89756,10
89757,10
89758,11
89759,11
89760,10
89761,9
89762,10
89763,10
89764,10
89765,9
89766,11
89767,12
89768,5
89769,8
89770,10
89771,11
89772,12
89773,9
89774,5
89775,10
89776,7
89777,9
89778,11
89779,10
89780,10
89781,10
89782,10
89783,11
89784,9
89785,12
89786,12
89787,12
89788,11
89789,13
89790,9
89791,16
89792,10
89793,10
89794,7
89795,10
89796,7
89797,8
89798,11
89799,11
89800,7
89801,12
89802,14
89803,6
89804,8
89805,15
89806,10
89807,11
89808,8
89809,12
89810,8
89811,9
89812,14
89813,11
89814,9
89815,8
89816,11
89817,16
89818,11
89819,12
89820,7
89821,7
89822,10
89823,9
89824,11
89825,6
89826,10
89827,8
89828,4
89829,16
89830,9
89831,8
89832,10
89833,7
89834,9
89835,10
89836,9
89837,9
89838,10
89839,11
89840,10
89841,10
89842,10
89843,12
89844,7
89845,10
89846,7
89847,8
89848,9
89849,14
89850,5
89851,8
89852,10
89853,13
89854,10
89855,7
89856,6
89857,7
89858,17
89859,10
89860,9
89861,10
89862,12
89863,16
89864,11
89865,9
89866,8
89867,8
89868,9
89869,11
89870,10
89871,10
89872,6
89873,12
89874,11
89875,10
89876,10
89877,10
89878,9
89879,13
89880,11
89881,10
89882,14
89883,15
89884,13
89885,11
89886,12
89887,14
89888,13
89889,11
89890,8
89891,16
89892,5
89893,10
89894,11
89895,9
89896,11
89897,10
89898,12
89899,9
89900,10
89901,12
89902,10
89903,10
89904,11
89905,11
89906,9
89907,11
89908,12
89909,6
89910,12
89911,12
89912,10
89913,10
89914,8
89915,15
89916,10
89917,10
89918,8
89919,9
89920,10
89921,11
89922,7
89923,6
89924,9
89925,12
89926,10
89927,10
89928,11
89929,7
89930,11
89931,10
89932,11
89933,12
89934,11
89935,7
89936,7
89937,10
89938,11
89939,6
89940,11
89941,5
89942,14
89943,9
89944,8
89945,9
89946,8
89947,8
89948,12
89949,12
89950,9
89951,6
89952,8
89953,10
89954,5
89955,16
89956,12
89957,7
89958,15
89959,12
89960,10
89961,10
89962,13
89963,6
89964,14
89965,8
89966,8
89967,8
89968,10
89969,10
89970,6
89971,4
89972,9
89973,10
89974,10
89975,12
89976,11
89977,13
89978,10
89979,10
89980,10
89981,11
89982,9
89983,10
89984,12
89985,14
89986,8
89987,6
89988,8
89989,10
89990,12
89991,8
89992,11
89993,9
89994,7
89995,11
89996,11
89997,11
89998,6
89999,10
90000,11
90001,10
90002,9
90003,12
90004,12
90005,9
90006,10
90007,11
90008,12
90009,9
90010,11
90011,10
90012,11
90013,11
90014,10
90015,11
90016,10
90017,11
90018,9
90019,12
90020,4
90021,12
90022,7
90023,7
90024,12
90025,12
90026,7
90027,5
90028,10
90029,8
90030,9
90031,9
90032,9
90033,11
90034,10
90035,11
90036,10
90037,4
90038,14
90039,13
90040,9
90041,11
90042,8
90043,12
90044,10
90045,11
90046,8
90047,5
90048,7
90049,6
90050,10
90051,6
90052,10
90053,8
90054,10
90055,11
90056,11
90057,11
90058,10
90059,8
90060,10
90061,8
90062,11
90063,10
90064,10
90065,11
90066,5
90067,4
90068,11
90069,12
90070,14
90071,13
90072,12
90073,10
90074,8
90075,16
90076,15
90077,8
90078,12
90079,7
90080,10
90081,10
90082,14
90083,11
90084,7
90085,14
90086,13
90087,10
90088,11
90089,11
90090,9
90091,5
90092,14
90093,7
90094,11
90095,11
90096,10
90097,10
90098,11
90099,10
90100,4
90101,10
90102,9
90103,8
90104,11
90105,9
90106,12
90107,11
90108,11
90109,10
90110,11
90111,15
90112,13
90113,10
90114,5
90115,8
90116,10
90117,9
90118,10
90119,12
90120,8
90121,10
90122,12
90123,11
90124,10
90125,11
90126,15
90127,12
90128,10
90129,11
90130,10
90131,6
90132,11
90133,10
90134,10
90135,9
90136,8
90137,6
90138,10
90139,8
90140,8
90141,11
90142,14
90143,10
90144,11
90145,10
90146,13
90147,10
90148,6
90149,11
90150,7
90151,10
90152,7
90153,10
90154,11
90155,9
90156,11
90157,9
90158,15
90159,10
90160,12
90161,7
90162,5
90163,10
90164,6
90165,13
90166,11
90167,8
90168,11
90169,6
90170,10
90171,7
90172,9
90173,10
90174,13
90175,7
90176,11
90177,12
90178,4
90179,9
90180,9
90181,7
90182,7
90183,7
90184,11
90185,9
90186,6
90187,9
90188,9
90189,11
90190,8
90191,10
90192,9
90193,10
90194,10
90195,13
90196,8
90197,16
90198,7
90199,8
90200,10
90201,10
90202,11
90203,11
90204,4
90205,9
90206,9
90207,10
90208,6
90209,9
90210,13
90211,9
90212,10
90213,9
90214,10
90215,9
90216,7
90217,9
90218,11
90219,11
90220,10
90221,9
90222,6
90223,9
90224,10
90225,11
90226,12
90227,10
90228,9
90229,13
90230,11
90231,10
90232,13
90233,10
90234,7
90235,14
90236,8
90237,10
90238,12
90239,6
90240,12
90241,10
90242,10
90243,9
90244,12
90245,7
90246,8
90247,5
90248,10
90249,7
90250,13
90251,12
90252,9
90253,12
90254,9
90255,10
90256,8
90257,7
90258,8
90259,15
90260,6
90261,12
90262,11
90263,11
90264,9
90265,12
90266,11
90267,6
90268,13
90269,9
90270,12
90271,7
90272,10
90273,10
90274,10
90275,9
90276,12
90277,7
90278,10
90279,6
90280,7
90281,14
90282,10
90283,11
90284,12
90285,12
90286,9
90287,8
90288,5
90289,11
90290,9
90291,10
90292,11
90293,11
90294,11
90295,9
90296,11
90297,6
90298,11
90299,10
90300,11
90301,13
90302,8
90303,8
90304,11
90305,13
90306,8
90307,10
90308,15
90309,7
90310,7
90311,8
90312,11
90313,7
90314,12
90315,13
90316,8
90317,7
90318,14
90319,10
90320,11
90321,10
90322,12
90323,12
90324,10
90325,11
90326,7
90327,10
90328,10
90329,8
90330,7
90331,10
90332,8
90333,9
90334,11
90335,13
90336,10
90337,7
90338,11
90339,10
90340,11
90341,12
90342,9
90343,7
90344,15
90345,13
90346,9
90347,8
90348,11
90349,10
90350,10
90351,9
90352,9
90353,12
90354,9
90355,12
90356,12
90357,9
90358,12
90359,9
90360,5
90361,7
90362,9
90363,10
90364,12
90365,8
90366,8
90367,6
90368,11
90369,10
90370,12
90371,7
90372,10
90373,8
90374,8
90375,10
90376,14
90377,10
90378,12
90379,9
90380,8
90381,9
90382,11
90383,9
90384,8
90385,6
90386,7
90387,6
90388,4
90389,7
90390,10
90391,13
90392,7
90393,12
90394,16
90395,11
90396,7
90397,11
90398,12
90399,6
90400,10
90401,7
90402,7
90403,10
90404,8
90405,10
90406,11
90407,11
90408,13
90409,9
90410,10
90411,15
90412,6
90413,10
90414,9
90415,10
90416,11
90417,9
90418,9
90419,10
90420,11
90421,9
90422,8
90423,11
90424,10
90425,10
90426,12
90427,11
90428,8
90429,4
90430,5
90431,5
90432,11
90433,15
90434,14
90435,12
90436,10
90437,9
90438,4
90439,12
90440,11
90441,8
90442,9
90443,5
90444,10
90445,8
90446,7
90447,9
90448,10
90449,12
90450,11
90451,6
90452,11
90453,11
90454,12
90455,13
90456,9
90457,12
90458,5
90459,11
90460,9
90461,15
90462,12
90463,11
90464,11
90465,10
90466,8
90467,12
90468,9
90469,10
90470,9
90471,8
90472,8
90473,5
90474,10
90475,10
90476,10
90477,9
90478,10
90479,10
90480,10
90481,9
90482,7
90483,10
90484,15
90485,7
90486,7
90487,14
90488,7
90489,12
90490,11
90491,10
90492,13
90493,11
90494,11
90495,11
90496,14
90497,11
90498,10
90499,10
90500,8
90501,10
90502,12
90503,9
90504,8
90505,5
90506,10
90507,9
90508,11
90509,7
90510,5
90511,13
90512,12
90513,10
90514,11
90515,13
90516,12
90517,11
90518,13
90519,5
90520,7
90521,12
90522,8
90523,11
90524,11
90525,6
90526,5
90527,11
90528,11
90529,10
90530,12
90531,12
90532,9
90533,15
90534,13
90535,11
90536,12
90537,9
90538,9
90539,12
90540,8
90541,10
90542,12
90543,11
90544,6
90545,10
90546,9
90547,10
90548,6
90549,8
90550,10
90551,10
90552,10
90553,10
90554,10
90555,13
90556,7
90557,6
90558,10
90559,15
90560,13
90561,9
90562,9
90563,10
90564,10
90565,11
90566,11
90567,6
90568,10
90569,10
90570,4
90571,13
90572,11
90573,12
90574,14
90575,10
90576,13
90577,10
90578,10
90579,8
90580,11
90581,10
90582,11
90583,9
90584,11
90585,4
90586,10
90587,7
90588,12
90589,12
90590,5
90591,6
90592,11
90593,13
90594,12
90595,12
90596,6
90597,10
90598,8
90599,11
90600,10
90601,11
90602,16
90603,7
90604,11
90605,8
90606,8
90607,7
90608,7
90609,8
90610,10
90611,5
90612,10
90613,10
90614,10
90615,14
90616,8
90617,10
90618,9
90619,10
90620,13
90621,12
90622,14
90623,6
90624,9
90625,9
90626,10
90627,10
90628,8
90629,10
90630,10
90631,7
90632,4
90633,14
90634,13
90635,12
90636,10
90637,9
90638,9
90639,13
90640,10
90641,8
90642,7
90643,13
90644,9
90645,9
90646,10
90647,13
90648,11
90649,10
90650,9
90651,9
90652,12
90653,10
90654,8
90655,13
90656,13
90657,11
90658,9
90659,10
90660,10
90661,13
90662,9
90663,10
90664,11
90665,4
90666,11
90667,7
90668,9
90669,10
90670,10
90671,8
90672,14
90673,9
90674,10
90675,10
90676,5
90677,14
90678,5
90679,5
90680,11
90681,11
90682,11
90683,10
90684,10
90685,7
90686,9
90687,12
90688,8
90689,17
90690,12
90691,6
90692,10
90693,10
90694,10
90695,10
90696,9
90697,10
90698,10
90699,6
90700,6
90701,10
90702,6
90703,11
90704,12
90705,5
90706,11
90707,12
90708,12
90709,13
90710,11
90711,11
90712,10
90713,10
90714,13
90715,11
90716,6
90717,10
90718,11
90719,13
90720,11
90721,16
90722,8
90723,10
90724,10
90725,11
90726,11
90727,9
90728,7
90729,10
90730,10
90731,13
90732,7
90733,7
90734,8
90735,6
90736,11
90737,12
90738,13
90739,7
90740,9
90741,9
90742,10
90743,7
90744,12
90745,7
90746,10
90747,10
90748,11
90749,11
90750,7
90751,7
90752,7
90753,7
90754,9
90755,10
90756,11
90757,12
90758,10
90759,13
90760,11
90761,14
90762,11
90763,11
90764,10
90765,8
90766,8
90767,6
90768,12
90769,10
90770,9
90771,8
90772,10
90773,13
90774,9
90775,10
90776,9
90777,11
90778,5
90779,10
90780,13
90781,10
90782,10
90783,6
90784,6
90785,13
90786,10
90787,5
90788,9
90789,13
90790,15
90791,9
90792,10
90793,13
90794,11
90795,6
90796,11
90797,10
90798,10
90799,10
90800,12
90801,6
90802,10
90803,11
90804,9
90805,12
90806,10
90807,8
90808,9
90809,12
90810,13
90811,12
90812,10
90813,13
90814,6
90815,12
90816,12
90817,7
90818,11
90819,10
90820,9
90821,11
90822,10
90823,6
90824,11
90825,8
90826,9
90827,13
90828,8
90829,8
90830,7
90831,8
90832,7
90833,12
90834,11
90835,9
90836,8
90837,16
90838,7
90839,9
90840,10
90841,5
90842,9
90843,8
90844,14
90845,8
90846,6
90847,7
90848,8
90849,10
90850,7
90851,12
90852,9
90853,12
90854,10
90855,9
90856,11
90857,11
90858,11
90859,6
90860,5
90861,10
90862,9
90863,10
90864,12
90865,10
90866,7
90867,12
90868,11
90869,9
90870,10
90871,13
90872,9
90873,9
90874,7
90875,9
90876,11
90877,7
90878,10
90879,9
90880,11
90881,8
90882,9
90883,7
90884,9
90885,10
90886,5
90887,16
90888,10
90889,7
90890,12
90891,10
90892,11
90893,9
90894,10
90895,11
90896,6
90897,10
90898,13
90899,11
90900,9
90901,6
90902,10
90903,12
90904,12
90905,13
90906,11
90907,7
90908,15
90909,11
90910,12
90911,9
90912,8
90913,10
90914,10
90915,7
90916,14
90917,11
90918,9
90919,10
90920,6
90921,12
90922,5
90923,9
90924,10
90925,11
90926,11
90927,10
90928,13
90929,8
90930,11
90931,12
90932,10
90933,11
90934,8
90935,11
90936,9
90937,11
90938,7
90939,10
90940,11
90941,10
90942,12
90943,9
90944,6
90945,9
90946,11
90947,6
90948,8
90949,9
90950,5
90951,7
90952,14
90953,14
90954,11
90955,10
90956,8
90957,8
90958,7
90959,10
90960,8
90961,5
90962,11
90963,9
90964,10
90965,7
90966,10
90967,8
90968,8
90969,10
90970,12
90971,6
90972,13
90973,11
90974,12
90975,9
90976,9
90977,11
90978,8
90979,7
90980,10
90981,9
90982,15
90983,13
90984,11
90985,10
90986,11
90987,10
90988,8
90989,8
90990,7
90991,10
90992,8
90993,14
90994,6
90995,8
90996,9
90997,14
90998,13
90999,12
91000,8
91001,9
91002,5
91003,12
91004,11
91005,8
91006,16
91007,7
91008,13
91009,10
91010,7
91011,12
91012,12
91013,4
91014,7
91015,6
91016,12
91017,10
91018,8
91019,7
91020,8
91021,8
91022,8
91023,11
91024,7
91025,6
91026,8
91027,5
91028,13
91029,11
91030,10
91031,14
91032,11
91033,17
91034,12
91035,14
91036,12
91037,9
91038,10
91039,7
91040,8
91041,8
91042,11
91043,11
91044,10
91045,14
91046,6
91047,10
91048,11
91049,13
91050,10
91051,10
91052,13
91053,8
91054,13
91055,10
91056,5
91057,8
91058,9
91059,9
91060,11
91061,8
91062,6
91063,9
91064,10
91065,14
91066,12
91067,8
91068,8
91069,10
91070,11
91071,11
91072,9
91073,9
91074,10
91075,10
91076,11
91077,13
91078,7
91079,9
91080,10
91081,11
91082,11
91083,7
91084,7
91085,11
91086,15
91087,7
91088,9
91089,5
91090,11
91091,13
91092,13
91093,12
91094,9
91095,8
91096,7
91097,9
91098,9
91099,13
91100,12
91101,7
91102,12
91103,11
91104,11
91105,10
91106,9
91107,13
91108,10
91109,9
91110,12
91111,9
91112,10
91113,10
91114,11
91115,10
91116,10
91117,10
91118,11
91119,9
91120,10
91121,9
91122,5
91123,13
91124,12
91125,10
91126,6
91127,12
91128,9
91129,9
91130,9
91131,12
91132,6
91133,6
91134,11
91135,16
91136,12
91137,6
91138,8
91139,10
91140,9
91141,8
91142,12
91143,7
91144,9
91145,14
91146,12
91147,11
91148,11
91149,11
91150,9
91151,10
91152,6
91153,10
91154,10
91155,16
91156,7
91157,11
91158,5
91159,10
91160,6
91161,14
91162,9
91163,7
91164,7
91165,7
91166,11
91167,11
91168,7
91169,13
91170,9
91171,9
91172,6
91173,9
91174,11
91175,6
91176,10
91177,7
91178,6
91179,11
91180,14
91181,11
91182,7
91183,6
91184,11
91185,12
91186,14
91187,9
91188,8
91189,12
91190,4
91191,9
91192,11
91193,8
91194,12
91195,10
91196,9
91197,12
91198,9
91199,8
91200,8
91201,8
91202,6
91203,5
91204,10
91205,8
91206,7
91207,11
91208,8
91209,11
91210,11
91211,12
91212,9
91213,16
91214,10
91215,10
91216,10
91217,10
91218,9
91219,6
91220,5
91221,9
91222,11
91223,11
91224,9
91225,13
91226,9
91227,10
91228,9
91229,10
91230,8
91231,12
91232,14
91233,7
91234,12
91235,13
91236,8
91237,10
91238,10
91239,13
91240,8
91241,14
91242,12
91243,8
91244,9
91245,16
91246,9
91247,9
91248,7
91249,9
91250,9
91251,10
91252,5
91253,10
91254,5
91255,9
91256,10
91257,7
91258,12
91259,9
91260,13
91261,10
91262,10
91263,11
91264,6
91265,8
91266,10
91267,6
91268,11
91269,7
91270,12
91271,5
91272,16
91273,10
91274,8
91275,10
91276,10
91277,9
91278,10
91279,9
91280,7
91281,7
91282,9
91283,11
91284,13
91285,9
91286,10
91287,10
91288,12
91289,7
91290,9
91291,11
91292,11
91293,10
91294,12
91295,8
91296,10
91297,11
91298,13
91299,9
91300,6
91301,10
91302,12
91303,14
91304,11
91305,10
91306,13
91307,10
91308,6
91309,12
91310,7
91311,10
91312,7
91313,9
91314,5
91315,9
91316,12
91317,5
91318,10
91319,8
91320,11
91321,11
91322,9
91323,9
91324,12
91325,7
91326,10
91327,7
91328,9
91329,12
91330,9
91331,11
91332,6
91333,16
91334,10
91335,11
91336,9
91337,9
91338,11
91339,17
91340,7
91341,14
91342,5
91343,8
91344,8
91345,12
91346,11
91347,10
91348,10
91349,9
91350,7
91351,11
91352,6
91353,11
91354,6
91355,11
91356,10
91357,10
91358,10
91359,10
91360,13
91361,10
91362,10
91363,9
91364,10
91365,7
91366,12
91367,12
91368,12
91369,13
91370,10
91371,9
91372,13
91373,10
91374,11
91375,9
91376,10
91377,11
91378,11
91379,11
91380,6
91381,7
91382,6
91383,7
91384,7
91385,8
91386,9
91387,5
91388,16
91389,9
91390,11
91391,11
91392,10
91393,11
91394,9
91395,10
91396,7
91397,10
91398,13
91399,9
91400,12
91401,7
91402,5
91403,6
91404,11
91405,12
91406,10
91407,6
91408,11
91409,10
91410,7
91411,7
91412,11
91413,8
91414,5
91415,11
91416,10
91417,10
91418,10
91419,9
91420,13
91421,8
91422,10
91423,14
91424,8
91425,15
91426,11
91427,10
91428,10
91429,17
91430,10
91431,9
91432,14
91433,12
91434,14
91435,5
91436,7
91437,9
91438,10
91439,11
91440,6
91441,10
91442,9
91443,12
91444,10
91445,8
91446,10
91447,6
91448,8
91449,6
91450,7
91451,11
91452,14
91453,6
91454,8
91455,7
91456,12
91457,12
91458,10
91459,9
91460,9
91461,8
91462,8
91463,11
91464,9
91465,11
91466,10
91467,6
91468,10
91469,11
91470,9
91471,10
91472,10
91473,11
91474,9
91475,5
91476,9
91477,11
91478,11
91479,15
91480,10
91481,8
91482,11
91483,11
91484,10
91485,10
91486,4
91487,7
91488,11
91489,15
91490,10
91491,12
91492,11
91493,9
91494,8
91495,10
91496,12
91497,10
91498,11
91499,8
91500,12
91501,8
91502,8
91503,11
91504,11
91505,8
91506,12
91507,9
91508,10
91509,15
91510,16
91511,6
91512,10
91513,8
91514,10
91515,6
91516,8
91517,10
91518,10
91519,11
91520,9
91521,14
91522,8
91523,15
91524,9
91525,6
91526,11
91527,11
91528,8
91529,9
91530,4
91531,9
91532,10
91533,16
91534,10
91535,11
91536,12
91537,11
91538,11
91539,10
91540,11
91541,4
91542,12
91543,10
91544,7
91545,6
91546,11
91547,14
91548,8
91549,9
91550,8
91551,10
91552,8
91553,7
91554,9
91555,10
91556,11
91557,12
91558,7
91559,8
91560,13
91561,10
91562,10
91563,5
91564,12
91565,11
91566,10
91567,10
91568,5
91569,14
91570,9
91571,5
91572,9
91573,9
91574,10
91575,14
91576,11
91577,6
91578,12
91579,10
91580,11
91581,6
91582,11
91583,12
91584,11
91585,8
91586,11
91587,10
91588,8
91589,11
91590,10
91591,9
91592,10
91593,10
91594,10
91595,9
91596,11
91597,9
91598,9
91599,11
91600,7
91601,14
91602,10
91603,8
91604,10
91605,13
91606,14
91607,12
91608,10
91609,11
91610,8
91611,10
91612,6
91613,10
91614,11
91615,10
91616,10
91617,6
91618,10
91619,11
91620,10
91621,11
91622,10
91623,10
91624,9
91625,10
91626,8
91627,16
91628,12
91629,12
91630,8
91631,11
91632,10
91633,7
91634,14
91635,12
91636,8
91637,10
91638,10
91639,11
91640,14
91641,7
91642,11
91643,11
91644,9
91645,10
91646,7
91647,7
91648,10
91649,10
91650,11
91651,11
91652,8
91653,9
91654,6
91655,10
91656,12
91657,10
91658,11
91659,9
91660,9
91661,10
91662,10
91663,7
91664,12
91665,12
91666,13
91667,11
91668,7
91669,5
91670,9
91671,13
91672,10
91673,10
91674,9
91675,12
91676,13
91677,10
91678,7
91679,11
91680,12
91681,10
91682,10
91683,11
91684,7
91685,13
91686,12
91687,8
91688,10
91689,7
91690,10
91691,9
91692,10
91693,10
91694,11
91695,6
91696,10
91697,11
91698,9
91699,13
91700,8
91701,12
91702,7
91703,12
91704,8
91705,7
91706,10
91707,10
91708,9
91709,9
91710,10
91711,11
91712,8
91713,10
91714,11
91715,10
91716,12
91717,14
91718,9
91719,4
91720,12
91721,14
91722,9
91723,8
91724,5
91725,10
91726,11
91727,12
91728,10
91729,6
91730,9
91731,13
91732,11
91733,11
91734,7
91735,12
91736,11
91737,8
91738,10
91739,14
91740,8
91741,8
91742,10
91743,6
91744,8
91745,9
91746,6
91747,13
91748,14
91749,6
91750,11
91751,6
91752,11
91753,10
91754,13
91755,13
91756,4
91757,11
91758,12
91759,9
91760,14
91761,10
91762,7
91763,11
91764,6
91765,10
91766,12
91767,9
91768,6
91769,7
91770,12
91771,12
91772,10
91773,10
91774,9
91775,11
91776,9
91777,4
91778,7
91779,10
91780,7
91781,8
91782,10
91783,10
91784,7
91785,10
91786,4
91787,10
91788,10
91789,11
91790,9
91791,11
91792,7
91793,10
91794,6
91795,10
91796,10
91797,8
91798,11
91799,11
91800,8
91801,10
91802,9
91803,9
91804,10
91805,12
91806,9
91807,10
91808,10
91809,10
91810,9
91811,11
91812,9
91813,7
91814,10
91815,9
91816,14
91817,11
91818,9
91819,8
91820,11
91821,10
91822,9
91823,9
91824,6
91825,11
91826,12
91827,11
91828,10
91829,11
91830,6
91831,8
91832,11
91833,4
91834,14
91835,14
91836,6
91837,10
91838,11
91839,10
91840,8
91841,11
91842,11
91843,7
91844,10
91845,11
91846,12
91847,11
91848,9
91849,7
91850,9
91851,4
91852,13
91853,13
91854,11
91855,10
91856,7
91857,10
91858,10
91859,9
91860,18
91861,12
91862,11
91863,13
91864,10
91865,10
91866,6
91867,7
91868,10
91869,8
91870,10
91871,12
91872,8
91873,4
91874,9
91875,10
91876,10
91877,8
91878,16
91879,13
91880,11
91881,11
91882,14
91883,5
91884,8
91885,10
91886,5
91887,11
91888,8
91889,7
91890,11
91891,5
91892,11
91893,9
91894,4
91895,8
91896,12
91897,8
91898,10
91899,11
91900,12
91901,9
91902,12
91903,8
91904,12
91905,9
91906,6
91907,16
91908,10
91909,9
91910,11
91911,10
91912,7
91913,7
91914,11
91915,9
91916,8
91917,11
91918,7
91919,8
91920,11
91921,6
91922,13
91923,14
91924,7
91925,12
91926,7
91927,12
91928,4
91929,8
91930,6
91931,13
91932,6
91933,12
91934,10
91935,10
91936,14
91937,8
91938,12
91939,11
91940,12
91941,11
91942,11
91943,9
91944,7
91945,10
91946,13
91947,10
91948,12
91949,10
91950,10
91951,10
91952,13
91953,11
91954,5
91955,14
91956,9
91957,14
91958,9
91959,9
91960,10
91961,11
91962,12
91963,10
91964,6
91965,14
91966,4
91967,8
91968,10
91969,13
91970,9
91971,9
91972,9
91973,10
91974,5
91975,7
91976,11
91977,11
91978,10
91979,13
91980,12
91981,5
91982,11
91983,10
91984,12
91985,9
91986,12
91987,13
91988,10
91989,10
91990,16
91991,12
91992,13
91993,10
91994,9
91995,11
91996,10
91997,10
91998,12
91999,11
92000,16
92001,10
92002,9
92003,10
92004,15
92005,12
92006,11
92007,12
92008,7
92009,10
92010,12
92011,10
92012,8
92013,11
92014,10
92015,12
92016,7
92017,10
92018,7
92019,12
92020,9
92021,12
92022,11
92023,12
92024,11
92025,10
92026,10
92027,5
92028,11
92029,8
92030,10
92031,10
92032,7
92033,15
92034,10
92035,11
92036,11
92037,10
92038,11
92039,11
92040,10
92041,12
92042,12
92043,8
92044,11
92045,9
92046,10
92047,10
92048,10
92049,9
92050,13
92051,7
92052,12
92053,14
92054,10
92055,12
92056,7
92057,9
92058,10
92059,5
92060,13
92061,10
92062,10
92063,13
92064,10
92065,7
92066,7
92067,10
92068,14
92069,5
92070,12
92071,12
92072,7
92073,6
92074,9
92075,11
92076,10
92077,8
92078,9
92079,10
92080,9
92081,10
92082,13
92083,9
92084,5
92085,6
92086,6
92087,8
92088,7
92089,12
92090,5
92091,8
92092,10
92093,10
92094,9
92095,13
92096,8
92097,4
92098,10
92099,10
92100,10
92101,9
92102,12
92103,8
92104,8
92105,6
92106,8
92107,15
92108,9
92109,11
92110,5
92111,10
92112,14
92113,11
92114,10
92115,7
92116,7
92117,10
92118,4
92119,10
92120,11
92121,11
92122,11
92123,10
92124,6
92125,4
92126,10
92127,14
92128,9
92129,9
92130,6
92131,8
92132,7
92133,13
92134,10
92135,8
92136,8
92137,11
92138,10
92139,14
92140,12
92141,12
92142,9
92143,10
92144,6
92145,10
92146,8
92147,12
92148,10
92149,10
92150,11
92151,7
92152,10
92153,8
92154,9
92155,15
92156,10
92157,11
92158,11
92159,12
92160,10
92161,11
92162,8
92163,7
92164,8
92165,8
92166,10
92167,8
92168,16
92169,12
92170,10
92171,14
92172,13
92173,9
92174,7
92175,6
92176,8
92177,11
92178,8
92179,9
92180,12
92181,6
92182,12
92183,9
92184,11
92185,13
92186,6
92187,11
92188,15
92189,12
92190,11
92191,9
92192,8
92193,9
92194,11
92195,11
92196,10
92197,9
92198,10
92199,7
92200,9
92201,6
92202,5
92203,8
92204,7
92205,10
92206,13
92207,11
92208,11
92209,11
92210,6
92211,10
92212,11
92213,5
92214,12
92215,10
92216,10
92217,9
92218,10
92219,10
92220,11
92221,6
92222,5
92223,8
92224,8
92225,11
92226,10
92227,9
92228,11
92229,8
92230,10
92231,8
92232,6
92233,9
92234,11
92235,13
92236,13
92237,10
92238,10
92239,13
92240,10
92241,15
92242,8
92243,9
92244,9
92245,9
92246,9
92247,12
92248,9
92249,12
92250,10
92251,6
92252,14
92253,13
92254,13
92255,16
92256,7
92257,5
92258,17
92259,11
92260,8
92261,13
92262,7
92263,13
92264,9
92265,10
92266,6
92267,10
92268,5
92269,8
92270,12
92271,12
92272,8
92273,5
92274,9
92275,7
92276,11
92277,12
92278,9
92279,14
92280,6
92281,15
92282,8
92283,9
92284,6
92285,5
92286,10
92287,8
92288,11
92289,8
92290,11
92291,12
92292,9
92293,10
92294,12
92295,9
92296,7
92297,9
92298,9
92299,8
92300,11
92301,9
92302,8
92303,12
92304,9
92305,8
92306,9
92307,13
92308,9
92309,10
92310,10
92311,7
92312,14
92313,10
92314,10
92315,11
92316,9
92317,10
92318,11
92319,5
92320,10
92321,11
92322,9
92323,6
92324,12
92325,11
92326,11
92327,13
92328,11
92329,8
92330,8
92331,12
92332,10
92333,10
92334,9
92335,12
92336,9
92337,9
92338,10
92339,13
92340,10
92341,12
92342,9
92343,13
92344,11
92345,15
92346,10
92347,7
92348,10
92349,16
92350,13
92351,10
92352,15
92353,11
92354,11
92355,9
92356,12
92357,7
92358,8
92359,9
92360,7
92361,13
92362,13
92363,13
92364,11
92365,8
92366,17
92367,9
92368,11
92369,6
92370,10
92371,10
92372,9
92373,11
92374,12
92375,12
92376,10
92377,5
92378,9
92379,10
92380,5
92381,10
92382,11
92383,6
92384,9
92385,10
92386,11
92387,10
92388,7
92389,10
92390,12
92391,12
92392,7
92393,9
92394,7
92395,9
92396,4
92397,15
92398,10
92399,7
92400,8
92401,11
92402,9
92403,11
92404,11
92405,9
92406,10
92407,8
92408,10
92409,13
92410,14
92411,16
92412,12
92413,10
92414,9
92415,16
92416,8
92417,11
92418,12
92419,11
92420,11
92421,11
92422,11
92423,10
92424,8
92425,9
92426,11
92427,10
92428,10
92429,11
92430,11
92431,6
92432,10
92433,9
92434,6
92435,12
92436,10
92437,12
92438,8
92439,11
92440,9
92441,10
92442,10
92443,13
92444,9
92445,7
92446,8
92447,11
92448,5
92449,11
92450,9
92451,14
92452,11
92453,4
92454,10
92455,8
92456,7
92457,12
92458,8
92459,10
92460,10
92461,8
92462,9
92463,9
92464,10
92465,11
92466,12
92467,12
92468,12
92469,11
92470,10
92471,6
92472,9
92473,11
92474,11
92475,6
92476,12
92477,10
92478,10
92479,10
92480,11
92481,5
92482,6
92483,8
92484,7
92485,15
92486,15
92487,11
92488,8
92489,12
92490,5
92491,10
92492,7
92493,15
92494,11
92495,12
92496,10
92497,13
92498,11
92499,4
92500,9
92501,13
92502,10
92503,10
92504,12
92505,10
92506,10
92507,11
92508,8
92509,7
92510,7
92511,11
92512,12
92513,9
92514,11
92515,11
92516,10
92517,8
92518,9
92519,9
92520,8
92521,10
92522,10
92523,9
92524,10
92525,8
92526,10
92527,15
92528,7
92529,10
92530,8
92531,7
92532,12
92533,7
92534,10
92535,7
92536,10
92537,17
92538,11
92539,11
92540,11
92541,4
92542,10
92543,12
92544,9
92545,9
92546,10
92547,14
92548,9
92549,9
92550,13
92551,14
92552,11
92553,10
92554,7
92555,12
92556,7
92557,12
92558,6
92559,10
92560,10
92561,13
92562,8
92563,17
92564,12
92565,9
92566,8
92567,11
92568,13
92569,10
92570,10
92571,12
92572,9
92573,9
92574,11
92575,14
92576,8
92577,15
92578,9
92579,10
92580,9
92581,11
92582,10
92583,12
92584,4
92585,11
92586,7
92587,14
92588,8
92589,6
92590,11
92591,11
92592,10
92593,12
92594,12
92595,17
92596,13
92597,10
92598,8
92599,11
92600,9
92601,11
92602,11
92603,7
92604,12
92605,7
92606,13
92607,8
92608,9
92609,11
92610,9
92611,9
92612,4
92613,13
92614,11
92615,10
92616,7
92617,9
92618,11
92619,12
92620,8
92621,8
92622,7
92623,6
92624,9
92625,8
92626,12
92627,8
92628,5
92629,13
92630,9
92631,7
92632,11
92633,10
92634,8
92635,9
92636,11
92637,11
92638,11
92639,6
92640,12
92641,14
92642,9
92643,11
92644,10
92645,7
92646,12
92647,11
92648,10
92649,9
92650,13
92651,11
92652,7
92653,4
92654,8
92655,11
92656,9
92657,12
92658,9
92659,6
92660,9
92661,11
92662,16
92663,12
92664,10
92665,6
92666,7
92667,10
92668,11
92669,12
92670,11
92671,7
92672,5
92673,16
92674,8
92675,11
92676,12
92677,10
92678,10
92679,12
92680,7
92681,10
92682,11
92683,10
92684,10
92685,10
92686,10
92687,7
92688,9
92689,10
92690,4
92691,7
92692,12
92693,12
92694,10
92695,12
92696,11
92697,11
92698,9
92699,12
92700,9
92701,9
92702,15
92703,11
92704,7
92705,6
92706,7
92707,8
92708,11
92709,10
92710,11
92711,7
92712,7
92713,9
92714,9
92715,11
92716,10
92717,10
92718,6
92719,6
92720,12
92721,11
92722,9
92723,8
92724,8
92725,9
92726,7
92727,11
92728,11
92729,7
92730,9
92731,9
92732,11
92733,10
92734,12
92735,11
92736,11
92737,5
92738,11
92739,8
92740,8
92741,5
92742,12
92743,12
92744,9
92745,9
92746,7
92747,9
92748,8
92749,13
92750,10
92751,11
92752,12
92753,9
92754,7
92755,9
92756,10
92757,9
92758,11
92759,5
92760,11
92761,7
92762,10
92763,11
92764,10
92765,11
92766,6
92767,12
92768,10
92769,7
92770,12
92771,9
92772,7
92773,10
92774,11
92775,11
92776,7
92777,7
92778,10
92779,11
92780,13
92781,9
92782,7
92783,10
92784,10
92785,10
92786,10
92787,9
92788,4
92789,7
92790,9
92791,10
92792,11
92793,11
92794,11
92795,9
92796,10
92797,11
92798,8
92799,13
92800,11
92801,8
92802,14
92803,9
92804,7
92805,10
92806,10
92807,12
92808,10
92809,12
92810,7
92811,11
92812,9
92813,10
92814,13
92815,12
92816,6
92817,9
92818,10
92819,10
92820,9
92821,11
92822,12
92823,11
92824,12
92825,7
92826,7
92827,14
92828,10
92829,6
92830,9
92831,9
92832,10
92833,12
92834,9
92835,10
92836,15
92837,9
92838,10
92839,13
92840,12
92841,11
92842,13
92843,9
92844,7
92845,10
92846,10
92847,12
92848,9
92849,10
92850,11
92851,10
92852,9
92853,9
92854,11
92855,6
92856,10
92857,9
92858,11
92859,7
92860,10
92861,7
92862,12
92863,11
92864,8
92865,11
92866,10
92867,13
92868,10
92869,9
92870,9
92871,11
92872,5
92873,9
92874,14
92875,10
92876,10
92877,10
92878,10
92879,12
92880,11
92881,10
92882,9
92883,12
92884,9
92885,12
92886,9
92887,8
92888,12
92889,13
92890,11
92891,8
92892,7
92893,5
92894,9
92895,13
92896,5
92897,11
92898,9
92899,9
92900,11
92901,11
92902,11
92903,10
92904,10
92905,11
92906,11
92907,9
92908,14
92909,9
92910,8
92911,12
92912,12
92913,10
92914,9
92915,15
92916,9
92917,14
92918,9
92919,7
92920,10
92921,10
92922,10
92923,10
92924,16
92925,10
92926,7
92927,11
92928,6
92929,8
92930,7
92931,8
92932,7
92933,9
92934,10
92935,7
92936,13
92937,12
92938,7
92939,10
92940,11
92941,9
92942,13
92943,10
92944,9
92945,12
92946,8
92947,10
92948,8
92949,9
92950,10
92951,12
92952,5
92953,11
92954,10
92955,13
92956,6
92957,10
92958,15
92959,9
92960,12
92961,10
92962,6
92963,12
92964,10
92965,9
92966,10
92967,13
92968,9
92969,9
92970,11
92971,11
92972,7
92973,10
92974,15
92975,9
92976,11
92977,9
92978,11
92979,12
92980,7
92981,11
92982,13
92983,11
92984,11
92985,15
92986,8
92987,9
92988,11
92989,11
92990,9
92991,7
92992,8
92993,12
92994,8
92995,9
92996,5
92997,10
92998,8
92999,10
93000,14
93001,6
93002,5
93003,13
93004,10
93005,12
93006,11
93007,9
93008,8
93009,12
93010,10
93011,12
93012,11
93013,11
93014,7
93015,10
93016,11
93017,10
93018,13
93019,8
93020,11
93021,11
93022,11
93023,4
93024,6
93025,7
93026,7
93027,10
93028,8
93029,9
93030,8
93031,10
93032,8
93033,6
93034,5
93035,10
93036,13
93037,9
93038,10
93039,11
93040,7
93041,13
93042,4
93043,13
93044,5
93045,11
93046,10
93047,10
93048,10
93049,11
93050,13
93051,11
93052,10
93053,8
93054,14
93055,6
93056,8
93057,5
93058,14
93059,11
93060,11
93061,10
93062,10
93063,15
93064,12
93065,12
93066,5
93067,12
93068,10
93069,9
93070,7
93071,9
93072,13
93073,13
93074,7
93075,9
93076,6
93077,14
93078,9
93079,10
93080,10
93081,11
93082,13
93083,18
93084,12
93085,12
93086,10
93087,12
93088,12
93089,10
93090,4
93091,10
93092,13
93093,6
93094,11
93095,9
93096,13
93097,13
93098,10
93099,7
93100,9
93101,10
93102,13
93103,11
93104,8
93105,8
93106,9
93107,11
93108,11
93109,11
93110,6
93111,7
93112,11
93113,11
93114,10
93115,9
93116,7
93117,10
93118,7
93119,6
93120,11
93121,11
93122,11
93123,13
93124,4
93125,12
93126,10
93127,12
93128,11
93129,9
93130,8
93131,10
93132,10
93133,9
93134,9
93135,10
93136,8
93137,10
93138,10
93139,14
93140,8
93141,11
93142,9
93143,9
93144,14
93145,7
93146,8
93147,11
93148,9
93149,7
93150,13
93151,9
93152,10
93153,10
93154,13
93155,10
93156,7
93157,10
93158,9
93159,9
93160,9
93161,9
93162,11
93163,7
93164,8
93165,10
93166,8
93167,9
93168,11
93169,11
93170,8
93171,10
93172,10
93173,7
93174,9
93175,7
93176,13
93177,11
93178,11
93179,10
93180,10
93181,9
93182,5
93183,11
93184,10
93185,9
93186,10
93187,8
93188,11
93189,9
93190,12
93191,10
93192,6
93193,8
93194,12
93195,5
93196,9
93197,11
93198,8
93199,11
93200,13
93201,12
93202,10
93203,8
93204,11
93205,13
93206,7
93207,11
93208,11
93209,12
93210,9
93211,9
93212,10
93213,8
93214,12
93215,12
93216,5
93217,7
93218,11
93219,10
93220,10
93221,10
93222,11
93223,17
93224,6
93225,7
93226,8
93227,11
93228,11
93229,14
93230,8
93231,9
93232,11
93233,11
93234,15
93235,4
93236,11
93237,9
93238,9
93239,8
93240,10
93241,7
93242,13
93243,10
93244,16
93245,11
93246,13
93247,5
93248,8
93249,8
93250,5
93251,14
93252,8
93253,15
93254,11
93255,8
93256,12
93257,10
93258,8
93259,10
93260,6
93261,11
93262,12
93263,10
93264,12
93265,8
93266,12
93267,7
93268,4
93269,10
93270,11
93271,5
93272,10
93273,11
93274,10
93275,11
93276,10
93277,10
93278,4
93279,6
93280,11
93281,9
93282,6
93283,4
93284,11
93285,10
93286,8
93287,15
93288,9
93289,11
93290,6
93291,12
93292,10
93293,12
93294,11
93295,11
93296,13
93297,12
93298,10
93299,10
93300,10
93301,10
93302,12
93303,8
93304,4
93305,8
93306,10
93307,7
93308,13
93309,7
93310,10
93311,12
93312,12
93313,11
93314,10
93315,10
93316,12
93317,10
93318,9
93319,10
93320,9
93321,7
93322,8
93323,11
93324,7
93325,13
93326,12
93327,11
93328,11
93329,12
93330,9
93331,8
93332,12
93333,8
93334,7
93335,10
93336,7
93337,9
93338,8
93339,12
93340,12
93341,9
93342,10
93343,12
93344,8
93345,15
93346,13
93347,9
93348,8
93349,10
93350,10
93351,13
93352,10
93353,7
93354,10
93355,9
93356,15
93357,9
93358,10
93359,7
93360,11
93361,12
93362,9
93363,10
93364,6
93365,13
93366,10
93367,5
93368,10
93369,11
93370,9
93371,10
93372,7
93373,10
93374,10
93375,16
93376,9
93377,11
93378,10
93379,10
93380,10
93381,8
93382,11
93383,7
93384,6
93385,8
93386,14
93387,17
93388,9
93389,12
93390,11
93391,10
93392,16
93393,6
93394,10
93395,9
93396,13
93397,9
93398,14
93399,11
93400,13
93401,8
93402,6
93403,6
93404,9
93405,11
93406,13
93407,9
93408,11
93409,12
93410,7
93411,7
93412,7
93413,10
93414,11
93415,11
93416,10
93417,9
93418,11
93419,10
93420,5
93421,9
93422,10
93423,10
93424,11
93425,10
93426,12
93427,4
93428,8
93429,10
93430,11
93431,8
93432,11
93433,9
93434,7
93435,11
93436,8
93437,11
93438,10
93439,4
93440,6
93441,9
93442,8
93443,11
93444,11
93445,12
93446,5
93447,5
93448,9
93449,10
93450,12
93451,9
93452,11
93453,11
93454,7
93455,12
93456,12
93457,12
93458,7
93459,5
93460,9
93461,7
93462,12
93463,9
93464,8
93465,8
93466,8
93467,12
93468,10
93469,11
93470,10
93471,8
93472,16
93473,7
93474,7
93475,7
93476,13
93477,11
93478,7
93479,8
93480,7
93481,10
93482,14
93483,7
93484,9
93485,13
93486,10
93487,8
93488,4
93489,11
93490,10
93491,10
93492,15
93493,12
93494,11
93495,10
93496,10
93497,13
93498,7
93499,8
93500,9
93501,12
93502,8
93503,6
93504,10
93505,10
93506,9
93507,8
93508,11
93509,8
93510,8
93511,10
93512,11
93513,7
93514,11
93515,8
93516,11
93517,6
93518,14
93519,9
93520,10
93521,8
93522,10
93523,9
93524,10
93525,10
93526,11
93527,7
93528,10
93529,11
93530,7
93531,11
93532,7
93533,11
93534,10
93535,9
93536,12
93537,9
93538,8
93539,10
93540,5
93541,11
93542,9
93543,11
93544,7
93545,7
93546,9
93547,8
93548,6
93549,10
93550,7
93551,10
93552,9
93553,12
93554,11
93555,4
93556,9
93557,7
93558,12
93559,8
93560,11
93561,6
93562,12
93563,7
93564,10
93565,9
93566,14
93567,6
93568,14
93569,12
93570,7
93571,10
93572,10
93573,9
93574,7
93575,4
93576,12
93577,14
93578,10
93579,10
93580,9
93581,10
93582,6
93583,4
93584,12
93585,7
93586,5
93587,16
93588,9
93589,7
93590,10
93591,7
93592,9
93593,11
93594,10
93595,10
93596,6
93597,16
93598,10
93599,13
93600,7
93601,9
93602,14
93603,11
93604,11
93605,10
93606,10
93607,8
93608,8
93609,12
93610,11
93611,10
93612,10
93613,8
93614,10
93615,11
93616,9
93617,8
93618,11
93619,9
93620,13
93621,11
93622,10
93623,10
93624,11
93625,10
93626,11
93627,12
93628,15
93629,15
93630,12
93631,13
93632,9
93633,10
93634,13
93635,10
93636,7
93637,10
93638,10
93639,8
93640,10
93641,8
93642,11
93643,16
93644,11
93645,6
93646,7
93647,7
93648,8
93649,6
93650,9
93651,10
93652,10
93653,8
93654,9
93655,10
93656,6
93657,9
93658,11
93659,11
93660,13
93661,8
93662,6
93663,5
93664,14
93665,12
93666,7
93667,10
93668,9
93669,10
93670,11
93671,10
93672,11
93673,11
93674,11
93675,10
93676,7
93677,5
93678,9
93679,10
93680,9
93681,9
93682,7
93683,8
93684,7
93685,10
93686,12
93687,11
93688,8
93689,10
93690,12
93691,7
93692,8
93693,9
93694,10
93695,10
93696,12
93697,6
93698,11
93699,6
93700,6
93701,6
93702,10
93703,14
93704,9
93705,12
93706,6
93707,7
93708,10
93709,9
93710,10
93711,8
93712,7
93713,10
93714,7
93715,10
93716,11
93717,12
93718,8
93719,11
93720,10
93721,5
93722,10
93723,8
93724,7
93725,9
93726,10
93727,10
93728,13
93729,7
93730,10
93731,12
93732,10
93733,8
93734,11
93735,11
93736,10
93737,12
93738,7
93739,10
93740,14
93741,6
93742,7
93743,16
93744,12
93745,11
93746,5
93747,4
93748,12
93749,14
93750,8
93751,9
93752,11
93753,10
93754,7
93755,11
93756,9
93757,12
93758,8
93759,12
93760,5
93761,10
93762,9
93763,11
93764,7
93765,12
93766,10
93767,14
93768,13
93769,10
93770,11
93771,7
93772,12
93773,5
93774,11
93775,7
93776,6
93777,4
93778,12
93779,6
93780,12
93781,11
93782,9
93783,7
93784,8
93785,9
93786,10
93787,4
93788,7
93789,9
93790,11
93791,12
93792,7
93793,9
93794,5
93795,10
93796,13
93797,9
93798,10
93799,9
93800,11
93801,10
93802,10
93803,11
93804,11
93805,7
93806,12
93807,7
93808,7
93809,9
93810,8
93811,15
93812,13
93813,10
93814,9
93815,10
93816,10
93817,7
93818,10
93819,11
93820,11
93821,15
93822,12
93823,5
93824,10
93825,10
93826,10
93827,10
93828,8
93829,10
93830,6
93831,11
93832,15
93833,8
93834,11
93835,7
93836,12
93837,9
93838,5
93839,7
93840,5
93841,9
93842,9
93843,13
93844,7
93845,11
93846,10
93847,9
93848,10
93849,15
93850,11
93851,10
93852,8
93853,9
93854,8
93855,10
93856,11
93857,10
93858,14
93859,6
93860,10
93861,7
93862,11
93863,12
93864,11
93865,7
93866,11
93867,12
93868,13
93869,11
93870,14
93871,14
93872,14
93873,15
93874,12
93875,11
93876,7
93877,9
93878,9
93879,12
93880,10
93881,10
93882,10
93883,9
93884,11
93885,8
93886,5
93887,12
93888,11
93889,7
93890,9
93891,10
93892,8
93893,9
93894,9
93895,11
93896,11
93897,10
93898,9
93899,9
93900,7
93901,8
93902,8
93903,8
93904,11
93905,13
93906,6
93907,10
93908,9
93909,7
93910,10
93911,11
93912,9
93913,11
93914,4
93915,10
93916,18
93917,6
93918,10
93919,11
93920,9
93921,10
93922,11
93923,9
93924,8
93925,11
93926,5
93927,8
93928,11
93929,11
93930,15
93931,6
93932,11
93933,10
93934,11
93935,10
93936,10
93937,11
93938,5
93939,10
93940,12
93941,6
93942,13
93943,10
93944,4
93945,6
93946,12
93947,5
93948,10
93949,12
93950,15
93951,11
93952,11
93953,10
93954,12
93955,9
93956,11
93957,11
93958,10
93959,9
93960,14
93961,12
93962,8
93963,10
93964,7
93965,11
93966,5
93967,11
93968,11
93969,11
93970,10
93971,12
93972,11
93973,6
93974,7
93975,12
93976,13
93977,10
93978,11
93979,9
93980,7
93981,8
93982,8
93983,6
93984,7
93985,5
93986,8
93987,13
93988,8
93989,10
93990,10
93991,10
93992,10
93993,14
93994,10
93995,6
93996,10
93997,9
93998,13
93999,6
94000,15
94001,13
94002,10
94003,12
94004,10
94005,9
94006,10
94007,16
94008,12
94009,9
94010,12
94011,10
94012,10
94013,10
94014,4
94015,11
94016,10
94017,11
94018,11
94019,7
94020,11
94021,12
94022,10
94023,11
94024,9
94025,15
94026,9
94027,10
94028,6
94029,14
94030,10
94031,12
94032,7
94033,7
94034,13
94035,8
94036,6
94037,8
94038,9
94039,15
94040,9
94041,13
94042,11
94043,11
94044,10
94045,11
94046,7
94047,11
94048,10
94049,10
94050,7
94051,12
94052,12
94053,8
94054,10
94055,12
94056,7
94057,12
94058,10
94059,11
94060,10
94061,11
94062,7
94063,7
94064,11
94065,8
94066,9
94067,6
94068,7
94069,8
94070,11
94071,11
94072,9
94073,4
94074,12
94075,11
94076,4
94077,10
94078,11
94079,10
94080,10
94081,11
94082,14
94083,14
94084,6
94085,9
94086,7
94087,6
94088,10
94089,10
94090,11
94091,4
94092,11
94093,12
94094,8
94095,11
94096,10
94097,8
94098,12
94099,8
94100,13
94101,7
94102,7
94103,10
94104,10
94105,6
94106,12
94107,6
94108,10
94109,9
94110,8
94111,13
94112,7
94113,8
94114,9
94115,12
94116,9
94117,9
94118,4
94119,12
94120,9
94121,9
94122,11
94123,6
94124,9
94125,11
94126,10
94127,7
94128,11
94129,11
94130,7
94131,9
94132,12
94133,11
94134,9
94135,6
94136,11
94137,9
94138,11
94139,10
94140,4
94141,8
94142,8
94143,10
94144,9
94145,11
94146,9
94147,9
94148,11
94149,11
94150,6
94151,10
94152,9
94153,9
94154,7
94155,13
94156,12
94157,7
94158,9
94159,10
94160,11
94161,10
94162,9
94163,11
94164,6
94165,9
94166,9
94167,9
94168,12
94169,9
94170,5
94171,6
94172,11
94173,15
94174,10
94175,9
94176,11
94177,10
94178,10
94179,9
94180,10
94181,11
94182,10
94183,10
94184,10
94185,4
94186,10
94187,10
94188,10
94189,12
94190,14
94191,6
94192,13
94193,9
94194,12
94195,10
94196,8
94197,12
94198,6
94199,10
94200,8
94201,11
94202,8
94203,9
94204,10
94205,10
94206,6
94207,10
94208,10
94209,9
94210,6
94211,11
94212,5
94213,11
94214,12
94215,12
94216,5
94217,6
94218,5
94219,7
94220,8
94221,9
94222,9
94223,12
94224,12
94225,11
94226,10
94227,10
94228,10
94229,13
94230,6
94231,11
94232,12
94233,10
94234,8
94235,8
94236,9
94237,10
94238,10
94239,9
94240,11
94241,12
94242,6
94243,10
94244,11
94245,11
94246,10
94247,12
94248,7
94249,11
94250,11
94251,7
94252,13
94253,9
94254,13
94255,7
94256,13
94257,9
94258,10
94259,11
94260,15
94261,12
94262,10
94263,9
94264,8
94265,10
94266,11
94267,10
94268,9
94269,11
94270,11
94271,10
94272,15
94273,12
94274,12
94275,8
94276,8
94277,9
94278,5
94279,11
94280,8
94281,11
94282,12
94283,11
94284,11
94285,11
94286,9
94287,10
94288,8
94289,9
94290,13
94291,12
94292,10
94293,10
94294,9
94295,9
94296,17
94297,9
94298,9
94299,6
94300,8
94301,9
94302,5
94303,11
94304,12
94305,10
94306,7
94307,12
94308,8
94309,8
94310,11
94311,10
94312,10
94313,6
94314,10
94315,11
94316,6
94317,10
94318,8
94319,14
94320,14
94321,4
94322,9
94323,13
94324,11
94325,4
94326,10
94327,12
94328,10
94329,9
94330,10
94331,4
94332,10
94333,6
94334,10
94335,10
94336,11
94337,12
94338,11
94339,10
94340,8
94341,9
94342,8
94343,9
94344,10
94345,10
94346,9
94347,10
94348,10
94349,6
94350,10
94351,6
94352,10
94353,10
94354,10
94355,5
94356,10
94357,11
94358,8
94359,6
94360,13
94361,11
94362,11
94363,11
94364,8
94365,10
94366,9
94367,9
94368,9
94369,9
94370,11
94371,10
94372,12
94373,18
94374,9
94375,8
94376,11
94377,10
94378,8
94379,10
94380,9
94381,9
94382,10
94383,12
94384,5
94385,9
94386,8
94387,9
94388,12
94389,7
94390,13
94391,7
94392,13
94393,11
94394,9
94395,8
94396,10
94397,10
94398,7
94399,6
94400,10
94401,10
94402,13
94403,9
94404,12
94405,11
94406,6
94407,11
94408,13
94409,6
94410,10
94411,10
94412,11
94413,13
94414,10
94415,13
94416,10
94417,10
94418,10
94419,11
94420,12
94421,10
94422,10
94423,12
94424,13
94425,11
94426,6
94427,8
94428,11
94429,10
94430,10
94431,11
94432,10
94433,4
94434,12
94435,10
94436,9
94437,14
94438,12
94439,8
94440,14
94441,9
94442,10
94443,4
94444,11
94445,15
94446,7
94447,11
94448,8
94449,8
94450,12
94451,10
94452,13
94453,11
94454,8
94455,12
94456,12
94457,12
94458,9
94459,7
94460,12
94461,5
94462,12
94463,9
94464,9
94465,11
94466,10
94467,7
94468,10
94469,11
94470,10
94471,6
94472,11
94473,11
94474,5
94475,11
94476,9
94477,4
94478,8
94479,13
94480,11
94481,10
94482,11
94483,4
94484,8
94485,8
94486,5
94487,5
94488,11
94489,13
94490,10
94491,9
94492,13
94493,7
94494,13
94495,12
94496,5
94497,12
94498,13
94499,9
94500,12
94501,10
94502,11
94503,8
94504,10
94505,10
94506,13
94507,8
94508,7
94509,11
94510,11
94511,6
94512,8
94513,9
94514,10
94515,11
94516,9
94517,12
94518,12
94519,12
94520,12
94521,10
94522,13
94523,10
94524,8
94525,7
94526,11
94527,15
94528,13
94529,10
94530,9
94531,5
94532,11
94533,10
94534,6
94535,10
94536,9
94537,11
94538,9
94539,11
94540,10
94541,10
94542,10
94543,9
94544,13
94545,15
94546,8
94547,9
94548,4
94549,6
94550,9
94551,4
94552,6
94553,12
94554,11
94555,8
94556,7
94557,9
94558,11
94559,10
94560,8
94561,6
94562,9
94563,13
94564,8
94565,11
94566,8
94567,9
94568,8
94569,10
94570,11
94571,9
94572,10
94573,11
94574,11
94575,10
94576,11
94577,11
94578,12
94579,9
94580,12
94581,11
94582,6
94583,9
94584,6
94585,9
94586,9
94587,10
94588,7
94589,12
94590,12
94591,9
94592,9
94593,10
94594,9
94595,10
94596,13
94597,11
94598,11
94599,8
94600,11
94601,11
94602,9
94603,8
94604,10
94605,8
94606,8
94607,8
94608,10
94609,13
94610,10
94611,7
94612,13
94613,8
94614,8
94615,11
94616,8
94617,11
94618,12
94619,10
94620,8
94621,7
94622,8
94623,10
94624,13
94625,11
94626,6
94627,12
94628,10
94629,7
94630,9
94631,10
94632,9
94633,10
94634,10
94635,12
94636,9
94637,8
94638,10
94639,10
94640,9
94641,10
94642,9
94643,12
94644,10
94645,12
94646,13
94647,10
94648,7
94649,10
94650,9
94651,7
94652,10
94653,12
94654,8
94655,11
94656,9
94657,13
94658,9
94659,9
94660,11
94661,15
94662,11
94663,15
94664,5
94665,11
94666,6
94667,7
94668,8
94669,8
94670,9
94671,12
94672,8
94673,10
94674,9
94675,7
94676,13
94677,10
94678,7
94679,10
94680,8
94681,7
94682,10
94683,12
94684,9
94685,13
94686,10
94687,9
94688,9
94689,13
94690,6
94691,12
94692,10
94693,11
94694,14
94695,10
94696,7
94697,11
94698,11
94699,7
94700,10
94701,11
94702,7
94703,7
94704,11
94705,9
94706,8
94707,8
94708,13
94709,9
94710,7
94711,7
94712,7
94713,12
94714,12
94715,5
94716,9
94717,11
94718,6
94719,6
94720,8
94721,9
94722,11
94723,8
94724,11
94725,10
94726,7
94727,11
94728,10
94729,8
94730,11
94731,9
94732,9
94733,12
94734,12
94735,6
94736,7
94737,11
94738,12
94739,11
94740,12
94741,5
94742,10
94743,8
94744,7
94745,11
94746,8
94747,12
94748,10
94749,11
94750,7
94751,8
94752,9
94753,7
94754,7
94755,6
94756,10
94757,10
94758,8
94759,10
94760,8
94761,11
94762,10
94763,12
94764,12
94765,7
94766,9
94767,10
94768,10
94769,8
94770,7
94771,8
94772,10
94773,10
94774,11
94775,9
94776,10
94777,7
94778,10
94779,8
94780,6
94781,10
94782,8
94783,12
94784,11
94785,13
94786,10
94787,8
94788,9
94789,7
94790,10
94791,10
94792,11
94793,7
94794,8
94795,10
94796,10
94797,9
94798,9
94799,12
94800,4
94801,7
94802,13
94803,16
94804,12
94805,9
94806,10
94807,9
94808,5
94809,9
94810,10
94811,13
94812,8
94813,10
94814,10
94815,9
94816,12
94817,12
94818,11
94819,9
94820,11
94821,5
94822,5
94823,11
94824,11
94825,9
94826,9
94827,10
94828,8
94829,9
94830,7
94831,11
94832,15
94833,11
94834,8
94835,9
94836,12
94837,10
94838,15
94839,4
94840,10
94841,11
94842,7
94843,7
94844,10
94845,9
94846,12
94847,4
94848,11
94849,7
94850,11
94851,9
94852,9
94853,11
94854,11
94855,11
94856,8
94857,12
94858,9
94859,8
94860,9
94861,16
94862,16
94863,11
94864,7
94865,10
94866,9
94867,11
94868,9
94869,8
94870,12
94871,8
94872,6
94873,7
94874,9
94875,9
94876,10
94877,10
94878,11
94879,10
94880,12
94881,10
94882,11
94883,11
94884,11
94885,5
94886,9
94887,7
94888,11
94889,16
94890,10
94891,9
94892,10
94893,8
94894,10
94895,7
94896,10
94897,12
94898,7
94899,11
94900,8
94901,10
94902,11
94903,11
94904,11
94905,7
94906,6
94907,8
94908,7
94909,9
94910,10
94911,7
94912,11
94913,10
94914,13
94915,8
94916,11
94917,13
94918,10
94919,10
94920,10
94921,6
94922,8
94923,10
94924,11
94925,10
94926,13
94927,11
94928,8
94929,9
94930,5
94931,11
94932,11
94933,12
94934,10
94935,5
94936,9
94937,9
94938,12
94939,11
94940,11
94941,11
94942,8
94943,10
94944,8
94945,11
94946,12
94947,11
94948,10
94949,8
94950,10
94951,12
94952,9
94953,10
94954,8
94955,9
94956,12
94957,7
94958,6
94959,9
94960,10
94961,11
94962,10
94963,6
94964,8
94965,9
94966,12
94967,13
94968,8
94969,13
94970,8
94971,9
94972,6
94973,10
94974,8
94975,13
94976,8
94977,9
94978,9
94979,14
94980,8
94981,10
94982,6
94983,11
94984,9
94985,7
94986,12
94987,10
94988,8
94989,5
94990,11
94991,13
94992,6
94993,11
94994,12
94995,7
94996,14
94997,9
94998,11
94999,8
95000,10
95001,7
95002,8
95003,10
95004,12
95005,8
95006,8
95007,14
95008,11
95009,10
95010,7
95011,11
95012,11
95013,5
95014,9
95015,7
95016,8
95017,12
95018,4
95019,11
95020,6
95021,10
95022,6
95023,7
95024,9
95025,12
95026,12
95027,12
95028,9
95029,10
95030,11
95031,10
95032,10
95033,12
95034,11
95035,10
95036,8
95037,8
95038,9
95039,13
95040,10
95041,9
95042,5
95043,10
95044,9
95045,11
95046,6
95047,10
95048,10
95049,10
95050,13
95051,12
95052,15
95053,14
95054,8
95055,9
95056,8
95057,5
95058,9
95059,9
95060,12
95061,11
95062,10
95063,14
95064,11
95065,13
95066,7
95067,6
95068,9
95069,12
95070,13
95071,7
95072,7
95073,10
95074,8
95075,10
95076,6
95077,10
95078,7
95079,6
95080,14
95081,10
95082,8
95083,11
95084,11
95085,7
95086,8
95087,7
95088,12
95089,10
95090,6
95091,13
95092,13
95093,4
95094,10
95095,13
95096,10
95097,13
95098,7
95099,11
95100,11
95101,9
95102,12
95103,6
95104,11
95105,5
95106,12
95107,10
95108,7
95109,8
95110,10
95111,9
95112,11
95113,14
95114,12
95115,6
95116,7
95117,11
95118,12
95119,8
95120,10
95121,12
95122,14
95123,7
95124,9
95125,10
95126,15
95127,11
95128,7
95129,4
95130,10
95131,10
95132,9
95133,9
95134,8
95135,11
95136,13
95137,10
95138,10
95139,13
95140,8
95141,11
95142,7
95143,9
95144,12
95145,4
95146,11
95147,6
95148,7
95149,11
95150,7
95151,10
95152,8
95153,9
95154,14
95155,9
95156,10
95157,10
95158,6
95159,13
95160,9
95161,10
95162,7
95163,7
95164,7
95165,13
95166,10
95167,6
95168,4
95169,9
95170,11
95171,7
95172,11
95173,11
95174,5
95175,11
95176,9
95177,12
95178,11
95179,10
95180,10
95181,11
95182,11
95183,11
95184,10
95185,9
95186,11
95187,10
95188,6
95189,14
95190,6
95191,11
95192,8
95193,9
95194,8
95195,10
95196,11
95197,12
95198,9
95199,11
95200,14
95201,14
95202,11
95203,12
95204,10
95205,10
95206,4
95207,12
95208,11
95209,10
95210,10
95211,11
95212,7
95213,9
95214,8
95215,5
95216,7
95217,15
95218,7
95219,10
95220,8
95221,6
95222,5
95223,10
95224,10
95225,11
95226,10
95227,10
95228,10
95229,6
95230,8
95231,9
95232,9
95233,7
95234,13
95235,9
95236,12
95237,11
95238,9
95239,9
95240,11
95241,10
95242,7
95243,7
95244,5
95245,11
95246,6
95247,11
95248,9
95249,7
95250,11
95251,9
95252,10
95253,10
95254,12
95255,13
95256,12
95257,9
95258,10
95259,10
95260,11
95261,12
95262,10
95263,12
95264,10
95265,9
95266,6
95267,5
95268,11
95269,10
95270,4
95271,11
95272,11
95273,9
95274,8
95275,9
95276,15
95277,9
95278,11
95279,9
95280,11
95281,8
95282,16
95283,11
95284,12
95285,17
95286,11
95287,11
95288,7
95289,8
95290,12
95291,8
95292,7
95293,7
95294,5
95295,10
95296,10
95297,10
95298,7
95299,14
95300,14
95301,12
95302,10
95303,10
95304,10
95305,13
95306,10
95307,9
95308,14
95309,8
95310,7
95311,12
95312,11
95313,6
95314,11
95315,7
95316,11
95317,10
95318,11
95319,12
95320,7
95321,12
95322,12
95323,9
95324,10
95325,8
95326,9
95327,7
95328,10
95329,11
95330,5
95331,12
95332,11
95333,5
95334,10
95335,8
95336,11
95337,10
95338,9
95339,11
95340,5
95341,11
95342,8
95343,8
95344,8
95345,13
95346,12
95347,10
95348,11
95349,14
95350,13
95351,11
95352,10
95353,8
95354,10
95355,10
95356,7
95357,10
95358,11
95359,14
95360,12
95361,10
95362,11
95363,11
95364,11
95365,10
95366,10
95367,6
95368,9
95369,10
95370,14
95371,6
95372,11
95373,7
95374,16
95375,11
95376,12
95377,4
95378,10
95379,13
95380,10
95381,10
95382,10
95383,11
95384,12
95385,10
95386,13
95387,8
95388,11
95389,10
95390,10
95391,8
95392,10
95393,10
95394,8
95395,8
95396,11
95397,10
95398,10
95399,6
95400,11
95401,17
95402,9
95403,11
95404,10
95405,8
95406,7
95407,8
95408,10
95409,12
95410,11
95411,11
95412,11
95413,7
95414,12
95415,11
95416,10
95417,9
95418,12
95419,13
95420,10
95421,11
95422,12
95423,12
95424,11
95425,9
95426,11
95427,10
95428,9
95429,15
95430,15
95431,7
95432,12
95433,9
95434,12
95435,10
95436,13
95437,12
95438,12
95439,10
95440,12
95441,5
95442,10
95443,10
95444,10
95445,8
95446,8
95447,9
95448,5
95449,7
95450,4
95451,10
95452,11
95453,12
95454,11
95455,7
95456,4
95457,9
95458,10
95459,8
95460,10
95461,6
95462,9
95463,12
95464,8
95465,7
95466,9
95467,10
95468,11
95469,11
95470,12
95471,9
95472,9
95473,6
95474,8
95475,12
95476,5
95477,8
95478,8
95479,8
95480,14
95481,11
95482,10
95483,10
95484,10
95485,15
95486,10
95487,15
95488,6
95489,10
95490,12
95491,6
95492,5
95493,10
95494,11
95495,7
95496,10
95497,6
95498,9
95499,12
95500,10
95501,9
95502,10
95503,10
95504,10
95505,11
95506,12
95507,7
95508,12
95509,11
95510,4
95511,10
95512,9
95513,6
95514,9
95515,7
95516,10
95517,10
95518,7
95519,9
95520,7
95521,12
95522,13
95523,10
95524,14
95525,6
95526,12
95527,11
95528,12
95529,9
95530,8
95531,6
95532,9
95533,11
95534,10
95535,10
95536,16
95537,10
95538,10
95539,12
95540,10
95541,6
95542,9
95543,13
95544,8
95545,10
95546,9
95547,10
95548,13
95549,8
95550,15
95551,12
95552,12
95553,10
95554,5
95555,12
95556,9
95557,12
95558,8
95559,7
95560,10
95561,13
95562,4
95563,13
95564,8
95565,9
95566,11
95567,8
95568,10
95569,10
95570,13
95571,13
95572,14
95573,8
95574,9
95575,11
95576,11
95577,10
95578,10
95579,9
95580,9
95581,9
95582,9
95583,11
95584,10
95585,12
95586,12
95587,11
95588,9
95589,8
95590,10
95591,7
95592,14
95593,11
95594,12
95595,11
95596,13
95597,12
95598,6
95599,11
95600,11
95601,10
95602,15
95603,6
95604,9
95605,9
95606,10
95607,10
95608,9
95609,5
95610,11
95611,9
95612,12
95613,14
95614,11
95615,8
95616,6
95617,11
95618,11
95619,10
95620,11
95621,5
95622,7
95623,9
95624,9
95625,9
95626,9
95627,11
95628,9
95629,7
95630,8
95631,15
95632,7
95633,12
95634,9
95635,6
95636,10
95637,12
95638,9
95639,13
95640,8
95641,7
95642,8
95643,10
95644,11
95645,9
95646,6
95647,10
95648,6
95649,6
95650,10
95651,8
95652,11
95653,11
95654,7
95655,10
95656,10
95657,14
95658,15
95659,9
95660,10
95661,10
95662,9
95663,12
95664,8
95665,6
95666,7
95667,12
95668,6
95669,11
95670,15
95671,12
95672,9
95673,12
95674,8
95675,16
95676,11
95677,12
95678,7
95679,9
95680,11
95681,9
95682,10
95683,10
95684,4
95685,11
95686,9
95687,11
95688,10
95689,11
95690,9
95691,6
95692,15
95693,13
95694,8
95695,10
95696,5
95697,12
95698,14
95699,13
95700,7
95701,9
95702,10
95703,8
95704,14
95705,11
95706,11
95707,11
95708,9
95709,9
95710,12
95711,8
95712,9
95713,11
95714,10
95715,8
95716,10
95717,13
95718,9
95719,15
95720,13
95721,6
95722,8
95723,6
95724,5
95725,10
95726,10
95727,5
95728,4
95729,14
95730,9
95731,12
95732,11
95733,6
95734,8
95735,9
95736,6
95737,6
95738,9
95739,5
95740,11
95741,5
95742,8
95743,11
95744,12
95745,11
95746,9
95747,12
95748,10
95749,5
95750,12
95751,10
95752,8
95753,11
95754,14
95755,10
95756,10
95757,8
95758,9
95759,11
95760,12
95761,9
95762,6
95763,10
95764,10
95765,11
95766,11
95767,9
95768,8
95769,6
95770,12
95771,11
95772,7
95773,12
95774,8
95775,10
95776,7
95777,8
95778,9
95779,9
95780,11
95781,13
95782,11
95783,11
95784,9
95785,17
95786,12
95787,10
95788,5
95789,10
95790,10
95791,6
95792,10
95793,10
95794,10
95795,7
95796,10
95797,6
95798,9
95799,10
95800,6
95801,8
95802,11
95803,10
95804,10
95805,10
95806,10
95807,10
95808,9
95809,7
95810,10
95811,7
95812,16
95813,12
95814,9
95815,7
95816,10
95817,15
95818,9
95819,7
95820,10
95821,9
95822,8
95823,14
95824,10
95825,10
95826,11
95827,9
95828,14
95829,10
95830,8
95831,11
95832,5
95833,11
95834,10
95835,6
95836,11
95837,9
95838,7
95839,8
95840,7
95841,10
95842,8
95843,10
95844,4
95845,10
95846,6
95847,11
95848,5
95849,11
95850,8
95851,7
95852,10
95853,13
95854,9
95855,8
95856,10
95857,8
95858,9
95859,6
95860,14
95861,11
95862,6
95863,7
95864,9
95865,4
95866,12
95867,10
95868,8
95869,11
95870,10
95871,9
95872,10
95873,10
95874,14
95875,10
95876,13
95877,7
95878,6
95879,10
95880,7
95881,7
95882,7
95883,8
95884,9
95885,14
95886,13
95887,6
95888,15
95889,6
95890,7
95891,11
95892,9
95893,11
95894,9
95895,9
95896,9
95897,9
95898,9
95899,9
95900,13
95901,7
95902,11
95903,7
95904,12
95905,5
95906,10
95907,10
95908,10
95909,8
95910,11
95911,15
95912,10
95913,9
95914,9
95915,7
95916,12
95917,9
95918,9
95919,12
95920,14
95921,13
95922,16
95923,10
95924,4
95925,15
95926,10
95927,10
95928,8
95929,8
95930,9
95931,11
95932,9
95933,13
95934,12
95935,7
95936,9
95937,9
95938,7
95939,6
95940,11
95941,9
95942,4
95943,5
95944,10
95945,13
95946,8
95947,10
95948,10
95949,11
95950,8
95951,10
95952,12
95953,11
95954,8
95955,9
95956,11
95957,9
95958,9
95959,13
95960,12
95961,9
95962,12
95963,10
95964,7
95965,9
95966,10
95967,11
95968,10
95969,7
95970,11
95971,5
95972,15
95973,11
95974,15
95975,9
95976,11
95977,7
95978,10
95979,10
95980,8
95981,8
95982,9
95983,8
95984,10
95985,8
95986,11
95987,10
95988,10
95989,13
95990,9
95991,10
95992,11
95993,12
95994,7
95995,10
95996,12
95997,10
95998,8
95999,11
96000,17
96001,10
96002,11
96003,4
96004,9
96005,9
96006,11
96007,9
96008,9
96009,9
96010,9
96011,9
96012,13
96013,11
96014,8
96015,11
96016,12
96017,9
96018,8
96019,6
96020,14
96021,9
96022,9
96023,9
96024,10
96025,6
96026,10
96027,7
96028,16
96029,8
96030,5
96031,10
96032,5
96033,11
96034,11
96035,9
96036,10
96037,10
96038,10
96039,13
96040,10
96041,13
96042,12
96043,7
96044,10
96045,9
96046,7
96047,10
96048,10
96049,8
96050,11
96051,10
96052,9
96053,9
96054,12
96055,10
96056,10
96057,12
96058,10
96059,5
96060,10
96061,11
96062,11
96063,14
96064,7
96065,9
96066,10
96067,9
96068,10
96069,6
96070,12
96071,9
96072,8
96073,13
96074,12
96075,8
96076,9
96077,9
96078,9
96079,14
96080,11
96081,5
96082,9
96083,8
96084,10
96085,10
96086,8
96087,8
96088,11
96089,10
96090,8
96091,6
96092,7
96093,10
96094,9
96095,8
96096,11
96097,10
96098,8
96099,7
96100,9
96101,13
96102,11
96103,10
96104,11
96105,11
96106,7
96107,12
96108,10
96109,7
96110,10
96111,13
96112,6
96113,11
96114,8
96115,13
96116,13
96117,10
96118,7
96119,10
96120,12
96121,10
96122,5
96123,11
96124,12
96125,12
96126,14
96127,11
96128,10
96129,10
96130,11
96131,10
96132,6
96133,10
96134,10
96135,8
96136,8
96137,5
96138,8
96139,11
96140,12
96141,9
96142,9
96143,11
96144,10
96145,9
96146,13
96147,16
96148,10
96149,8
96150,7
96151,10
96152,8
96153,10
96154,8
96155,10
96156,11
96157,9
96158,12
96159,13
96160,11
96161,11
96162,10
96163,10
96164,13
96165,13
96166,9
96167,14
96168,7
96169,12
96170,12
96171,4
96172,7
96173,10
96174,10
96175,12
96176,13
96177,8
96178,7
96179,12
96180,9
96181,5
96182,7
96183,10
96184,10
96185,11
96186,11
96187,11
96188,8
96189,9
96190,12
96191,4
96192,8
96193,14
96194,4
96195,10
96196,12
96197,9
96198,14
96199,7
96200,11
96201,12
96202,7
96203,11
96204,8
96205,7
96206,10
96207,13
96208,13
96209,8
96210,14
96211,6
96212,12
96213,4
96214,8
96215,6
96216,9
96217,9
96218,10
96219,7
96220,9
96221,12
96222,10
96223,11
96224,13
96225,7
96226,10
96227,10
96228,11
96229,11
96230,10
96231,5
96232,10
96233,13
96234,9
96235,11
96236,10
96237,11
96238,17
96239,9
96240,8
96241,11
96242,13
96243,10
96244,7
96245,15
96246,13
96247,11
96248,9
96249,9
96250,10
96251,8
96252,11
96253,9
96254,12
96255,12
96256,12
96257,8
96258,9
96259,13
96260,13
96261,11
96262,8
96263,11
96264,11
96265,10
96266,7
96267,10
96268,10
96269,5
96270,7
96271,9
96272,15
96273,10
96274,9
96275,11
96276,9
96277,9
96278,6
96279,13
96280,9
96281,9
96282,8
96283,10
96284,13
96285,9
96286,10
96287,8
96288,8
96289,7
96290,10
96291,10
96292,15
96293,10
96294,18
96295,11
96296,12
96297,11
96298,13
96299,9
96300,11
96301,10
96302,15
96303,9
96304,12
96305,10
96306,11
96307,11
96308,9
96309,10
96310,9
96311,11
96312,10
96313,9
96314,12
96315,5
96316,10
96317,10
96318,14
96319,10
96320,9
96321,9
96322,15
96323,11
96324,9
96325,6
96326,12
96327,10
96328,12
96329,10
96330,7
96331,7
96332,8
96333,10
96334,12
96335,11
96336,9
96337,10
96338,10
96339,12
96340,9
96341,11
96342,11
96343,10
96344,12
96345,8
96346,13
96347,9
96348,7
96349,4
96350,10
96351,5
96352,11
96353,6
96354,9
96355,10
96356,9
96357,10
96358,10
96359,10
96360,13
96361,9
96362,8
96363,12
96364,9
96365,9
96366,6
96367,6
96368,16
96369,6
96370,7
96371,14
96372,10
96373,8
96374,12
96375,6
96376,12
96377,7
96378,10
96379,9
96380,10
96381,9
96382,10
96383,11
96384,4
96385,8
96386,13
96387,8
96388,10
96389,12
96390,10
96391,9
96392,10
96393,9
96394,10
96395,13
96396,10
96397,10
96398,7
96399,10
96400,12
96401,10
96402,10
96403,9
96404,7
96405,7
96406,7
96407,9
96408,9
96409,10
96410,8
96411,11
96412,11
96413,4
96414,7
96415,11
96416,8
96417,13
96418,13
96419,12
96420,7
96421,5
96422,11
96423,11
96424,10
96425,8
96426,9
96427,12
96428,12
96429,9
96430,8
96431,12
96432,11
96433,10
96434,7
96435,10
96436,4
96437,10
96438,6
96439,9
96440,9
96441,11
96442,7
96443,11
96444,9
96445,10
96446,9
96447,11
96448,11
96449,12
96450,9
96451,10
96452,8
96453,11
96454,10
96455,6
96456,8
96457,12
96458,9
96459,7
96460,10
96461,9
96462,4
96463,10
96464,7
96465,10
96466,10
96467,9
96468,10
96469,11
96470,10
96471,11
96472,10
96473,8
96474,6
96475,8
96476,10
96477,5
96478,7
96479,8
96480,6
96481,10
96482,11
96483,8
96484,6
96485,13
96486,11
96487,7
96488,13
96489,5
96490,11
96491,9
96492,11
96493,7
96494,7
96495,12
96496,13
96497,9
96498,5
96499,10
96500,10
96501,11
96502,10
96503,9
96504,6
96505,11
96506,11
96507,11
96508,8
96509,7
96510,10
96511,9
96512,10
96513,8
96514,10
96515,12
96516,13
96517,7
96518,7
96519,14
96520,7
96521,9
96522,11
96523,7
96524,6
96525,8
96526,10
96527,9
96528,9
96529,10
96530,9
96531,10
96532,10
96533,10
96534,11
96535,16
96536,7
96537,11
96538,11
96539,14
96540,9
96541,10
96542,13
96543,10
96544,11
96545,7
96546,12
96547,8
96548,10
96549,12
96550,7
96551,9
96552,10
96553,8
96554,13
96555,8
96556,9
96557,9
96558,11
96559,6
96560,11
96561,10
96562,12
96563,7
96564,9
96565,10
96566,7
96567,6
96568,12
96569,11
96570,11
96571,10
96572,8
96573,6
96574,11
96575,11
96576,7
96577,12
96578,6
96579,17
96580,10
96581,11
96582,13
96583,9
96584,6
96585,10
96586,8
96587,14
96588,11
96589,6
96590,11
96591,10
96592,7
96593,12
96594,6
96595,11
96596,4
96597,9
96598,10
96599,10
96600,10
96601,12
96602,10
96603,11
96604,11
96605,7
96606,10
96607,11
96608,9
96609,10
96610,12
96611,5
96612,7
96613,12
96614,6
96615,16
96616,11
96617,12
96618,9
96619,6
96620,12
96621,10
96622,7
96623,12
96624,9
96625,11
96626,6
96627,11
96628,11
96629,11
96630,13
96631,9
96632,8
96633,8
96634,11
96635,11
96636,6
96637,13
96638,11
96639,10
96640,10
96641,6
96642,12
96643,9
96644,8
96645,10
96646,11
96647,14
96648,7
96649,10
96650,9
96651,10
96652,11
96653,10
96654,11
96655,13
96656,9
96657,9
96658,4
96659,11
96660,8
96661,15
96662,9
96663,10
96664,5
96665,11
96666,11
96667,10
96668,11
96669,11
96670,7
96671,4
96672,8
96673,7
96674,10
96675,11
96676,12
96677,10
96678,11
96679,11
96680,7
96681,6
96682,11
96683,11
96684,9
96685,6
96686,10
96687,11
96688,7
96689,10
96690,7
96691,12
96692,9
96693,10
96694,12
96695,15
96696,12
96697,5
96698,11
96699,10
96700,9
96701,9
96702,6
96703,12
96704,9
96705,10
96706,10
96707,11
96708,11
96709,9
96710,11
96711,9
96712,11
96713,7
96714,11
96715,8
96716,11
96717,8
96718,8
96719,11
96720,11
96721,9
96722,8
96723,8
96724,14
96725,8
96726,12
96727,13
96728,11
96729,10
96730,10
96731,12
96732,5
96733,4
96734,10
96735,9
96736,7
96737,11
96738,7
96739,9
96740,11
96741,9
96742,10
96743,8
96744,8
96745,11
96746,10
96747,11
96748,9
96749,10
96750,11
96751,12
96752,11
96753,14
96754,9
96755,10
96756,6
96757,8
96758,12
96759,8
96760,9
96761,10
96762,12
96763,13
96764,6
96765,13
96766,10
96767,8
96768,9
96769,8
96770,12
96771,7
96772,9
96773,12
96774,9
96775,12
96776,8
96777,11
96778,10
96779,11
96780,11
96781,7
96782,13
96783,7
96784,15
96785,12
96786,11
96787,9
96788,11
96789,13
96790,9
96791,12
96792,11
96793,7
96794,12
96795,10
96796,12
96797,10
96798,11
96799,9
96800,11
96801,11
96802,10
96803,12
96804,13
96805,15
96806,10
96807,10
96808,4
96809,6
96810,11
96811,10
96812,10
96813,9
96814,10
96815,11
96816,12
96817,13
96818,16
96819,11
96820,7
96821,11
96822,10
96823,9
96824,10
96825,12
96826,12
96827,5
96828,10
96829,9
96830,7
96831,8
96832,10
96833,11
96834,13
96835,10
96836,8
96837,9
96838,14
96839,8
96840,10
96841,8
96842,11
96843,7
96844,13
96845,11
96846,11
96847,9
96848,17
96849,7
96850,13
96851,11
96852,8
96853,11
96854,9
96855,13
96856,10
96857,10
96858,9
96859,7
96860,10
96861,9
96862,16
96863,11
96864,10
96865,11
96866,12
96867,10
96868,10
96869,12
96870,12
96871,12
96872,10
96873,9
96874,10
96875,10
96876,11
96877,10
96878,9
96879,9
96880,6
96881,9
96882,7
96883,9
96884,11
96885,10
96886,7
96887,11
96888,9
96889,6
96890,11
96891,6
96892,12
96893,7
96894,7
96895,7
96896,10
96897,11
96898,12
96899,12
96900,11
96901,8
96902,4
96903,11
96904,13
96905,5
96906,9
96907,10
96908,13
96909,4
96910,9
96911,10
96912,12
96913,9
96914,8
96915,5
96916,13
96917,9
96918,12
96919,7
96920,10
96921,14
96922,10
96923,8
96924,10
96925,8
96926,9
96927,8
96928,11
96929,8
96930,8
96931,11
96932,11
96933,10
96934,15
96935,9
96936,11
96937,10
96938,6
96939,10
96940,8
96941,10
96942,11
96943,11
96944,10
96945,8
96946,7
96947,9
96948,11
96949,13
96950,14
96951,12
96952,11
96953,10
96954,8
96955,5
96956,10
96957,8
96958,10
96959,15
96960,10
96961,9
96962,5
96963,7
96964,11
96965,12
96966,11
96967,10
96968,13
96969,14
96970,8
96971,12
96972,12
96973,8
96974,10
96975,9
96976,9
96977,15
96978,8
96979,9
96980,8
96981,12
96982,9
96983,7
96984,10
96985,9
96986,12
96987,9
96988,7
96989,9
96990,12
96991,8
96992,12
96993,6
96994,16
96995,7
96996,10
96997,10
96998,10
96999,9
97000,10
97001,12
97002,11
97003,15
97004,11
97005,10
97006,9
97007,13
97008,11
97009,8
97010,10
97011,10
97012,8
97013,10
97014,4
97015,8
97016,9
97017,7
97018,10
97019,11
97020,7
97021,11
97022,14
97023,10
97024,11
97025,10
97026,12
97027,13
97028,10
97029,6
97030,11
97031,7
97032,5
97033,11
97034,9
97035,11
97036,8
97037,6
97038,13
97039,7
97040,9
97041,15
97042,10
97043,11
97044,11
97045,10
97046,7
97047,8
97048,10
97049,7
97050,11
97051,10
97052,10
97053,12
97054,9
97055,7
97056,8
97057,6
97058,12
97059,8
97060,11
97061,10
97062,10
97063,12
97064,10
97065,10
97066,8
97067,12
97068,10
97069,12
97070,10
97071,9
97072,10
97073,10
97074,11
97075,4
97076,9
97077,12
97078,7
97079,11
97080,12
97081,10
97082,9
97083,12
97084,9
97085,8
97086,12
97087,13
97088,10
97089,10
97090,10
97091,10
97092,10
97093,10
97094,8
97095,6
97096,7
97097,12
97098,6
97099,13
97100,10
97101,12
97102,9
97103,10
97104,10
97105,12
97106,9
97107,8
97108,10
97109,6
97110,17
97111,15
97112,9
97113,9
97114,9
97115,9
97116,11
97117,7
97118,11
97119,10
97120,8
97121,6
97122,8
97123,6
97124,11
97125,7
97126,15
97127,6
97128,12
97129,11
97130,12
97131,8
97132,10
97133,12
97134,10
97135,11
97136,11
97137,7
97138,5
97139,8
97140,14
97141,5
97142,4
97143,10
97144,12
97145,6
97146,7
97147,10
97148,9
97149,7
97150,9
97151,10
97152,7
97153,10
97154,13
97155,7
97156,9
97157,11
97158,7
97159,10
97160,9
97161,10
97162,10
97163,12
97164,17
97165,9
97166,11
97167,13
97168,6
97169,6
97170,10
97171,11
97172,10
97173,10
97174,5
97175,5
97176,10
97177,8
97178,12
97179,10
97180,14
97181,7
97182,9
97183,12
97184,11
97185,11
97186,12
97187,9
97188,12
97189,9
97190,8
97191,10
97192,12
97193,9
97194,7
97195,11
97196,9
97197,9
97198,11
97199,11
97200,9
97201,7
97202,11
97203,12
97204,8
97205,9
97206,10
97207,10
97208,10
97209,11
97210,12
97211,12
97212,12
97213,11
97214,7
97215,5
97216,11
97217,7
97218,13
97219,9
97220,9
97221,10
97222,10
97223,10
97224,13
97225,12
97226,7
97227,9
97228,7
97229,12
97230,11
97231,8
97232,7
97233,6
97234,10
97235,12
97236,9
97237,11
97238,15
97239,8
97240,8
97241,15
97242,11
97243,14
97244,11
97245,8
97246,10
97247,9
97248,12
97249,6
97250,9
97251,8
97252,10
97253,12
97254,6
97255,10
97256,11
97257,10
97258,12
97259,4
97260,9
97261,11
97262,8
97263,9
97264,6
97265,12
97266,10
97267,11
97268,12
97269,9
97270,10
97271,11
97272,4
97273,7
97274,7
97275,10
97276,8
97277,11
97278,9
97279,11
97280,14
97281,11
97282,11
97283,7
97284,10
97285,8
97286,11
97287,8
97288,4
97289,8
97290,10
97291,11
97292,13
97293,11
97294,10
97295,11
97296,12
97297,7
97298,5
97299,11
97300,8
97301,11
97302,8
97303,11
97304,11
97305,10
97306,9
97307,8
97308,15
97309,13
97310,5
97311,7
97312,8
97313,11
97314,11
97315,10
97316,11
97317,9
97318,7
97319,10
97320,10
97321,11
97322,10
97323,11
97324,9
97325,7
97326,11
97327,11
97328,6
97329,4
97330,10
97331,10
97332,11
97333,12
97334,10
97335,9
97336,10
97337,9
97338,10
97339,15
97340,8
97341,8
97342,11
97343,11
97344,9
97345,7
97346,9
97347,6
97348,6
97349,10
97350,12
97351,6
97352,11
97353,12
97354,7
97355,8
97356,10
97357,11
97358,6
97359,14
97360,10
97361,6
97362,10
97363,7
97364,15
97365,13
97366,11
97367,8
97368,6
97369,4
97370,12
97371,9
97372,10
97373,9
97374,10
97375,13
97376,10
97377,9
97378,10
97379,9
97380,9
97381,5
97382,10
97383,10
97384,9
97385,9
97386,11
97387,7
97388,10
97389,9
97390,5
97391,8
97392,14
97393,11
97394,13
97395,7
97396,8
97397,11
97398,11
97399,7
97400,13
97401,8
97402,10
97403,11
97404,10
97405,11
97406,10
97407,14
97408,10
97409,7
97410,10
97411,12
97412,4
97413,9
97414,11
97415,10
97416,11
97417,9
97418,11
97419,15
97420,6
97421,7
97422,6
97423,11
97424,8
97425,6
97426,11
97427,8
97428,9
97429,10
97430,12
97431,9
97432,9
97433,8
97434,11
97435,12
97436,10
97437,7
97438,10
97439,5
97440,10
97441,10
97442,9
97443,11
97444,11
97445,10
97446,12
97447,10
97448,8
97449,5
97450,10
97451,9
97452,9
97453,10
97454,10
97455,5
97456,8
97457,10
97458,13
97459,7
97460,4
97461,9
97462,6
97463,11
97464,11
97465,10
97466,10
97467,9
97468,10
97469,8
97470,10
97471,5
97472,11
97473,10
97474,8
97475,11
97476,6
97477,6
97478,9
97479,9
97480,10
97481,10
97482,11
97483,9
97484,7
97485,9
97486,9
97487,11
97488,8
97489,13
97490,12
97491,6
97492,8
97493,9
97494,11
97495,9
97496,13
97497,13
97498,12
97499,10
97500,7
97501,10
97502,9
97503,12
97504,10
97505,9
97506,7
97507,10
97508,9
97509,10
97510,9
97511,9
97512,9
97513,13
97514,11
97515,10
97516,11
97517,9
97518,11
97519,11
97520,5
97521,6
97522,17
97523,11
97524,6
97525,9
97526,5
97527,11
97528,11
97529,8
97530,11
97531,6
97532,8
97533,6
97534,6
97535,9
97536,12
97537,12
97538,9
97539,6
97540,13
97541,10
97542,10
97543,12
97544,12
97545,12
97546,10
97547,10
97548,7
97549,10
97550,9
97551,12
97552,13
97553,12
97554,11
97555,10
97556,9
97557,10
97558,13
97559,11
97560,7
97561,12
97562,12
97563,9
97564,7
97565,11
97566,12
97567,8
97568,7
97569,13
97570,10
97571,10
97572,12
97573,11
97574,6
97575,9
97576,9
97577,8
97578,8
97579,8
97580,10
97581,10
97582,8
97583,6
97584,10
97585,11
97586,11
97587,16
97588,9
97589,11
97590,6
97591,7
97592,10
97593,10
97594,14
97595,9
97596,11
97597,9
97598,8
97599,14
97600,9
97601,14
97602,6
97603,5
97604,7
97605,10
97606,10
97607,6
97608,11
97609,10
97610,7
97611,4
97612,11
97613,10
97614,4
97615,10
97616,12
97617,10
97618,9
97619,13
97620,12
97621,11
97622,7
97623,11
97624,10
97625,10
97626,11
97627,12
97628,9
97629,11
97630,9
97631,7
97632,6
97633,10
97634,13
97635,11
97636,8
97637,10
97638,9
97639,10
97640,10
97641,12
97642,8
97643,11
97644,9
97645,8
97646,8
97647,5
97648,12
97649,11
97650,9
97651,9
97652,9
97653,10
97654,13
97655,10
97656,9
97657,11
97658,11
97659,6
97660,13
97661,12
97662,9
97663,7
97664,10
97665,11
97666,6
97667,11
97668,8
97669,12
97670,11
97671,11
97672,8
97673,11
97674,10
97675,12
97676,8
97677,15
97678,10
97679,12
97680,11
97681,11
97682,8
97683,10
97684,12
97685,11
97686,6
97687,8
97688,10
97689,11
97690,11
97691,11
97692,6
97693,8
97694,11
97695,8
97696,10
97697,9
97698,8
97699,10
97700,10
97701,10
97702,9
97703,10
97704,11
97705,10
97706,13
97707,8
97708,11
97709,10
97710,10
97711,10
97712,14
97713,9
97714,9
97715,13
97716,10
97717,9
97718,10
97719,11
97720,7
97721,14
97722,13
97723,12
97724,10
97725,10
97726,10
97727,12
97728,10
97729,10
97730,14
97731,7
97732,9
97733,16
97734,12
97735,7
97736,11
97737,10
97738,7
97739,11
97740,12
97741,9
97742,13
97743,5
97744,11
97745,6
97746,10
97747,10
97748,9
97749,10
97750,8
97751,11
97752,10
97753,10
97754,11
97755,11
97756,11
97757,9
97758,9
97759,11
97760,11
97761,9
97762,10
97763,10
97764,10
97765,9
97766,12
97767,13
97768,12
97769,9
97770,12
97771,17
97772,10
97773,6
97774,11
97775,13
97776,11
97777,10
97778,8
97779,12
97780,6
97781,8
97782,10
97783,8
97784,8
97785,8
97786,10
97787,6
97788,12
97789,10
97790,11
97791,10
97792,9
97793,8
97794,11
97795,14
97796,14
97797,9
97798,9
97799,11
97800,10
97801,13
97802,9
97803,10
97804,10
97805,10
97806,10
97807,10
97808,7
97809,5
97810,9
97811,10
97812,8
97813,12
97814,10
97815,10
97816,8
97817,13
97818,5
97819,9
97820,12
97821,11
97822,9
97823,9
97824,6
97825,9
97826,10
97827,12
97828,11
97829,10
97830,9
97831,6
97832,8
97833,11
97834,11
97835,14
97836,7
97837,6
97838,11
97839,8
97840,9
97841,8
97842,9
97843,8
97844,8
97845,10
97846,9
97847,8
97848,10
97849,14
97850,13
97851,9
97852,11
97853,11
97854,6
97855,12
97856,11
97857,11
97858,5
97859,12
97860,12
97861,10
97862,11
97863,13
97864,10
97865,10
97866,9
97867,11
97868,11
97869,5
97870,10
97871,6
97872,11
97873,12
97874,7
97875,9
97876,11
97877,11
97878,11
97879,9
97880,6
97881,11
97882,10
97883,8
97884,8
97885,14
97886,10
97887,5
97888,4
97889,12
97890,10
97891,10
97892,17
97893,12
97894,7
97895,4
97896,11
97897,16
97898,10
97899,10
97900,12
97901,10
97902,8
97903,9
97904,10
97905,12
97906,9
97907,8
97908,9
97909,9
97910,9
97911,11
97912,11
97913,11
97914,8
97915,10
97916,8
97917,7
97918,9
97919,7
97920,9
97921,10
97922,9
97923,10
97924,9
97925,8
97926,13
97927,12
97928,13
97929,9
97930,11
97931,7
97932,10
97933,6
97934,10
97935,11
97936,8
97937,10
97938,14
97939,8
97940,6
97941,8
97942,7
97943,13
97944,15
97945,11
97946,10
97947,10
97948,10
97949,9
97950,12
97951,6
97952,8
97953,9
97954,12
97955,10
97956,10
97957,11
97958,10
97959,11
97960,10
97961,10
97962,13
97963,6
97964,8
97965,10
97966,9
97967,8
97968,8
97969,6
97970,7
97971,6
97972,11
97973,11
97974,10
97975,10
97976,10
97977,10
97978,12
97979,12
97980,12
97981,9
97982,12
97983,5
97984,13
97985,10
97986,12
97987,7
97988,10
97989,10
97990,10
97991,10
97992,8
97993,8
97994,8
97995,14
97996,11
97997,12
97998,12
97999,8
98000,10
98001,14
98002,10
98003,12
98004,13
98005,14
98006,9
98007,6
98008,4
98009,12
98010,5
98011,15
98012,9
98013,10
98014,12
98015,9
98016,11
98017,14
98018,10
98019,11
98020,9
98021,10
98022,7
98023,8
98024,10
98025,10
98026,8
98027,10
98028,7
98029,9
98030,12
98031,8
98032,11
98033,13
98034,14
98035,11
98036,11
98037,9
98038,9
98039,9
98040,14
98041,15
98042,5
98043,12
98044,6
98045,10
98046,10
98047,10
98048,12
98049,5
98050,11
98051,12
98052,11
98053,10
98054,10
98055,8
98056,10
98057,13
98058,10
98059,12
98060,11
98061,9
98062,10
98063,9
98064,12
98065,7
98066,10
98067,9
98068,11
98069,9
98070,11
98071,11
98072,12
98073,11
98074,11
98075,10
98076,5
98077,13
98078,10
98079,9
98080,10
98081,8
98082,10
98083,10
98084,11
98085,11
98086,9
98087,10
98088,9
98089,5
98090,11
98091,8
98092,16
98093,14
98094,12
98095,10
98096,12
98097,6
98098,13
98099,11
98100,11
98101,12
98102,11
98103,14
98104,8
98105,6
98106,12
98107,11
98108,8
98109,9
98110,11
98111,14
98112,11
98113,9
98114,9
98115,12
98116,10
98117,7
98118,11
98119,10
98120,10
98121,11
98122,10
98123,9
98124,12
98125,8
98126,10
98127,10
98128,11
98129,10
98130,5
98131,8
98132,7
98133,10
98134,10
98135,8
98136,10
98137,17
98138,11
98139,11
98140,6
98141,8
98142,11
98143,14
98144,6
98145,9
98146,10
98147,12
98148,10
98149,8
98150,8
98151,13
98152,16
98153,9
98154,11
98155,10
98156,9
98157,9
98158,11
98159,11
98160,9
98161,13
98162,8
98163,8
98164,10
98165,9
98166,8
98167,8
98168,12
98169,9
98170,15
98171,7
98172,15
98173,5
98174,10
98175,11
98176,7
98177,8
98178,9
98179,14
98180,10
98181,7
98182,11
98183,9
98184,9
98185,5
98186,11
98187,11
98188,8
98189,13
98190,12
98191,10
98192,11
98193,9
98194,12
98195,7
98196,10
98197,10
98198,7
98199,10
98200,10
98201,9
98202,9
98203,8
98204,9
98205,11
98206,10
98207,5
98208,12
98209,9
98210,10
98211,10
98212,12
98213,13
98214,10
98215,7
98216,11
98217,11
98218,7
98219,9
98220,9
98221,10
98222,5
98223,7
98224,11
98225,13
98226,10
98227,6
98228,5
98229,10
98230,11
98231,10
98232,7
98233,10
98234,9
98235,12
98236,8
98237,8
98238,11
98239,7
98240,11
98241,10
98242,6
98243,15
98244,7
98245,11
98246,9
98247,11
98248,9
98249,9
98250,10
98251,10
98252,9
98253,7
98254,16
98255,10
98256,7
98257,10
98258,7
98259,9
98260,15
98261,12
98262,11
98263,6
98264,17
98265,11
98266,11
98267,8
98268,5
98269,13
98270,11
98271,10
98272,11
98273,14
98274,11
98275,8
98276,16
98277,15
98278,5
98279,13
98280,10
98281,9
98282,8
98283,9
98284,10
98285,12
98286,8
98287,5
98288,7
98289,9
98290,6
98291,8
98292,8
98293,8
98294,10
98295,10
98296,8
98297,9
98298,12
98299,7
98300,6
98301,10
98302,15
98303,11
98304,14
98305,11
98306,8
98307,14
98308,10
98309,10
98310,14
98311,17
98312,10
98313,11
98314,5
98315,8
98316,11
98317,10
98318,9
98319,12
98320,10
98321,11
98322,10
98323,11
98324,9
98325,9
98326,11
98327,11
98328,11
98329,7
98330,13
98331,10
98332,10
98333,10
98334,11
98335,12
98336,10
98337,11
98338,10
98339,16
98340,8
98341,11
98342,10
98343,9
98344,12
98345,12
98346,12
98347,8
98348,7
98349,10
98350,14
98351,10
98352,10
98353,6
98354,10
98355,11
98356,12
98357,7
98358,10
98359,14
98360,10
98361,12
98362,10
98363,10
98364,9
98365,10
98366,9
98367,6
98368,9
98369,13
98370,11
98371,9
98372,7
98373,7
98374,11
98375,7
98376,11
98377,15
98378,10
98379,8
98380,10
98381,10
98382,8
98383,12
98384,9
98385,7
98386,12
98387,9
98388,10
98389,17
98390,11
98391,7
98392,10
98393,7
98394,10
98395,11
98396,8
98397,4
98398,8
98399,6
98400,11
98401,10
98402,6
98403,9
98404,10
98405,12
98406,4
98407,10
98408,13
98409,10
98410,11
98411,9
98412,13
98413,8
98414,12
98415,11
98416,7
98417,10
98418,10
98419,13
98420,11
98421,8
98422,7
98423,10
98424,14
98425,10
98426,14
98427,10
98428,11
98429,9
98430,7
98431,9
98432,5
98433,12
98434,9
98435,11
98436,12
98437,10
98438,10
98439,10
98440,10
98441,13
98442,12
98443,4
98444,10
98445,11
98446,16
98447,11
98448,10
98449,10
98450,9
98451,11
98452,9
98453,9
98454,7
98455,10
98456,11
98457,10
98458,6
98459,7
98460,12
98461,7
98462,10
98463,12
98464,10
98465,9
98466,11
98467,10
98468,11
98469,8
98470,9
98471,5
98472,8
98473,10
98474,10
98475,8
98476,12
98477,8
98478,10
98479,7
98480,9
98481,11
98482,13
98483,10
98484,11
98485,12
98486,8
98487,10
98488,11
98489,9
98490,11
98491,9
98492,14
98493,9
98494,6
98495,9
98496,6
98497,11
98498,7
98499,8
98500,10
98501,8
98502,11
98503,7
98504,11
98505,7
98506,9
98507,6
98508,15
98509,8
98510,12
98511,7
98512,10
98513,11
98514,8
98515,8
98516,10
98517,10
98518,10
98519,14
98520,13
98521,7
98522,13
98523,10
98524,9
98525,11
98526,13
98527,9
98528,7
98529,10
98530,8
98531,6
98532,13
98533,7
98534,9
98535,4
98536,10
98537,8
98538,6
98539,10
98540,8
98541,9
98542,11
98543,9
98544,15
98545,11
98546,15
98547,11
98548,10
98549,11
98550,10
98551,12
98552,6
98553,12
98554,7
98555,12
98556,8
98557,10
98558,9
98559,10
98560,10
98561,12
98562,12
98563,13
98564,12
98565,9
98566,10
98567,11
98568,12
98569,11
98570,10
98571,6
98572,6
98573,10
98574,10
98575,10
98576,8
98577,8
98578,10
98579,10
98580,9
98581,14
98582,9
98583,11
98584,7
98585,9
98586,11
98587,10
98588,10
98589,13
98590,8
98591,5
98592,6
98593,13
98594,5
98595,12
98596,10
98597,11
98598,7
98599,10
98600,8
98601,9
98602,11
98603,10
98604,11
98605,12
98606,7
98607,11
98608,7
98609,5
98610,6
98611,9
98612,8
98613,8
98614,10
98615,12
98616,11
98617,13
98618,10
98619,9
98620,10
98621,14
98622,17
98623,9
98624,10
98625,12
98626,9
98627,10
98628,10
98629,10
98630,13
98631,12
98632,10
98633,9
98634,11
98635,8
98636,8
98637,11
98638,13
98639,11
98640,8
98641,9
98642,11
98643,8
98644,12
98645,7
98646,12
98647,7
98648,6
98649,6
98650,13
98651,7
98652,10
98653,10
98654,9
98655,8
98656,12
98657,16
98658,11
98659,10
98660,12
98661,10
98662,7
98663,9
98664,11
98665,9
98666,9
98667,10
98668,9
98669,8
98670,9
98671,4
98672,12
98673,10
98674,10
98675,11
98676,9
98677,12
98678,10
98679,7
98680,12
98681,11
98682,13
98683,7
98684,4
98685,10
98686,12
98687,12
98688,10
98689,11
98690,10
98691,4
98692,8
98693,9
98694,8
98695,12
98696,11
98697,11
98698,12
98699,6
98700,9
98701,7
98702,10
98703,10
98704,7
98705,11
98706,12
98707,10
98708,5
98709,11
98710,10
98711,11
98712,9
98713,6
98714,12
98715,10
98716,7
98717,14
98718,11
98719,15
98720,6
98721,9
98722,10
98723,10
98724,11
98725,8
98726,12
98727,12
98728,14
98729,10
98730,16
98731,8
98732,5
98733,10
98734,9
98735,10
98736,14
98737,9
98738,10
98739,7
98740,6
98741,9
98742,9
98743,11
98744,7
98745,4
98746,12
98747,9
98748,4
98749,5
98750,10
98751,9
98752,8
98753,9
98754,7
98755,10
98756,14
98757,6
98758,10
98759,11
98760,12
98761,9
98762,11
98763,10
98764,10
98765,6
98766,10
98767,10
98768,9
98769,10
98770,11
98771,12
98772,11
98773,9
98774,12
98775,16
98776,10
98777,6
98778,11
98779,11
98780,9
98781,12
98782,10
98783,7
98784,11
98785,13
98786,9
98787,8
98788,9
98789,10
98790,14
98791,11
98792,10
98793,11
98794,7
98795,6
98796,9
98797,6
98798,9
98799,5
98800,14
98801,8
98802,14
98803,10
98804,12
98805,6
98806,7
98807,13
98808,7
98809,7
98810,13
98811,9
98812,15
98813,10
98814,9
98815,12
98816,9
98817,8
98818,10
98819,8
98820,10
98821,12
98822,9
98823,10
98824,11
98825,10
98826,11
98827,11
98828,10
98829,12
98830,6
98831,12
98832,10
98833,10
98834,10
98835,12
98836,11
98837,5
98838,13
98839,12
98840,8
98841,5
98842,12
98843,6
98844,9
98845,8
98846,9
98847,8
98848,12
98849,8
98850,9
98851,8
98852,6
98853,14
98854,9
98855,10
98856,13
98857,8
98858,9
98859,10
98860,8
98861,6
98862,8
98863,12
98864,10
98865,12
98866,6
98867,10
98868,11
98869,10
98870,11
98871,7
98872,7
98873,7
98874,10
98875,8
98876,13
98877,10
98878,10
98879,5
98880,11
98881,11
98882,12
98883,10
98884,7
98885,9
98886,11
98887,11
98888,9
98889,10
98890,7
98891,10
98892,16
98893,8
98894,12
98895,10
98896,8
98897,10
98898,12
98899,9
98900,13
98901,7
98902,11
98903,5
98904,12
98905,12
98906,12
98907,11
98908,12
98909,9
98910,10
98911,12
98912,9
98913,9
98914,10
98915,10
98916,10
98917,11
98918,14
98919,11
98920,11
98921,12
98922,5
98923,11
98924,17
98925,10
98926,6
98927,9
98928,10
98929,11
98930,9
98931,8
98932,10
98933,13
98934,10
98935,8
98936,7
98937,14
98938,12
98939,5
98940,9
98941,10
98942,12
98943,10
98944,14
98945,9
98946,8
98947,5
98948,5
98949,12
98950,11
98951,4
98952,11
98953,17
98954,12
98955,12
98956,12
98957,10
98958,7
98959,9
98960,7
98961,5
98962,11
98963,10
98964,10
98965,8
98966,5
98967,10
98968,14
98969,9
98970,13
98971,6
98972,9
98973,11
98974,11
98975,12
98976,17
98977,11
98978,11
98979,10
98980,4
98981,8
98982,7
98983,7
98984,10
98985,10
98986,13
98987,11
98988,6
98989,12
98990,8
98991,10
98992,9
98993,11
98994,7
98995,7
98996,11
98997,14
98998,9
98999,6
99000,6
99001,10
99002,11
99003,10
99004,7
99005,9
99006,6
99007,14
99008,7
99009,12
99010,10
99011,13
99012,11
99013,11
99014,8
99015,10
99016,11
99017,11
99018,8
99019,10
99020,8
99021,10
99022,13
99023,9
99024,10
99025,12
99026,9
99027,11
99028,5
99029,7
99030,12
99031,4
99032,7
99033,9
99034,6
99035,10
99036,11
99037,6
99038,8
99039,9
99040,11
99041,13
99042,8
99043,11
99044,12
99045,11
99046,13
99047,11
99048,7
99049,7
99050,13
99051,8
99052,14
99053,9
99054,11
99055,12
99056,9
99057,10
99058,11
99059,7
99060,6
99061,10
99062,9
99063,10
99064,9
99065,12
99066,8
99067,12
99068,9
99069,10
99070,11
99071,11
99072,9
99073,10
99074,6
99075,11
99076,7
99077,7
99078,13
99079,9
99080,9
99081,10
99082,11
99083,8
99084,10
99085,8
99086,9
99087,12
99088,9
99089,10
99090,7
99091,10
99092,10
99093,7
99094,9
99095,6
99096,8
99097,10
99098,11
99099,11
99100,12
99101,11
99102,11
99103,13
99104,12
99105,7
99106,12
99107,10
99108,12
99109,10
99110,14
99111,11
99112,11
99113,10
99114,13
99115,9
99116,11
99117,14
99118,6
99119,9
99120,10
99121,7
99122,14
99123,10
99124,7
99125,9
99126,12
99127,8
99128,11
99129,7
99130,14
99131,12
99132,11
99133,13
99134,10
99135,8
99136,7
99137,14
99138,12
99139,9
99140,14
99141,15
99142,10
99143,9
99144,9
99145,10
99146,11
99147,10
99148,5
99149,9
99150,10
99151,7
99152,12
99153,7
99154,14
99155,10
99156,9
99157,11
99158,11
99159,13
99160,7
99161,10
99162,11
99163,11
99164,12
99165,11
99166,12
99167,11
99168,10
99169,7
99170,4
99171,12
99172,8
99173,10
99174,11
99175,10
99176,9
99177,11
99178,10
99179,10
99180,10
99181,9
99182,10
99183,12
99184,16
99185,12
99186,10
99187,10
99188,12
99189,11
99190,9
99191,8
99192,11
99193,5
99194,9
99195,12
99196,12
99197,11
99198,8
99199,12
99200,8
99201,5
99202,10
99203,6
99204,9
99205,9
99206,8
99207,6
99208,8
99209,8
99210,8
99211,9
99212,7
99213,9
99214,12
99215,11
99216,11
99217,9
99218,11
99219,11
99220,10
99221,10
99222,12
99223,12
99224,10
99225,11
99226,12
99227,10
99228,10
99229,9
99230,10
99231,10
99232,7
99233,5
99234,11
99235,7
99236,11
99237,11
99238,6
99239,9
99240,11
99241,10
99242,11
99243,12
99244,10
99245,8
99246,13
99247,12
99248,7
99249,6
99250,11
99251,9
99252,12
99253,10
99254,10
99255,13
99256,11
99257,13
99258,11
99259,11
99260,10
99261,7
99262,10
99263,10
99264,7
99265,7
99266,11
99267,11
99268,5
99269,8
99270,12
99271,10
99272,10
99273,10
99274,9
99275,13
99276,10
99277,9
99278,10
99279,8
99280,12
99281,7
99282,13
99283,11
99284,10
99285,10
99286,11
99287,7
99288,6
99289,9
99290,10
99291,8
99292,14
99293,9
99294,10
99295,8
99296,9
99297,5
99298,11
99299,12
99300,11
99301,12
99302,13
99303,8
99304,12
99305,8
99306,7
99307,10
99308,9
99309,9
99310,14
99311,11
99312,9
99313,9
99314,12
99315,8
99316,12
99317,16
99318,11
99319,9
99320,10
99321,10
99322,8
99323,9
99324,9
99325,10
99326,11
99327,10
99328,8
99329,5
99330,11
99331,10
99332,8
99333,7
99334,10
99335,8
99336,12
99337,13
99338,11
99339,11
99340,11
99341,10
99342,10
99343,10
99344,15
99345,10
99346,9
99347,8
99348,11
99349,8
99350,11
99351,14
99352,9
99353,6
99354,14
99355,13
99356,9
99357,4
99358,11
99359,10
99360,9
99361,11
99362,5
99363,11
99364,10
99365,10
99366,9
99367,9
99368,5
99369,8
99370,12
99371,11
99372,9
99373,7
99374,10
99375,6
99376,8
99377,9
99378,13
99379,9
99380,6
99381,8
99382,8
99383,12
99384,10
99385,13
99386,8
99387,7
99388,9
99389,15
99390,13
99391,9
99392,10
99393,12
99394,9
99395,8
99396,7
99397,9
99398,17
99399,13
99400,10
99401,8
99402,9
99403,12
99404,10
99405,11
99406,10
99407,12
99408,6
99409,11
99410,8
99411,11
99412,11
99413,9
99414,13
99415,10
99416,10
99417,12
99418,8
99419,10
99420,8
99421,11
99422,9
99423,13
99424,10
99425,10
99426,9
99427,10
99428,10
99429,10
99430,7
99431,10
99432,7
99433,12
99434,11
99435,10
99436,13
99437,9
99438,10
99439,8
99440,14
99441,13
99442,13
99443,13
99444,12
99445,4
99446,8
99447,16
99448,10
99449,10
99450,15
99451,11
99452,8
99453,7
99454,8
99455,9
99456,10
99457,8
99458,6
99459,10
99460,11
99461,9
99462,10
99463,9
99464,8
99465,10
99466,11
99467,10
99468,12
99469,11
99470,10
99471,10
99472,8
99473,11
99474,11
99475,8
99476,11
99477,6
99478,9
99479,8
99480,10
99481,8
99482,9
99483,10
99484,11
99485,10
99486,10
99487,8
99488,9
99489,10
99490,9
99491,11
99492,9
99493,9
99494,12
99495,10
99496,9
99497,11
99498,9
99499,9
99500,12
99501,11
99502,10
99503,10
99504,7
99505,8
99506,10
99507,13
99508,13
99509,12
99510,12
99511,11
99512,12
99513,9
99514,9
99515,8
99516,7
99517,11
99518,10
99519,10
99520,11
99521,11
99522,8
99523,9
99524,7
99525,8
99526,16
99527,9
99528,11
99529,10
99530,13
99531,8
99532,7
99533,11
99534,12
99535,7
99536,12
99537,9
99538,9
99539,10
99540,9
99541,9
99542,10
99543,10
99544,9
99545,10
99546,8
99547,13
99548,10
99549,5
99550,10
99551,12
99552,6
99553,12
99554,6
99555,10
99556,13
99557,13
99558,12
99559,5
99560,12
99561,12
99562,10
99563,12
99564,11
99565,11
99566,9
99567,6
99568,10
99569,9
99570,7
99571,11
99572,10
99573,12
99574,10
99575,11
99576,11
99577,5
99578,11
99579,11
99580,12
99581,8
99582,7
99583,10
99584,10
99585,9
99586,11
99587,5
99588,12
99589,11
99590,9
99591,11
99592,10
99593,6
99594,7
99595,8
99596,8
99597,4
99598,10
99599,8
99600,7
99601,10
99602,8
99603,11
99604,11
99605,13
99606,10
99607,9
99608,8
99609,7
99610,14
99611,9
99612,12
99613,7
99614,10
99615,12
99616,8
99617,8
99618,6
99619,7
99620,10
99621,12
99622,11
99623,11
99624,12
99625,9
99626,11
99627,8
99628,11
99629,16
99630,11
99631,12
99632,6
99633,10
99634,5
99635,8
99636,10
99637,11
99638,9
99639,6
99640,12
99641,10
99642,4
99643,10
99644,10
99645,9
99646,12
99647,11
99648,7
99649,10
99650,10
99651,10
99652,4
99653,9
99654,10
99655,10
99656,11
99657,15
99658,8
99659,12
99660,11
99661,4
99662,8
99663,7
99664,10
99665,11
99666,8
99667,16
99668,7
99669,13
99670,10
99671,6
99672,10
99673,10
99674,10
99675,8
99676,11
99677,9
99678,10
99679,9
99680,8
99681,8
99682,10
99683,9
99684,5
99685,11
99686,9
99687,11
99688,9
99689,8
99690,11
99691,10
99692,11
99693,11
99694,11
99695,12
99696,12
99697,9
99698,11
99699,9
99700,7
99701,9
99702,11
99703,11
99704,10
99705,10
99706,11
99707,10
99708,11
99709,11
99710,10
99711,6
99712,9
99713,11
99714,11
99715,6
99716,10
99717,9
99718,10
99719,14
99720,12
99721,11
99722,14
99723,12
99724,10
99725,11
99726,15
99727,13
99728,9
99729,9
99730,9
99731,13
99732,6
99733,8
99734,10
99735,6
99736,6
99737,7
99738,8
99739,8
99740,9
99741,12
99742,11
99743,5
99744,7
99745,11
99746,10
99747,11
99748,10
99749,9
99750,10
99751,9
99752,13
99753,9
99754,12
99755,8
99756,8
99757,12
99758,9
99759,14
99760,5
99761,7
99762,11
99763,7
99764,12
99765,12
99766,6
99767,8
99768,11
99769,8
99770,10
99771,9
99772,7
99773,9
99774,7
99775,7
99776,6
99777,7
99778,10
99779,10
99780,13
99781,11
99782,10
99783,10
99784,12
99785,11
99786,10
99787,14
99788,10
99789,10
99790,8
99791,11
99792,11
99793,7
99794,7
99795,9
99796,13
99797,9
99798,7
99799,6
99800,7
99801,9
99802,6
99803,10
99804,10
99805,8
99806,9
99807,4
99808,10
99809,11
99810,9
99811,9
99812,10
99813,11
99814,10
99815,9
99816,11
99817,10
99818,9
99819,12
99820,9
99821,9
99822,14
99823,10
99824,8
99825,8
99826,5
99827,9
99828,12
99829,10
99830,6
99831,5
99832,14
99833,10
99834,9
99835,10
99836,11
99837,10
99838,14
99839,9
99840,14
99841,4
99842,9
99843,11
99844,10
99845,15
99846,8
99847,9
99848,13
99849,10
99850,6
99851,7
99852,8
99853,9
99854,7
99855,8
99856,9
99857,8
99858,13
99859,10
99860,9
99861,10
99862,11
99863,10
99864,12
99865,8
99866,6
99867,10
99868,8
99869,10
99870,8
99871,9
99872,9
99873,10
99874,9
99875,11
99876,13
99877,10
99878,12
99879,7
99880,11
99881,12
99882,11
99883,11
99884,15
99885,8
99886,8
99887,9
99888,4
99889,7
99890,11
99891,11
99892,9
99893,13
99894,10
99895,12
99896,12
99897,11
99898,13
99899,6
99900,7
99901,12
99902,15
99903,10
99904,8
99905,13
99906,7
99907,10
99908,9
99909,12
99910,14
99911,10
99912,7
99913,10
99914,12
99915,9
99916,11
99917,14
99918,9
99919,14
99920,9
99921,10
99922,10
99923,7
99924,8
99925,10
99926,5
99927,7
99928,7
99929,7
99930,10
99931,10
99932,11
99933,10
99934,9
99935,11
99936,12
99937,10
99938,8
99939,11
99940,9
99941,9
99942,9
99943,9
99944,9
99945,12
99946,12
99947,9
99948,12
99949,6
99950,11
99951,10
99952,10
99953,9
99954,11
99955,10
99956,4
99957,11
99958,6
99959,6
99960,12
99961,7
99962,13
99963,9
99964,9
99965,4
99966,9
99967,9
99968,11
99969,8
99970,9
99971,8
99972,12
99973,14
99974,7
99975,12
99976,7
99977,11
99978,10
99979,7
99980,9
99981,4
99982,7
99983,11
99984,9
99985,12
99986,8
99987,8
99988,8
99989,10
99990,7
99991,7
99992,8
99993,9
99994,6
99995,7
99996,7
99997,9
99998,13
99999,11
100000,14
100001,11
100002,12
100003,7
100004,9
100005,9
100006,12
100007,11
100008,9
100009,8
100010,11
100011,12
100012,11
100013,10
100014,15
100015,7
100016,11
100017,11
100018,9
100019,10
100020,10
100021,10
100022,11
100023,11
100024,10
100025,8
100026,12
100027,10
100028,10
100029,10
100030,11
100031,10
100032,11
100033,7
100034,10
100035,9
100036,12
100037,12
100038,8
100039,10
100040,7
100041,10
100042,12
100043,8
100044,8
100045,11
100046,12
100047,7
100048,6
100049,13
100050,9
100051,10
100052,11
100053,10
100054,10
100055,11
100056,12
100057,10
100058,12
100059,13
100060,9
100061,9
100062,9
100063,13
100064,11
100065,10
100066,9
100067,7
100068,10
100069,10
100070,8
100071,12
100072,8
100073,9
100074,10
100075,10
100076,9
100077,12
100078,12
100079,10
100080,6
100081,7
100082,7
100083,14
100084,11
100085,5
100086,6
100087,4
100088,11
100089,10
100090,9
100091,8
100092,7
100093,5
100094,12
100095,14
100096,6
100097,11
100098,8
100099,10
100100,11
100101,6
100102,8
100103,9
100104,11
100105,10
100106,12
100107,10
100108,8
100109,10
100110,10
100111,8
100112,14
100113,11
100114,9
100115,6
100116,11
100117,6
100118,10
100119,8
100120,7
100121,6
100122,10
100123,8
100124,5
100125,12
100126,4
100127,12
100128,11
100129,11
100130,10
100131,10
100132,11
100133,6
100134,10
100135,8
100136,13
100137,11
100138,10
100139,6
100140,10
100141,10
100142,8
100143,11
100144,9
100145,10
100146,10
100147,7
100148,12
100149,7
100150,10
100151,11
100152,11
100153,10
100154,8
100155,9
100156,10
100157,13
100158,9
100159,8
100160,8
100161,10
100162,11
100163,10
100164,6
100165,10
100166,4
100167,11
100168,13
100169,9
100170,10
100171,15
100172,6
100173,12
100174,15
100175,9
100176,13
100177,11
100178,10
100179,11
100180,9
100181,11
100182,9
100183,10
100184,7
100185,11
100186,8
100187,12
100188,8
100189,10
100190,11
100191,10
100192,6
100193,7
100194,6
100195,11
100196,11
100197,13
100198,10
100199,8
100200,8
100201,9
100202,7
100203,6
100204,6
100205,10
100206,4
100207,10
100208,7
100209,10
100210,10
100211,6
100212,11
100213,11
100214,12
100215,8
100216,7
100217,11
100218,12
100219,11
100220,9
100221,6
100222,9
100223,11
100224,9
100225,10
100226,11
100227,8
100228,13
100229,8
100230,7
100231,13
100232,10
100233,9
100234,6
100235,11
100236,11
100237,10
100238,6
100239,13
100240,10
100241,10
100242,11
100243,10
100244,11
100245,10
100246,11
100247,11
100248,12
100249,7
100250,7
100251,4
100252,8
100253,11
100254,4
100255,6
100256,7
100257,10
100258,12
100259,10
100260,9
100261,8
100262,8
100263,11
100264,9
100265,14
100266,9
100267,12
100268,11
100269,11
100270,11
100271,11
100272,8
100273,13
100274,10
100275,7
100276,10
100277,6
100278,7
100279,11
100280,5
100281,10
100282,10
100283,11
100284,9
100285,10
100286,11
100287,12
100288,10
100289,10
100290,11
100291,9
100292,11
100293,11
100294,9
100295,11
100296,6
100297,10
100298,11
100299,10
100300,12
100301,10
100302,10
100303,10
100304,14
100305,13
100306,11
100307,9
100308,15
100309,12
100310,13
100311,10
100312,11
100313,9
100314,8
100315,15
100316,9
100317,9
100318,13
100319,8
100320,9
100321,11
100322,13
100323,11
100324,6
100325,10
100326,9
100327,13
100328,10
100329,14
100330,10
100331,13
100332,13
100333,5
100334,10
100335,14
100336,12
100337,10
100338,10
100339,4
100340,12
100341,12
100342,10
100343,10
100344,9
100345,8
100346,15
100347,12
100348,4
100349,11
100350,10
100351,11
100352,5
100353,9
100354,12
100355,9
100356,8
100357,10
100358,7
100359,12
100360,13
100361,10
100362,12
100363,11
100364,10
100365,10
100366,10
100367,11
100368,10
100369,13
100370,6
100371,7
100372,7
100373,13
100374,14
100375,16
100376,11
100377,9
100378,11
100379,5
100380,17
100381,8
100382,10
100383,9
100384,8
100385,9
100386,11
100387,13
100388,10
100389,9
100390,10
100391,13
100392,11
100393,9
100394,8
100395,9
100396,13
100397,11
100398,10
100399,16
100400,7
100401,7
100402,12
100403,10
100404,4
100405,7
100406,11
100407,11
100408,8
100409,11
100410,10
100411,7
100412,9
100413,11
100414,10
100415,14
100416,10
100417,10
100418,8
100419,9
100420,8
100421,9
100422,9
100423,9
100424,10
100425,4
100426,8
100427,12
100428,6
100429,7
100430,8
100431,11
100432,9
100433,10
100434,7
100435,9
100436,10
100437,10
100438,8
100439,13
100440,9
100441,11
100442,12
100443,12
100444,6
100445,9
100446,6
100447,11
100448,10
100449,11
100450,8
100451,10
100452,14
100453,8
100454,13
100455,10
100456,10
100457,8
100458,6
100459,10
100460,9
100461,10
100462,12
100463,7
100464,11
100465,11
100466,11
100467,9
100468,9
100469,8
100470,14
100471,11
100472,10
100473,11
100474,9
100475,10
100476,12
100477,7
100478,11
100479,12
100480,10
100481,11
100482,10
100483,12
100484,12
100485,11
100486,12
100487,9
100488,9
100489,12
100490,12
100491,7
100492,7
100493,9
100494,10
100495,11
100496,11
100497,11
100498,7
100499,10
100500,4
100501,11
100502,10
100503,14
100504,10
100505,10
100506,9
100507,10
100508,13
100509,8
100510,10
100511,4
100512,9
100513,4
100514,10
100515,4
100516,7
100517,10
100518,12
100519,5
100520,9
100521,8
100522,7
100523,10
100524,13
100525,6
100526,15
100527,10
100528,10
100529,5
100530,10
100531,10
100532,8
100533,7
100534,9
100535,9
100536,10
100537,10
100538,13
100539,7
100540,10
100541,6
100542,14
100543,11
100544,11
100545,12
100546,9
100547,9
100548,12
100549,10
100550,12
100551,8
100552,10
100553,5
100554,9
100555,9
100556,14
100557,8
100558,10
100559,10
100560,12
100561,8
100562,7
100563,10
100564,9
100565,12
100566,17
100567,11
100568,10
100569,12
100570,7
100571,10
100572,13
100573,8
100574,13
100575,12
100576,10
100577,10
100578,8
100579,8
100580,8
100581,11
100582,7
100583,6
100584,9
100585,15
100586,6
100587,15
100588,9
100589,7
100590,8
100591,7
100592,6
100593,10
100594,10
100595,8
100596,10
100597,9
100598,16
100599,12
100600,11
100601,13
100602,9
100603,9
100604,10
100605,8
100606,13
100607,6
100608,11
100609,7
100610,11
100611,11
100612,9
100613,13
100614,10
100615,10
100616,9
100617,5
100618,8
100619,8
100620,10
100621,8
100622,10
100623,7
100624,10
100625,10
100626,10
100627,9
100628,9
100629,10
100630,10
100631,10
100632,10
100633,13
100634,13
100635,10
100636,10
100637,9
100638,11
100639,10
100640,8
100641,9
100642,10
100643,13
100644,10
100645,5
100646,10
100647,10
100648,10
100649,11
100650,7
100651,12
100652,4
100653,12
100654,12
100655,8
100656,8
100657,12
100658,11
100659,11
100660,10
100661,8
100662,10
100663,8
100664,7
100665,14
100666,9
100667,10
100668,6
100669,12
100670,9
100671,7
100672,12
100673,16
100674,10
100675,7
100676,11
100677,7
100678,12
100679,9
100680,16
100681,9
100682,13
100683,9
100684,8
100685,13
100686,10
100687,11
100688,11
100689,7
100690,8
100691,11
100692,7
100693,9
100694,8
100695,9
100696,6
100697,10
100698,10
100699,4
100700,11
100701,11
100702,10
100703,13
100704,11
100705,5
100706,5
100707,10
100708,7
100709,10
100710,11
100711,12
100712,11
100713,10
100714,10
100715,10
100716,10
100717,10
100718,11
100719,12
100720,10
100721,11
100722,11
100723,10
100724,7
100725,4
100726,9
100727,8
100728,8
100729,11
100730,7
100731,17
100732,10
100733,10
100734,4
100735,12
100736,9
100737,12
100738,12
100739,11
100740,11
100741,8
100742,7
100743,11
100744,11
100745,9
100746,9
100747,7
100748,10
100749,9
100750,10
100751,14
100752,10
100753,12
100754,11
100755,11
100756,10
100757,10
100758,12
100759,7
100760,9
100761,13
100762,7
100763,10
100764,9
100765,10
100766,8
100767,11
100768,7
100769,10
100770,10
100771,11
100772,10
100773,6
100774,12
100775,10
100776,14
100777,8
100778,6
100779,5
100780,11
100781,12
100782,11
100783,10
100784,8
100785,14
100786,11
100787,10
100788,5
100789,8
100790,11
100791,14
100792,12
100793,11
100794,9
100795,10
100796,8
100797,8
100798,8
100799,11
100800,7
100801,8
100802,10
100803,8
100804,8
100805,10
100806,9
100807,12
100808,10
100809,12
100810,13
100811,11
100812,11
100813,11
100814,10
100815,7
100816,9
100817,11
100818,9
100819,10
100820,7
100821,5
100822,7
100823,9
100824,9
100825,11
100826,6
100827,8
100828,10
100829,9
100830,8
100831,10
100832,8
100833,6
100834,11
100835,11
100836,6
100837,12
100838,9
100839,12
100840,4
100841,9
100842,7
100843,11
100844,13
100845,9
100846,10
100847,9
100848,11
100849,10
100850,13
100851,10
100852,11
100853,10
100854,10
100855,10
100856,7
100857,10
100858,10
100859,13
100860,10
100861,10
100862,11
100863,10
100864,11
100865,7
100866,10
100867,10
100868,9
100869,15
100870,7
100871,10
100872,9
100873,11
100874,11
100875,12
100876,12
100877,10
100878,10
100879,11
100880,11
100881,12
100882,5
100883,9
100884,10
100885,8
100886,11
100887,13
100888,8
100889,10
100890,11
100891,12
100892,8
100893,9
100894,7
100895,11
100896,10
100897,13
100898,7
100899,10
100900,10
100901,15
100902,13
100903,9
100904,6
100905,10
100906,10
100907,8
100908,13
100909,14
100910,10
100911,11
100912,11
100913,10
100914,8
100915,11
100916,7
100917,9
100918,10
100919,8
100920,7
100921,12
100922,9
100923,12
100924,8
100925,9
100926,11
100927,8
100928,10
100929,9
100930,4
100931,8
100932,14
100933,11
100934,11
100935,11
100936,7
100937,8
100938,4
100939,8
100940,7
100941,11
100942,10
100943,12
100944,14
100945,11
100946,12
100947,13
100948,8
100949,10
100950,11
100951,7
100952,9
100953,10
100954,11
100955,13
100956,11
100957,11
100958,9
100959,10
100960,15
100961,10
100962,5
100963,15
100964,10
100965,5
100966,8
100967,9
100968,10
100969,5
100970,10
100971,8
100972,5
100973,10
100974,12
100975,9
100976,11
100977,9
100978,11
100979,6
100980,12
100981,11
100982,7
100983,8
100984,11
100985,7
100986,8
100987,5
100988,12
100989,7
100990,11
100991,11
100992,11
100993,16
100994,10
100995,9
100996,11
100997,9
100998,12
100999,8
101000,12
101001,8
101002,7
101003,14
101004,10
101005,9
101006,7
101007,9
101008,13
101009,13
101010,9
101011,11
101012,10
101013,11
101014,13
101015,10
101016,12
101017,13
101018,11
101019,11
101020,9
101021,13
101022,13
101023,7
101024,12
101025,11
101026,13
101027,11
101028,9
101029,7
101030,11
101031,10
101032,11
101033,10
101034,9
101035,11
101036,15
101037,11
101038,5
101039,11
101040,11
101041,12
101042,10
101043,11
101044,9
101045,10
101046,7
101047,11
101048,11
101049,11
101050,9
101051,6
101052,9
101053,10
101054,10
101055,6
101056,6
101057,7
101058,8
101059,11
101060,6
101061,6
101062,8
101063,10
101064,9
101065,12
101066,10
101067,9
101068,12
101069,10
101070,10
101071,10
101072,13
101073,11
101074,6
101075,10
101076,12
101077,11
101078,6
101079,7
101080,9
101081,15
101082,13
101083,9
101084,9
101085,6
101086,9
101087,8
101088,13
101089,10
101090,10
101091,12
101092,9
101093,12
101094,13
101095,10
101096,8
101097,11
101098,7
101099,9
101100,10
101101,9
101102,10
101103,7
101104,7
101105,12
101106,12
101107,10
101108,10
101109,8
101110,7
101111,16
101112,13
101113,10
101114,11
101115,11
101116,12
101117,9
101118,14
101119,9
101120,11
101121,10
101122,11
101123,7
101124,10
101125,7
101126,9
101127,12
101128,9
101129,6
101130,7
101131,10
101132,11
101133,8
101134,12
101135,13
101136,10
101137,7
101138,12
101139,11
101140,10
101141,16
101142,12
101143,7
101144,10
101145,13
101146,10
101147,8
101148,11
101149,11
101150,12
101151,7
101152,6
101153,8
101154,6
101155,8
101156,13
101157,5
101158,10
101159,12
101160,11
101161,10
101162,9
101163,10
101164,12
101165,10
101166,11
101167,8
101168,8
101169,9
101170,5
101171,10
101172,10
101173,10
101174,7
101175,8
101176,10
101177,8
101178,7
101179,7
101180,9
101181,10
101182,10
101183,8
101184,11
101185,14
101186,14
101187,11
101188,11
101189,10
101190,11
101191,7
101192,8
101193,9
101194,10
101195,6
101196,7
101197,6
101198,13
101199,10
101200,13
101201,8
101202,11
101203,5
101204,10
101205,13
101206,12
101207,13
101208,5
101209,10
101210,6
101211,5
101212,14
101213,13
101214,9
101215,10
101216,9
101217,8
101218,10
101219,8
101220,6
101221,11
101222,8
101223,14
101224,10
101225,11
101226,8
101227,7
101228,10
101229,8
101230,11
101231,11
101232,10
101233,8
101234,13
101235,7
101236,11
101237,12
101238,10
101239,11
101240,13
101241,8
101242,7
101243,13
101244,10
101245,7
101246,10
101247,6
101248,12
101249,5
101250,11
101251,7
101252,7
101253,11
101254,9
101255,11
101256,13
101257,11
101258,8
101259,11
101260,7
101261,8
101262,11
101263,16
101264,10
101265,8
101266,9
101267,9
101268,9
101269,12
101270,7
101271,9
101272,12
101273,10
101274,17
101275,10
101276,14
101277,10
101278,7
101279,12
101280,8
101281,7
101282,11
101283,13
101284,9
101285,7
101286,9
101287,6
101288,5
101289,11
101290,12
101291,10
101292,10
101293,11
101294,11
101295,15
101296,10
101297,8
101298,6
101299,13
101300,10
101301,11
101302,7
101303,10
101304,8
101305,10
101306,10
101307,9
101308,10
101309,10
101310,6
101311,10
101312,13
101313,15
101314,9
101315,7
101316,12
101317,10
101318,11
101319,11
101320,8
101321,10
101322,10
101323,9
101324,10
101325,10
101326,6
101327,5
101328,9
101329,11
101330,10
101331,12
101332,10
101333,13
101334,7
101335,11
101336,10
101337,5
101338,15
101339,7
101340,7
101341,10
101342,8
101343,14
101344,7
101345,13
101346,8
101347,13
101348,6
101349,4
101350,10
101351,12
101352,10
101353,10
101354,9
101355,7
101356,7
101357,7
101358,11
101359,10
101360,9
101361,11
101362,11
101363,8
101364,11
101365,7
101366,8
101367,7
101368,7
101369,14
101370,7
101371,11
101372,11
101373,9
101374,9
101375,12
101376,11
101377,11
101378,11
101379,14
101380,13
101381,8
101382,9
101383,11
101384,10
101385,15
101386,11
101387,7
101388,6
101389,10
101390,12
101391,9
101392,8
101393,13
101394,11
101395,10
101396,14
101397,12
101398,17
101399,10
101400,11
101401,10
101402,5
101403,12
101404,14
101405,9
101406,11
101407,7
101408,9
101409,10
101410,9
101411,10
101412,13
101413,7
101414,14
101415,10
101416,13
101417,10
101418,11
101419,9
101420,6
101421,12
101422,11
101423,8
101424,11
101425,12
101426,11
101427,13
101428,12
101429,10
101430,13
101431,9
101432,12
101433,7
101434,11
101435,8
101436,6
101437,10
101438,9
101439,11
101440,9
101441,4
101442,10
101443,11
101444,10
101445,9
101446,10
101447,5
101448,6
101449,12
101450,11
101451,11
101452,11
101453,8
101454,9
101455,8
101456,7
101457,11
101458,11
101459,8
101460,10
101461,10
101462,13
101463,12
101464,9
101465,11
101466,7
101467,7
101468,10
101469,10
101470,4
101471,11
101472,10
101473,9
101474,14
101475,9
101476,12
101477,10
101478,11
101479,8
101480,9
101481,10
101482,11
101483,14
101484,8
101485,11
101486,9
101487,10
101488,11
101489,10
101490,13
101491,9
101492,10
101493,8
101494,11
101495,10
101496,14
101497,11
101498,10
101499,10
101500,7
101501,11
101502,8
101503,10
101504,12
101505,4
101506,11
101507,9
101508,11
101509,12
101510,10
101511,9
101512,9
101513,12
101514,10
101515,9
101516,6
101517,10
101518,9
101519,14
101520,11
101521,9
101522,9
101523,14
101524,11
101525,12
101526,7
101527,11
101528,11
101529,10
101530,6
101531,11
101532,12
101533,8
101534,13
101535,9
101536,9
101537,5
101538,10
101539,8
101540,4
101541,11
101542,10
101543,12
101544,10
101545,9
101546,12
101547,6
101548,6
101549,16
101550,8
101551,9
101552,7
101553,11
101554,10
101555,10
101556,8
101557,8
101558,9
101559,9
101560,10
101561,10
101562,10
101563,6
101564,13
101565,11
101566,10
101567,12
101568,12
101569,9
101570,10
101571,10
101572,12
101573,8
101574,15
101575,10
101576,9
101577,11
101578,10
101579,10
101580,9
101581,13
101582,11
101583,10
101584,10
101585,8
101586,8
101587,7
101588,12
101589,9
101590,11
101591,12
101592,10
101593,15
101594,11
101595,9
101596,8
101597,10
101598,11
101599,10
101600,7
101601,9
101602,10
101603,10
101604,10
101605,10
101606,8
101607,8
101608,9
101609,16
101610,9
101611,10
101612,10
101613,13
101614,9
101615,11
101616,10
101617,12
101618,12
101619,10
101620,8
101621,11
101622,6
101623,11
101624,12
101625,6
101626,8
101627,7
101628,11
101629,10
101630,10
101631,7
101632,11
101633,7
101634,11
101635,7
101636,13
101637,8
101638,12
101639,8
101640,12
101641,10
101642,15
101643,12
101644,10
101645,11
101646,12
101647,9
101648,9
101649,10
101650,9
101651,8
101652,7
101653,10
101654,8
101655,9
101656,9
101657,9
101658,11
101659,12
101660,12
101661,10
101662,10
101663,10
101664,10
101665,11
101666,8
101667,4
101668,10
101669,11
101670,12
101671,9
101672,11
101673,8
101674,6
101675,10
101676,10
101677,11
101678,9
101679,12
101680,8
101681,7
101682,13
101683,9
101684,14
101685,6
101686,14
101687,12
101688,9
101689,9
101690,11
101691,13
101692,6
101693,9
101694,12
101695,9
101696,11
101697,11
101698,11
101699,13
101700,7
101701,9
101702,10
101703,10
101704,11
101705,7
101706,12
101707,6
101708,7
101709,10
101710,8
101711,6
101712,10
101713,9
101714,8
101715,7
101716,9
101717,11
101718,11
101719,10
101720,8
101721,11
101722,12
101723,9
101724,8
101725,9
101726,15
101727,9
101728,10
101729,12
101730,10
101731,11
101732,10
101733,9
101734,12
101735,10
101736,11
101737,8
101738,6
101739,10
101740,8
101741,12
101742,8
101743,13
101744,10
101745,4
101746,9
101747,8
101748,11
101749,12
101750,9
101751,13
101752,12
101753,12
101754,11
101755,6
101756,11
101757,10
101758,8
101759,9
101760,11
101761,11
101762,6
101763,15
101764,10
101765,11
101766,10
101767,7
101768,12
101769,15
101770,9
101771,7
101772,12
101773,11
101774,7
101775,8
101776,12
101777,11
101778,9
101779,11
101780,13
101781,9
101782,10
101783,11
101784,12
101785,10
101786,10
101787,10
101788,7
101789,13
101790,7
101791,11
101792,8
101793,7
101794,5
101795,11
101796,10
101797,5
101798,8
101799,9
101800,9
101801,9
101802,9
101803,8
101804,10
101805,12
101806,10
101807,8
101808,12
101809,11
101810,8
101811,8
101812,8
101813,11
101814,11
101815,8
101816,12
101817,9
101818,14
101819,7
101820,12
101821,9
101822,8
101823,10
101824,10
101825,10
101826,14
101827,9
101828,8
101829,11
101830,9
101831,10
101832,7
101833,7
101834,7
101835,8
101836,7
101837,11
101838,9
101839,7
101840,6
101841,6
101842,10
101843,12
101844,7
101845,11
101846,13
101847,8
101848,15
101849,11
101850,9
101851,10
101852,12
101853,14
101854,12
101855,9
101856,9
101857,18
101858,12
101859,8
101860,6
101861,9
101862,10
101863,12
101864,11
101865,8
101866,8
101867,6
101868,14
101869,7
101870,9
101871,11
101872,10
101873,10
101874,11
101875,12
101876,7
101877,11
101878,10
101879,12
101880,7
101881,10
101882,10
101883,10
101884,10
101885,11
101886,14
101887,7
101888,10
101889,10
101890,10
101891,13
101892,10
101893,10
101894,12
101895,5
101896,11
101897,8
101898,6
101899,9
101900,5
101901,11
101902,10
101903,8
101904,11
101905,11
101906,11
101907,8
101908,12
101909,13
101910,9
101911,6
101912,7
101913,11
101914,11
101915,9
101916,10
101917,11
101918,14
101919,11
101920,9
101921,11
101922,8
101923,10
101924,10
101925,9
101926,10
101927,10
101928,12
101929,11
101930,9
101931,7
101932,11
101933,11
101934,11
101935,7
101936,14
101937,14
101938,10
101939,11
101940,8
101941,11
101942,11
101943,11
101944,8
101945,10
101946,8
101947,10
101948,11
101949,8
101950,12
101951,6
101952,9
101953,7
101954,12
101955,9
101956,10
101957,11
101958,11
101959,8
101960,8
101961,10
101962,11
101963,10
101964,8
101965,8
101966,10
101967,12
101968,11
101969,11
101970,15
101971,10
101972,8
101973,10
101974,11
101975,5
101976,11
101977,10
101978,8
101979,7
101980,6
101981,7
101982,12
101983,10
101984,13
101985,11
101986,9
101987,10
101988,9
101989,10
101990,8
101991,4
101992,11
101993,10
101994,12
101995,10
101996,11
101997,10
101998,6
101999,13
102000,10
102001,9
102002,10
102003,8
102004,15
102005,10
102006,10
102007,11
102008,12
102009,16
102010,11
102011,10
102012,12
102013,9
102014,11
102015,13
102016,9
102017,9
102018,10
102019,5
102020,10
102021,10
102022,9
102023,12
102024,13
102025,10
102026,6
102027,10
102028,11
102029,7
102030,11
102031,7
102032,10
102033,9
102034,11
102035,11
102036,10
102037,16
102038,11
102039,10
102040,12
102041,10
102042,13
102043,10
102044,12
102045,7
102046,14
102047,11
102048,6
102049,14
102050,11
102051,9
102052,11
102053,14
102054,10
102055,12
102056,14
102057,9
102058,10
102059,10
102060,9
102061,8
102062,5
102063,4
102064,7
102065,11
102066,11
102067,13
102068,13
102069,9
102070,6
102071,9
102072,11
102073,10
102074,8
102075,8
102076,10
102077,12
102078,6
102079,10
102080,10
102081,12
102082,10
102083,10
102084,4
102085,10
102086,10
102087,4
102088,11
102089,12
102090,17
102091,14
102092,11
102093,9
102094,11
102095,9
102096,9
102097,10
102098,9
102099,10
102100,9
102101,9
102102,9
102103,15
102104,9
102105,8
102106,10
102107,12
102108,6
102109,8
102110,10
102111,11
102112,10
102113,13
102114,7
102115,11
102116,10
102117,7
102118,12
102119,12
102120,10
102121,4
102122,11
102123,5
102124,14
102125,9
102126,7
102127,9
102128,11
102129,11
102130,5
102131,11
102132,12
102133,14
102134,9
102135,11
102136,11
102137,9
102138,9
102139,7
102140,9
102141,8
102142,8
102143,6
102144,8
102145,9
102146,6
102147,12
102148,8
102149,6
102150,11
102151,14
102152,9
102153,11
102154,17
102155,11
102156,11
102157,9
102158,8
102159,10
102160,12
102161,9
102162,10
102163,9
102164,11
102165,6
102166,12
102167,6
102168,14
102169,10
102170,11
102171,6
102172,10
102173,7
102174,15
102175,7
102176,11
102177,6
102178,13
102179,10
102180,11
102181,9
102182,10
102183,12
102184,11
102185,11
102186,8
102187,8
102188,11
102189,17
102190,10
102191,10
102192,9
102193,12
102194,11
102195,11
102196,5
102197,10
102198,11
102199,13
102200,11
102201,11
102202,15
102203,9
102204,13
102205,12
102206,9
102207,8
102208,11
102209,11
102210,14
102211,9
102212,11
102213,10
102214,9
102215,12
102216,10
102217,10
102218,11
102219,8
102220,12
102221,10
102222,8
102223,11
102224,6
102225,7
102226,9
102227,11
102228,7
102229,11
102230,12
102231,11
102232,8
102233,6
102234,4
102235,10
102236,6
102237,11
102238,10
102239,9
102240,10
102241,5
102242,8
102243,6
102244,10
102245,10
102246,11
102247,5
102248,10
102249,8
102250,7
102251,12
102252,9
102253,11
102254,11
102255,12
102256,11
102257,15
102258,10
102259,9
102260,12
102261,11
102262,10
102263,7
102264,6
102265,17
102266,5
102267,6
102268,9
102269,12
102270,8
102271,11
102272,12
102273,9
102274,10
102275,10
102276,10
102277,14
102278,8
102279,13
102280,10
102281,8
102282,9
102283,12
102284,12
102285,8
102286,8
102287,6
102288,11
102289,11
102290,10
102291,12
102292,6
102293,6
102294,11
102295,9
102296,10
102297,11
102298,10
102299,10
102300,9
102301,9
102302,9
102303,11
102304,9
102305,10
102306,11
102307,12
102308,7
102309,12
102310,10
102311,9
102312,8
102313,11
102314,10
102315,7
102316,8
102317,9
102318,10
102319,15
102320,11
102321,12
102322,10
102323,12
102324,13
102325,13
102326,14
102327,9
102328,6
102329,12
102330,10
102331,11
102332,7
102333,10
102334,11
102335,9
102336,10
102337,12
102338,11
102339,9
102340,9
102341,9
102342,10
102343,7
102344,8
102345,13
102346,10
102347,4
102348,6
102349,9
102350,10
102351,10
102352,6
102353,11
102354,10
102355,9
102356,10
102357,11
102358,10
102359,9
102360,13
102361,11
102362,9
102363,11
102364,7
102365,7
102366,8
102367,9
102368,7
102369,10
102370,7
102371,11
102372,5
102373,11
102374,6
102375,8
102376,12
102377,9
102378,4
102379,9
102380,8
102381,5
102382,10
102383,10
102384,9
102385,11
102386,8
102387,9
102388,9
102389,10
102390,9
102391,7
102392,7
102393,7
102394,10
102395,8
102396,10
102397,12
102398,6
102399,6
102400,12
102401,7
102402,9
102403,9
102404,5
102405,4
102406,7
102407,8
102408,10
102409,11
102410,10
102411,8
102412,7
102413,11
102414,10
102415,11
102416,13
102417,10
102418,5
102419,12
102420,11
102421,10
102422,10
102423,6
102424,12
102425,6
102426,9
102427,8
102428,7
102429,11
102430,7
102431,9
102432,10
102433,13
102434,9
102435,12
102436,8
102437,9
102438,11
102439,10
102440,10
102441,12
102442,8
102443,12
102444,11
102445,9
102446,14
102447,10
102448,12
102449,8
102450,9
102451,7
102452,11
102453,10
102454,12
102455,12
102456,7
102457,9
102458,8
102459,11
102460,13
102461,8
102462,15
102463,11
102464,16
102465,12
102466,9
102467,11
102468,11
102469,6
102470,9
102471,13
102472,11
102473,12
102474,11
102475,11
102476,9
102477,10
102478,12
102479,5
102480,15
102481,9
102482,7
102483,10
102484,12
102485,9
102486,6
102487,10
102488,6
102489,11
102490,9
102491,8
102492,12
102493,13
102494,10
102495,10
102496,11
102497,8
102498,9
102499,7
102500,11
102501,6
102502,13
102503,9
102504,6
102505,15
102506,9
102507,12
102508,11
102509,13
102510,15
102511,13
102512,10
102513,8
102514,8
102515,10
102516,9
102517,7
102518,11
102519,13
102520,9
102521,7
102522,12
102523,9
102524,7
102525,6
102526,8
102527,7
102528,10
102529,10
102530,8
102531,11
102532,6
102533,10
102534,7
102535,10
102536,12
102537,10
102538,10
102539,5
102540,11
102541,10
102542,11
102543,17
102544,9
102545,8
102546,10
102547,8
102548,10
102549,12
102550,17
102551,10
102552,6
102553,10
102554,10
102555,9
102556,10
102557,12
102558,15
102559,5
102560,8
102561,8
102562,8
102563,12
102564,10
102565,8
102566,6
102567,10
102568,8
102569,11
102570,11
102571,12
102572,9
102573,9
102574,10
102575,10
102576,10
102577,12
102578,10
102579,10
102580,5
102581,11
102582,10
102583,17
102584,8
102585,14
102586,6
102587,10
102588,8
102589,10
102590,14
102591,10
102592,8
102593,9
102594,9
102595,5
102596,7
102597,6
102598,9
102599,10
102600,10
102601,5
102602,10
102603,10
102604,9
102605,10
102606,11
102607,10
102608,9
102609,10
102610,11
102611,9
102612,10
102613,10
102614,11
102615,6
102616,12
102617,10
102618,9
102619,12
102620,11
102621,5
102622,10
102623,9
102624,6
102625,9
102626,10
102627,11
102628,12
102629,7
102630,11
102631,11
102632,6
102633,14
102634,8
102635,10
102636,10
102637,11
102638,10
102639,11
102640,8
102641,12
102642,7
102643,8
102644,11
102645,11
102646,10
102647,8
102648,10
102649,11
102650,10
102651,4
102652,10
102653,12
102654,8
102655,8
102656,13
102657,11
102658,9
102659,11
102660,12
102661,10
102662,12
102663,11
102664,8
102665,11
102666,11
102667,12
102668,10
102669,11
102670,6
102671,6
102672,7
102673,9
102674,10
102675,10
102676,7
102677,10
102678,9
102679,12
102680,9
102681,11
102682,10
102683,12
102684,7
102685,10
102686,11
102687,11
102688,11
102689,8
102690,10
102691,4
102692,11
102693,11
102694,8
102695,7
102696,11
102697,13
102698,11
102699,10
102700,5
102701,10
102702,7
102703,12
102704,11
102705,11
102706,13
102707,10
102708,8
102709,12
102710,12
102711,10
102712,11
102713,10
102714,9
102715,15
102716,6
102717,9
102718,10
102719,13
102720,9
102721,14
102722,11
102723,5
102724,11
102725,9
102726,11
102727,7
102728,7
102729,8
102730,5
102731,13
102732,12
102733,9
102734,7
102735,17
102736,9
102737,8
102738,11
102739,11
102740,12
102741,15
102742,11
102743,10
102744,9
102745,10
102746,7
102747,11
102748,11
102749,11
102750,8
102751,10
102752,11
102753,10
102754,10
102755,13
102756,10
102757,10
102758,13
102759,8
102760,8
102761,13
102762,9
102763,7
102764,9
102765,9
102766,11
102767,11
102768,12
102769,9
102770,10
102771,10
102772,11
102773,8
102774,10
102775,12
102776,8
102777,7
102778,7
102779,13
102780,10
102781,9
102782,10
102783,11
102784,9
102785,9
102786,11
102787,6
102788,5
102789,11
102790,9
102791,10
102792,11
102793,9
102794,10
102795,10
102796,10
102797,11
102798,16
102799,7
102800,6
102801,10
102802,12
102803,8
102804,4
102805,10
102806,12
102807,12
102808,11
102809,9
102810,15
102811,11
102812,9
102813,10
102814,12
102815,13
102816,10
102817,10
102818,10
102819,8
102820,12
102821,13
102822,8
102823,10
102824,7
102825,9
102826,13
102827,10
102828,10
102829,7
102830,11
102831,9
102832,13
102833,10
102834,7
102835,12
102836,8
102837,8
102838,4
102839,9
102840,12
102841,4
102842,9
102843,11
102844,12
102845,11
102846,9
102847,10
102848,15
102849,11
102850,15
102851,8
102852,10
102853,12
102854,11
102855,10
102856,8
102857,12
102858,15
102859,10
102860,13
102861,10
102862,10
102863,7
102864,10
102865,11
102866,9
102867,9
102868,6
102869,12
102870,11
102871,10
102872,11
102873,10
102874,10
102875,10
102876,11
102877,8
102878,7
102879,5
102880,10
102881,9
102882,9
102883,12
102884,8
102885,7
102886,9
102887,9
102888,4
102889,8
102890,7
102891,11
102892,6
102893,9
102894,10
102895,12
102896,12
102897,10
102898,11
102899,11
102900,10
102901,10
102902,10
102903,5
102904,8
102905,12
102906,5
102907,12
102908,9
102909,10
102910,9
102911,11
102912,5
102913,10
102914,9
102915,13
102916,12
102917,7
102918,7
102919,6
102920,7
102921,12
102922,14
102923,10
102924,10
102925,10
102926,10
102927,12
102928,6
102929,9
102930,8
102931,14
102932,11
102933,6
102934,12
102935,6
102936,7
102937,10
102938,11
102939,6
102940,6
102941,6
102942,9
102943,14
102944,5
102945,9
102946,11
102947,9
102948,10
102949,10
102950,9
102951,8
102952,9
102953,10
102954,9
102955,9
102956,7
102957,9
102958,10
102959,17
102960,11
102961,5
102962,7
102963,10
102964,9
102965,11
102966,9
102967,10
102968,9
102969,15
102970,12
102971,10
102972,12
102973,12
102974,10
102975,10
102976,12
102977,8
102978,10
102979,11
102980,12
102981,12
102982,11
102983,8
102984,13
102985,9
102986,10
102987,12
102988,10
102989,7
102990,11
102991,10
102992,7
102993,11
102994,7
102995,14
102996,13
102997,12
102998,10
102999,5
103000,8
103001,10
103002,11
103003,6
103004,12
103005,10
103006,11
103007,14
103008,7
103009,11
103010,9
103011,13
103012,14
103013,7
103014,5
103015,10
103016,4
103017,8
103018,10
103019,11
103020,11
103021,9
103022,10
103023,12
103024,15
103025,12
103026,7
103027,10
103028,8
103029,9
103030,11
103031,10
103032,13
103033,7
103034,7
103035,9
103036,10
103037,10
103038,9
103039,8
103040,11
103041,9
103042,5
103043,11
103044,10
103045,5
103046,8
103047,13
103048,10
103049,7
103050,11
103051,10
103052,7
103053,13
103054,8
103055,12
103056,11
103057,9
103058,9
103059,11
103060,4
103061,11
103062,11
103063,8
103064,11
103065,11
103066,9
103067,10
103068,9
103069,10
103070,10
103071,10
103072,9
103073,8
103074,12
103075,13
103076,10
103077,9
103078,10
103079,10
103080,10
103081,10
103082,9
103083,12
103084,9
103085,10
103086,12
103087,10
103088,10
103089,7
103090,9
103091,13
103092,9
103093,10
103094,11
103095,11
103096,18
103097,10
103098,11
103099,16
103100,11
103101,9
103102,10
103103,9
103104,9
103105,10
103106,11
103107,10
103108,10
103109,9
103110,8
103111,8
103112,9
103113,14
103114,11
103115,11
103116,12
103117,7
103118,8
103119,9
103120,8
103121,8
103122,11
103123,15
103124,9
103125,11
103126,11
103127,9
103128,11
103129,11
103130,11
103131,10
103132,10
103133,13
103134,10
103135,9
103136,10
103137,8
103138,11
103139,9
103140,11
103141,11
103142,10
103143,8
103144,12
103145,6
103146,8
103147,10
103148,10
103149,7
103150,9
103151,7
103152,11
103153,7
103154,8
103155,14
103156,13
103157,9
103158,9
103159,7
103160,14
103161,7
103162,15
103163,11
103164,13
103165,13
103166,13
103167,8
103168,11
103169,9
103170,10
103171,10
103172,12
103173,12
103174,9
103175,11
103176,4
103177,13
103178,5
103179,9
103180,7
103181,10
103182,10
103183,12
103184,9
103185,7
103186,7
103187,7
103188,8
103189,7
103190,14
103191,10
103192,9
103193,10
103194,13
103195,10
103196,7
103197,9
103198,12
103199,7
103200,9
103201,13
103202,8
103203,12
103204,5
103205,10
103206,12
103207,6
103208,7
103209,10
103210,14
103211,8
103212,15
103213,4
103214,10
103215,11
103216,15
103217,9
103218,8
103219,10
103220,9
103221,12
103222,9
103223,16
103224,9
103225,12
103226,8
103227,8
103228,11
103229,9
103230,13
103231,8
103232,9
103233,10
103234,10
103235,11
103236,10
103237,15
103238,13
103239,8
103240,10
103241,8
103242,11
103243,10
103244,8
103245,5
103246,10
103247,11
103248,8
103249,14
103250,9
103251,8
103252,8
103253,7
103254,10
103255,10
103256,10
103257,9
103258,8
103259,7
103260,9
103261,10
103262,7
103263,11
103264,10
103265,9
103266,9
103267,9
103268,11
103269,10
103270,12
103271,14
103272,8
103273,10
103274,7
103275,10
103276,11
103277,5
103278,11
103279,10
103280,10
103281,13
103282,12
103283,14
103284,13
103285,10
103286,12
103287,9
103288,9
103289,13
103290,9
103291,16
103292,10
103293,5
103294,8
103295,14
103296,11
103297,6
103298,14
103299,5
103300,11
103301,12
103302,10
103303,10
103304,11
103305,10
103306,8
103307,10
103308,10
103309,8
103310,9
103311,7
103312,8
103313,7
103314,7
103315,9
103316,10
103317,11
103318,7
103319,8
103320,12
103321,12
103322,6
103323,13
103324,10
103325,7
103326,10
103327,10
103328,11
103329,12
103330,8
103331,11
103332,12
103333,6
103334,11
103335,8
103336,8
103337,13
103338,11
103339,11
103340,13
103341,10
103342,9
103343,9
103344,10
103345,9
103346,12
103347,10
103348,16
103349,8
103350,9
103351,10
103352,8
103353,11
103354,6
103355,14
103356,10
103357,11
103358,9
103359,10
103360,10
103361,11
103362,10
103363,7
103364,10
103365,10
103366,16
103367,10
103368,12
103369,7
103370,10
103371,11
103372,10
103373,12
103374,10
103375,10
103376,10
103377,11
103378,9
103379,10
103380,10
103381,5
103382,4
103383,10
103384,11
103385,11
103386,10
103387,9
103388,10
103389,8
103390,8
103391,9
103392,9
103393,8
103394,10
103395,5
103396,9
103397,10
103398,12
103399,9
103400,14
103401,6
103402,4
103403,7
103404,8
103405,5
103406,11
103407,9
103408,11
103409,10
103410,10
103411,11
103412,9
103413,7
103414,10
103415,12
103416,9
103417,12
103418,12
103419,5
103420,12
103421,7
103422,9
103423,9
103424,7
103425,9
103426,7
103427,12
103428,15
103429,8
103430,9
103431,9
103432,8
103433,10
103434,9
103435,10
103436,7
103437,14
103438,11
103439,11
103440,7
103441,8
103442,9
103443,7
103444,7
103445,10
103446,11
103447,11
103448,6
103449,9
103450,13
103451,12
103452,8
103453,13
103454,11
103455,8
103456,9
103457,12
103458,10
103459,6
103460,9
103461,17
103462,11
103463,11
103464,12
103465,7
103466,11
103467,13
103468,5
103469,10
103470,9
103471,11
103472,13
103473,9
103474,11
103475,9
103476,6
103477,15
103478,10
103479,9
103480,10
103481,7
103482,15
103483,9
103484,7
103485,11
103486,10
103487,6
103488,11
103489,7
103490,16
103491,8
103492,11
103493,12
103494,7
103495,6
103496,14
103497,10
103498,9
103499,15
103500,4
103501,13
103502,10
103503,10
103504,4
103505,10
103506,9
103507,9
103508,8
103509,7
103510,8
103511,9
103512,9
103513,12
103514,10
103515,10
103516,17
103517,9
103518,11
103519,7
103520,10
103521,11
103522,11
103523,14
103524,10
103525,8
103526,10
103527,11
103528,11
103529,11
103530,9
103531,13
103532,10
103533,6
103534,8
103535,11
103536,11
103537,10
103538,9
103539,9
103540,15
103541,4
103542,11
103543,7
103544,12
103545,7
103546,10
103547,7
103548,9
103549,7
103550,11
103551,11
103552,7
103553,10
103554,11
103555,8
103556,11
103557,10
103558,11
103559,12
103560,7
103561,10
103562,6
103563,11
103564,4
103565,11
103566,10
103567,10
103568,11
103569,13
103570,6
103571,11
103572,8
103573,8
103574,10
103575,8
103576,10
103577,10
103578,7
103579,6
103580,11
103581,8
103582,11
103583,11
103584,11
103585,9
103586,12
103587,9
103588,5
103589,9
103590,12
103591,12
103592,10
103593,11
103594,10
103595,8
103596,11
103597,7
103598,9
103599,9
103600,12
103601,12
103602,10
103603,9
103604,13
103605,8
103606,4
103607,14
103608,6
103609,10
103610,7
103611,8
103612,7
103613,10
103614,9
103615,14
103616,10
103617,9
103618,10
103619,10
103620,10
103621,11
103622,9
103623,9
103624,10
103625,9
103626,9
103627,8
103628,13
103629,9
103630,11
103631,7
103632,11
103633,11
103634,15
103635,11
103636,9
103637,8
103638,11
103639,7
103640,8
103641,11
103642,8
103643,6
103644,14
103645,10
103646,9
103647,11
103648,8
103649,11
103650,7
103651,12
103652,10
103653,7
103654,10
103655,8
103656,11
103657,8
103658,9
103659,12
103660,7
103661,14
103662,5
103663,11
103664,10
103665,11
103666,10
103667,9
103668,9
103669,7
103670,11
103671,11
103672,10
103673,11
103674,14
103675,10
103676,9
103677,9
103678,8
103679,6
103680,9
103681,12
103682,11
103683,11
103684,9
103685,7
103686,10
103687,12
103688,6
103689,6
103690,9
103691,10
103692,11
103693,11
103694,7
103695,11
103696,11
103697,13
103698,9
103699,10
103700,10
103701,9
103702,8
103703,9
103704,11
103705,14
103706,12
103707,11
103708,13
103709,13
103710,8
103711,7
103712,11
103713,7
103714,9
103715,11
103716,11
103717,12
103718,6
103719,6
103720,10
103721,4
103722,10
103723,11
103724,9
103725,5
103726,14
103727,9
103728,10
103729,10
103730,11
103731,10
103732,9
103733,14
103734,14
103735,12
103736,12
103737,15
103738,7
103739,15
103740,7
103741,10
103742,9
103743,6
103744,11
103745,11
103746,10
103747,9
103748,11
103749,8
103750,4
103751,8
103752,14
103753,10
103754,12
103755,8
103756,4
103757,10
103758,11
103759,7
103760,11
103761,12
103762,7
103763,8
103764,8
103765,11
103766,11
103767,11
103768,11
103769,10
103770,6
103771,10
103772,10
103773,6
103774,8
103775,8
103776,7
103777,11
103778,10
103779,11
103780,10
103781,11
103782,10
103783,10
103784,14
103785,7
103786,13
103787,15
103788,10
103789,10
103790,10
103791,11
103792,6
103793,12
103794,4
103795,10
103796,11
103797,11
103798,10
103799,10
103800,11
103801,11
103802,8
103803,13
103804,6
103805,15
103806,6
103807,9
103808,12
103809,10
103810,11
103811,11
103812,10
103813,10
103814,5
103815,11
103816,10
103817,7
103818,8
103819,8
103820,9
103821,10
103822,12
103823,10
103824,14
103825,7
103826,11
103827,9
103828,9
103829,9
103830,8
103831,12
103832,11
103833,7
103834,10
103835,14
103836,9
103837,15
103838,9
103839,10
103840,14
103841,8
103842,5
103843,6
103844,13
103845,10
103846,9
103847,9
103848,8
103849,11
103850,11
103851,4
103852,9
103853,11
103854,10
103855,8
103856,11
103857,12
103858,14
103859,11
103860,7
103861,12
103862,12
103863,7
103864,8
103865,6
103866,8
103867,10
103868,15
103869,8
103870,14
103871,7
103872,8
103873,14
103874,10
103875,6
103876,11
103877,7
103878,11
103879,16
103880,7
103881,9
103882,9
103883,11
103884,13
103885,10
103886,9
103887,11
103888,8
103889,11
103890,12
103891,5
103892,9
103893,11
103894,9
103895,14
103896,12
103897,8
103898,8
103899,11
103900,9
103901,11
103902,6
103903,11
103904,14
103905,10
103906,12
103907,12
103908,12
103909,12
103910,9
103911,8
103912,7
103913,7
103914,9
103915,13
103916,10
103917,7
103918,7
103919,11
103920,9
103921,12
103922,7
103923,10
103924,10
103925,15
103926,10
103927,13
103928,5
103929,11
103930,10
103931,10
103932,10
103933,8
103934,9
103935,9
103936,11
103937,7
103938,8
103939,13
103940,4
103941,11
103942,10
103943,9
103944,11
103945,10
103946,6
103947,11
103948,10
103949,9
103950,9
103951,10
103952,10
103953,8
103954,10
103955,16
103956,12
103957,10
103958,10
103959,7
103960,10
103961,14
103962,11
103963,8
103964,9
103965,9
103966,7
103967,9
103968,12
103969,7
103970,7
103971,14
103972,13
103973,5
103974,9
103975,8
103976,9
103977,8
103978,4
103979,11
103980,11
103981,11
103982,10
103983,6
103984,10
103985,10
103986,10
103987,13
103988,11
103989,7
103990,12
103991,7
103992,8
103993,8
103994,10
103995,11
103996,8
103997,9
103998,11
103999,10
104000,5
104001,14
104002,9
104003,6
104004,10
104005,9
104006,12
104007,10
104008,12
104009,8
104010,12
104011,9
104012,10
104013,8
104014,8
104015,11
104016,7
104017,12
104018,7
104019,14
104020,7
104021,8
104022,9
104023,7
104024,6
104025,12
104026,9
104027,11
104028,11
104029,8
104030,7
104031,6
104032,10
104033,11
104034,13
104035,10
104036,10
104037,10
104038,10
104039,10
104040,8
104041,13
104042,10
104043,8
104044,11
104045,6
104046,9
104047,10
104048,10
104049,11
104050,9
104051,11
104052,11
104053,8
104054,10
104055,7
104056,12
104057,10
104058,12
104059,10
104060,13
104061,11
104062,11
104063,13
104064,10
104065,10
104066,11
104067,11
104068,7
104069,7
104070,6
104071,11
104072,14
104073,5
104074,12
104075,12
104076,6
104077,10
104078,10
104079,11
104080,11
104081,10
104082,6
104083,9
104084,11
104085,6
104086,14
104087,15
104088,7
104089,10
104090,10
104091,7
104092,13
104093,8
104094,12
104095,12
104096,14
104097,11
104098,13
104099,13
104100,11
104101,11
104102,10
104103,7
104104,8
104105,11
104106,11
104107,8
104108,11
104109,10
104110,7
104111,12
104112,11
104113,7
104114,8
104115,6
104116,10
104117,11
104118,10
104119,11
104120,9
104121,10
104122,10
104123,11
104124,9
104125,11
104126,5
104127,10
104128,8
104129,11
104130,10
104131,11
104132,8
104133,9
104134,8
104135,6
104136,12
104137,10
104138,6
104139,11
104140,9
104141,7
104142,11
104143,12
104144,10
104145,10
104146,12
104147,6
104148,15
104149,10
104150,11
104151,5
104152,11
104153,10
104154,13
104155,11
104156,16
104157,12
104158,12
104159,9
104160,12
104161,7
104162,14
104163,12
104164,16
104165,11
104166,9
104167,11
104168,10
104169,11
104170,14
104171,11
104172,6
104173,11
104174,10
104175,6
104176,10
104177,11
104178,11
104179,9
104180,9
104181,14
104182,10
104183,10
104184,7
104185,7
104186,12
104187,12
104188,8
104189,11
104190,9
104191,8
104192,9
104193,11
104194,7
104195,10
104196,12
104197,13
104198,11
104199,10
104200,9
104201,13
104202,12
104203,8
104204,8
104205,11
104206,13
104207,10
104208,12
104209,10
104210,10
104211,7
104212,10
104213,9
104214,9
104215,8
104216,8
104217,11
104218,12
104219,9
104220,12
104221,11
104222,8
104223,12
104224,10
104225,11
104226,8
104227,8
104228,6
104229,7
104230,8
104231,6
104232,7
104233,9
104234,11
104235,9
104236,12
104237,6
104238,7
104239,8
104240,10
104241,11
104242,10
104243,12
104244,15
104245,6
104246,9
104247,8
104248,14
104249,7
104250,10
104251,11
104252,10
104253,11
104254,6
104255,7
104256,11
104257,13
104258,11
104259,9
104260,7
104261,11
104262,16
104263,10
104264,9
104265,9
104266,10
104267,11
104268,13
104269,11
104270,10
104271,11
104272,11
104273,10
104274,10
104275,11
104276,10
104277,9
104278,12
104279,9
104280,6
104281,13
104282,11
104283,10
104284,9
104285,7
104286,11
104287,9
104288,6
104289,11
104290,8
104291,10
104292,10
104293,16
104294,13
104295,11
104296,11
104297,12
104298,13
104299,11
104300,14
104301,11
104302,15
104303,10
104304,15
104305,8
104306,9
104307,8
104308,10
104309,11
104310,13
104311,8
104312,8
104313,9
104314,11
104315,10
104316,10
104317,11
104318,8
104319,8
104320,7
104321,7
104322,11
104323,10
104324,11
104325,11
104326,11
104327,13
104328,9
104329,10
104330,12
104331,4
104332,10
104333,7
104334,9
104335,8
104336,9
104337,9
104338,9
104339,10
104340,11
104341,11
104342,5
104343,10
104344,14
104345,9
104346,6
104347,9
104348,13
104349,5
104350,5
104351,11
104352,12
104353,12
104354,7
104355,10
104356,10
104357,9
104358,9
104359,11
104360,10
104361,6
104362,10
104363,10
104364,8
104365,16
104366,12
104367,7
104368,11
104369,11
104370,8
104371,9
104372,10
104373,11
104374,6
104375,10
104376,7
104377,6
104378,10
104379,8
104380,13
104381,11
104382,8
104383,7
104384,10
104385,9
104386,9
104387,11
104388,8
104389,13
104390,11
104391,9
104392,8
104393,4
104394,10
104395,11
104396,10
104397,12
104398,8
104399,7
104400,10
104401,7
104402,10
104403,12
104404,14
104405,10
104406,12
104407,8
104408,11
104409,11
104410,9
104411,11
104412,9
104413,12
104414,8
104415,10
104416,8
104417,4
104418,5
104419,7
104420,9
104421,9
104422,10
104423,9
104424,13
104425,12
104426,9
104427,10
104428,13
104429,10
104430,10
104431,9
104432,10
104433,9
104434,8
104435,10
104436,7
104437,15
104438,10
104439,11
104440,12
104441,5
104442,11
104443,10
104444,11
104445,7
104446,9
104447,13
104448,5
104449,10
104450,8
104451,8
104452,7
104453,10
104454,11
104455,9
104456,9
104457,11
104458,7
104459,10
104460,8
104461,9
104462,12
104463,9
104464,9
104465,10
104466,11
104467,9
104468,5
104469,9
104470,11
104471,8
104472,12
104473,11
104474,10
104475,10
104476,10
104477,10
104478,9
104479,9
104480,8
104481,4
104482,7
104483,7
104484,8
104485,8
104486,8
104487,10
104488,13
104489,8
104490,9
104491,11
104492,9
104493,13
104494,10
104495,16
104496,7
104497,12
104498,9
104499,12
104500,9
104501,12
104502,8
104503,6
104504,9
104505,9
104506,11
104507,10
104508,10
104509,11
104510,9
104511,15
104512,12
104513,9
104514,10
104515,12
104516,13
104517,11
104518,14
104519,13
104520,12
104521,14
104522,10
104523,8
104524,11
104525,7
104526,11
104527,10
104528,11
104529,6
104530,4
104531,10
104532,12
104533,11
104534,13
104535,10
104536,11
104537,11
104538,9
104539,12
104540,10
104541,12
104542,8
104543,11
104544,10
104545,8
104546,10
104547,12
104548,11
104549,10
104550,5
104551,14
104552,11
104553,12
104554,11
104555,4
104556,10
104557,7
104558,10
104559,10
104560,9
104561,9
104562,10
104563,14
104564,8
104565,8
104566,12
104567,8
104568,12
104569,12
104570,4
104571,14
104572,11
104573,10
104574,7
104575,6
104576,13
104577,11
104578,9
104579,10
104580,9
104581,8
104582,10
104583,12
104584,8
104585,7
104586,12
104587,10
104588,11
104589,9
104590,11
104591,9
104592,9
104593,14
104594,8
104595,12
104596,12
104597,11
104598,12
104599,9
104600,11
104601,8
104602,9
104603,12
104604,11
104605,10
104606,11
104607,10
104608,4
104609,11
104610,8
104611,15
104612,16
104613,9
104614,12
104615,12
104616,7
104617,12
104618,6
104619,11
104620,11
104621,12
104622,10
104623,6
104624,10
104625,12
104626,14
104627,10
104628,9
104629,7
104630,14
104631,8
104632,10
104633,7
104634,12
104635,13
104636,9
104637,10
104638,9
104639,12
104640,12
104641,9
104642,12
104643,11
104644,9
104645,9
104646,5
104647,7
104648,9
104649,8
104650,10
104651,11
104652,6
104653,7
104654,11
104655,12
104656,9
104657,8
104658,11
104659,6
104660,7
104661,10
104662,9
104663,10
104664,15
104665,9
104666,9
104667,9
104668,12
104669,12
104670,9
104671,11
104672,11
104673,13
104674,9
104675,9
104676,15
104677,8
104678,8
104679,11
104680,11
104681,7
104682,12
104683,16
104684,9
104685,7
104686,10
104687,10
104688,4
104689,11
104690,12
104691,11
104692,11
104693,12
104694,10
104695,8
104696,15
104697,8
104698,7
104699,11
104700,8
104701,14
104702,10
104703,7
104704,10
104705,8
104706,11
104707,10
104708,15
104709,8
104710,11
104711,11
104712,5
104713,9
104714,8
104715,9
104716,12
104717,9
104718,14
104719,10
104720,14
104721,8
104722,11
104723,14
104724,7
104725,11
104726,7
104727,7
104728,10
104729,11
104730,11
104731,10
104732,9
104733,9
104734,11
104735,9
104736,6
104737,10
104738,8
104739,12
104740,10
104741,10
104742,13
104743,10
104744,7
104745,13
104746,12
104747,9
104748,12
104749,12
104750,7
104751,8
104752,9
104753,8
104754,10
104755,10
104756,8
104757,5
104758,9
104759,15
104760,5
104761,10
104762,9
104763,11
104764,9
104765,8
104766,10
104767,5
104768,10
104769,14
104770,11
104771,5
104772,5
104773,10
104774,9
104775,13
104776,12
104777,5
104778,8
104779,12
104780,11
104781,8
104782,10
104783,4
104784,8
104785,14
104786,12
104787,13
104788,12
104789,9
104790,8
104791,10
104792,11
104793,8
104794,11
104795,9
104796,10
104797,12
104798,12
104799,11
104800,7
104801,9
104802,10
104803,11
104804,10
104805,10
104806,9
104807,8
104808,10
104809,6
104810,10
104811,10
104812,11
104813,8
104814,10
104815,10
104816,11
104817,11
104818,13
104819,7
104820,10
104821,12
104822,9
104823,10
104824,7
104825,9
104826,7
104827,7
104828,12
104829,9
104830,10
104831,9
104832,12
104833,10
104834,7
104835,8
104836,8
104837,11
104838,4
104839,14
104840,10
104841,8
104842,7
104843,8
104844,9
104845,10
104846,8
104847,10
104848,12
104849,10
104850,10
104851,10
104852,11
104853,11
104854,11
104855,9
104856,11
104857,5
104858,5
104859,14
104860,12
104861,10
104862,13
104863,10
104864,12
104865,13
104866,7
104867,14
104868,12
104869,8
104870,11
104871,10
104872,8
104873,12
104874,10
104875,13
104876,11
104877,9
104878,12
104879,11
104880,9
104881,13
104882,13
104883,9
104884,7
104885,7
104886,10
104887,9
104888,7
104889,11
104890,10
104891,11
104892,12
104893,11
104894,10
104895,11
104896,11
104897,12
104898,13
104899,10
104900,10
104901,10
104902,9
104903,9
104904,7
104905,6
104906,13
104907,4
104908,9
104909,7
104910,10
104911,10
104912,9
104913,11
104914,12
104915,13
104916,8
104917,5
104918,8
104919,13
104920,14
104921,14
104922,12
104923,4
104924,8
104925,9
104926,11
104927,10
104928,9
104929,11
104930,11
104931,7
104932,12
104933,9
104934,11
104935,8
104936,6
104937,10
104938,6
104939,10
104940,14
104941,11
104942,9
104943,6
104944,12
104945,10
104946,9
104947,10
104948,12
104949,13
104950,8
104951,12
104952,11
104953,11
104954,4
104955,9
104956,11
104957,14
104958,9
104959,9
104960,10
104961,9
104962,13
104963,5
104964,5
104965,14
104966,7
104967,9
104968,12
104969,13
104970,9
104971,7
104972,10
104973,11
104974,9
104975,7
104976,11
104977,9
104978,9
104979,9
104980,11
104981,11
104982,7
104983,10
104984,7
104985,8
104986,6
104987,14
104988,11
104989,11
104990,8
104991,7
104992,13
104993,8
104994,14
104995,8
104996,13
104997,6
104998,11
104999,11
105000,14
105001,11
105002,9
105003,11
105004,9
105005,11
105006,12
105007,11
105008,11
105009,6
105010,11
105011,10
105012,8
105013,8
105014,13
105015,10
105016,10
105017,7
105018,5
105019,10
105020,10
105021,10
105022,7
105023,8
105024,10
105025,7
105026,8
105027,11
105028,10
105029,9
105030,13
105031,5
105032,10
105033,6
105034,12
105035,10
105036,10
105037,10
105038,10
105039,14
105040,10
105041,7
105042,10
105043,11
105044,9
105045,13
105046,13
105047,8
105048,10
105049,11
105050,8
105051,10
105052,9
105053,6
105054,10
105055,8
105056,6
105057,10
105058,9
105059,7
105060,11
105061,10
105062,11
105063,10
105064,8
105065,11
105066,4
105067,10
105068,12
105069,6
105070,9
105071,9
105072,10
105073,10
105074,10
105075,5
105076,9
105077,12
105078,14
105079,8
105080,10
105081,6
105082,7
105083,10
105084,9
105085,11
105086,6
105087,10
105088,8
105089,12
105090,9
105091,8
105092,7
105093,9
105094,12
105095,12
105096,13
105097,14
105098,7
105099,6
105100,15
105101,11
105102,9
105103,12
105104,5
105105,11
105106,12
105107,10
105108,12
105109,11
105110,11
105111,13
105112,13
105113,7
105114,10
105115,11
105116,9
105117,5
105118,9
105119,14
105120,7
105121,5
105122,12
105123,7
105124,11
105125,10
105126,10
105127,9
105128,10
105129,10
105130,10
105131,9
105132,11
105133,11
105134,9
105135,12
105136,11
105137,8
105138,4
105139,11
105140,8
105141,10
105142,13
105143,7
105144,10
105145,9
105146,6
105147,11
105148,9
105149,11
105150,6
105151,7
105152,11
105153,8
105154,10
105155,5
105156,9
105157,12
105158,14
105159,13
105160,11
105161,4
105162,9
105163,11
105164,8
105165,9
105166,8
105167,12
105168,11
105169,11
105170,9
105171,11
105172,10
105173,8
105174,11
105175,11
105176,11
105177,10
105178,7
105179,10
105180,9
105181,10
105182,5
105183,12
105184,4
105185,10
105186,12
105187,11
105188,10
105189,8
105190,10
105191,10
105192,7
105193,9
105194,12
105195,10
105196,11
105197,7
105198,9
105199,10
105200,12
105201,11
105202,9
105203,7
105204,15
105205,8
105206,17
105207,9
105208,8
105209,13
105210,6
105211,10
105212,11
105213,9
105214,10
105215,9
105216,5
105217,10
105218,11
105219,11
105220,10
105221,6
105222,8
105223,10
105224,13
105225,9
105226,12
105227,12
105228,8
105229,6
105230,8
105231,11
105232,10
105233,10
105234,7
105235,9
105236,11
105237,9
105238,9
105239,9
105240,9
105241,8
105242,12
105243,11
105244,10
105245,7
105246,9
105247,5
105248,8
105249,8
105250,4
105251,11
105252,12
105253,5
105254,7
105255,12
105256,11
105257,10
105258,10
105259,11
105260,12
105261,4
105262,10
105263,10
105264,9
105265,7
105266,7
105267,9
105268,7
105269,7
105270,10
105271,10
105272,10
105273,14
105274,6
105275,8
105276,9
105277,5
105278,9
105279,11
105280,15
105281,9
105282,9
105283,8
105284,10
105285,8
105286,12
105287,11
105288,9
105289,13
105290,10
105291,10
105292,10
105293,7
105294,9
105295,10
105296,5
105297,6
105298,5
105299,10
105300,8
105301,8
105302,8
105303,10
105304,12
105305,7
105306,11
105307,7
105308,13
105309,6
105310,7
105311,12
105312,10
105313,12
105314,9
105315,7
105316,13
105317,11
105318,8
105319,7
105320,14
105321,8
105322,9
105323,6
105324,10
105325,11
105326,9
105327,6
105328,8
105329,9
105330,4
105331,9
105332,7
105333,10
105334,9
105335,7
105336,10
105337,8
105338,9
105339,10
105340,7
105341,11
105342,5
105343,10
105344,7
105345,12
105346,11
105347,10
105348,11
105349,15
105350,10
105351,12
105352,10
105353,11
105354,7
105355,5
105356,10
105357,10
105358,12
105359,11
105360,13
105361,4
105362,15
105363,12
105364,9
105365,9
105366,10
105367,11
105368,10
105369,4
105370,12
105371,11
105372,7
105373,9
105374,6
105375,11
105376,8
105377,12
105378,11
105379,12
105380,10
105381,9
105382,11
105383,11
105384,11
105385,9
105386,8
105387,14
105388,12
105389,9
105390,10
105391,10
105392,10
105393,7
105394,10
105395,11
105396,6
105397,13
105398,12
105399,10
105400,11
105401,14
105402,5
105403,9
105404,11
105405,6
105406,5
105407,12
105408,9
105409,11
105410,8
105411,12
105412,11
105413,12
105414,6
105415,12
105416,8
105417,15
105418,10
105419,11
105420,11
105421,9
105422,9
105423,8
105424,7
105425,9
105426,11
105427,7
105428,6
105429,4
105430,11
105431,14
105432,15
105433,10
105434,8
105435,12
105436,10
105437,9
105438,9
105439,9
105440,10
105441,10
105442,9
105443,8
105444,9
105445,9
105446,11
105447,9
105448,9
105449,10
105450,12
105451,13
105452,8
105453,13
105454,10
105455,6
105456,14
105457,12
105458,6
105459,8
105460,10
105461,8
105462,10
105463,10
105464,11
105465,10
105466,12
105467,8
105468,14
105469,9
105470,7
105471,10
105472,4
105473,9
105474,10
105475,15
105476,8
105477,12
105478,9
105479,8
105480,10
105481,8
105482,5
105483,10
105484,12
105485,11
105486,12
105487,10
105488,8
105489,10
105490,7
105491,18
105492,17
105493,8
105494,10
105495,6
105496,10
105497,12
105498,15
105499,10
105500,8
105501,11
105502,10
105503,9
105504,14
105505,12
105506,8
105507,11
105508,5
105509,11
105510,11
105511,8
105512,10
105513,12
105514,9
105515,8
105516,10
105517,7
105518,14
105519,10
105520,9
105521,11
105522,11
105523,14
105524,12
105525,10
105526,9
105527,5
105528,7
105529,6
105530,7
105531,13
105532,13
105533,7
105534,13
105535,7
105536,9
105537,10
105538,12
105539,12
105540,9
105541,15
105542,11
105543,12
105544,10
105545,9
105546,11
105547,11
105548,6
105549,11
105550,10
105551,13
105552,9
105553,10
105554,7
105555,9
105556,10
105557,10
105558,11
105559,7
105560,10
105561,13
105562,7
105563,6
105564,9
105565,9
105566,11
105567,9
105568,11
105569,10
105570,4
105571,9
105572,10
105573,10
105574,7
105575,9
105576,10
105577,9
105578,15
105579,6
105580,10
105581,11
105582,5
105583,10
105584,11
105585,6
105586,6
105587,8
105588,14
105589,11
105590,9
105591,7
105592,8
105593,10
105594,11
105595,7
105596,12
105597,10
105598,11
105599,12
105600,8
105601,10
105602,9
105603,11
105604,10
105605,14
105606,9
105607,13
105608,5
105609,11
105610,5
105611,10
105612,10
105613,6
105614,7
105615,7
105616,9
105617,10
105618,14
105619,7
105620,10
105621,7
105622,7
105623,12
105624,12
105625,10
105626,6
105627,10
105628,6
105629,10
105630,12
105631,11
105632,5
105633,10
105634,11
105635,8
105636,8
105637,12
105638,7
105639,10
105640,8
105641,11
105642,9
105643,6
105644,10
105645,10
105646,9
105647,8
105648,11
105649,8
105650,13
105651,6
105652,7
105653,7
105654,11
105655,11
105656,14
105657,11
105658,12
105659,10
105660,5
105661,12
105662,10
105663,11
105664,12
105665,10
105666,13
105667,10
105668,9
105669,10
105670,9
105671,13
105672,11
105673,9
105674,12
105675,9
105676,9
105677,7
105678,11
105679,7
105680,10
105681,10
105682,7
105683,12
105684,9
105685,11
105686,6
105687,8
105688,12
105689,10
105690,10
105691,8
105692,11
105693,11
105694,12
105695,9
105696,10
105697,11
105698,10
105699,12
105700,7
105701,12
105702,10
105703,10
105704,8
105705,5
105706,9
105707,6
105708,11
105709,8
105710,6
105711,10
105712,11
105713,8
105714,9
105715,11
105716,7
105717,10
105718,8
105719,4
105720,8
105721,9
105722,7
105723,12
105724,12
105725,7
105726,9
105727,9
105728,6
105729,12
105730,7
105731,12
105732,4
105733,7
105734,10
105735,9
105736,14
105737,8
105738,9
105739,11
105740,8
105741,10
105742,11
105743,8
105744,10
105745,6
105746,9
105747,13
105748,10
105749,8
105750,8
105751,10
105752,10
105753,10
105754,9
105755,6
105756,10
105757,11
105758,11
105759,9
105760,8
105761,11
105762,10
105763,8
105764,8
105765,12
105766,10
105767,13
105768,10
105769,4
105770,8
105771,10
105772,8
105773,5
105774,12
105775,10
105776,10
105777,9
105778,11
105779,9
105780,6
105781,10
105782,8
105783,7
105784,13
105785,12
105786,7
105787,7
105788,10
105789,9
105790,7
105791,11
105792,13
105793,10
105794,8
105795,6
105796,13
105797,9
105798,12
105799,11
105800,10
105801,9
105802,11
105803,7
105804,11
105805,6
105806,9
105807,12
105808,5
105809,10
105810,12
105811,8
105812,10
105813,7
105814,10
105815,6
105816,10
105817,10
105818,10
105819,10
105820,12
105821,14
105822,14
105823,10
105824,4
105825,9
105826,9
105827,10
105828,10
105829,9
105830,11
105831,11
105832,10
105833,8
105834,6
105835,14
105836,6
105837,12
105838,11
105839,8
105840,12
105841,7
105842,12
105843,8
105844,12
105845,11
105846,7
105847,11
105848,11
105849,9
105850,7
105851,12
105852,11
105853,12
105854,9
105855,11
105856,10
105857,10
105858,8
105859,9
105860,11
105861,12
105862,12
105863,6
105864,11
105865,8
105866,12
105867,6
105868,12
105869,14
105870,13
105871,5
105872,13
105873,9
105874,10
105875,9
105876,10
105877,8
105878,6
105879,9
105880,8
105881,11
105882,13
105883,11
105884,13
105885,8
105886,8
105887,9
105888,9
105889,11
105890,14
105891,9
105892,10
105893,13
105894,9
105895,5
105896,8
105897,11
105898,11
105899,9
105900,12
105901,7
105902,7
105903,10
105904,6
105905,10
105906,6
105907,13
105908,5
105909,10
105910,10
105911,7
105912,10
105913,10
105914,9
105915,13
105916,12
105917,10
105918,10
105919,7
105920,11
105921,9
105922,10
105923,8
105924,8
105925,12
105926,11
105927,10
105928,11
105929,5
105930,11
105931,7
105932,9
105933,10
105934,9
105935,10
105936,12
105937,7
105938,10
105939,13
105940,11
105941,9
105942,13
105943,11
105944,11
105945,10
105946,11
105947,10
105948,11
105949,11
105950,10
105951,5
105952,9
105953,6
105954,11
105955,5
105956,12
105957,9
105958,10
105959,7
105960,11
105961,11
105962,11
105963,6
105964,7
105965,8
105966,10
105967,8
105968,5
105969,10
105970,10
105971,8
105972,12
105973,14
105974,13
105975,13
105976,17
105977,16
105978,7
105979,8
105980,9
105981,7
105982,11
105983,6
105984,11
105985,5
105986,13
105987,8
105988,15
105989,7
105990,11
105991,9
105992,9
105993,10
105994,11
105995,10
105996,7
105997,8
105998,11
105999,9
106000,9
106001,9
106002,9
106003,15
106004,9
106005,9
106006,7
106007,10
106008,9
106009,9
106010,10
106011,10
106012,12
106013,10
106014,8
106015,7
106016,10
106017,10
106018,9
106019,12
106020,9
106021,6
106022,11
106023,11
106024,9
106025,6
106026,11
106027,7
106028,12
106029,11
106030,9
106031,10
106032,11
106033,5
106034,12
106035,11
106036,14
106037,10
106038,10
106039,10
106040,7
106041,10
106042,11
106043,7
106044,8
106045,9
106046,5
106047,9
106048,10
106049,10
106050,9
106051,11
106052,6
106053,10
106054,8
106055,10
106056,8
106057,10
106058,11
106059,11
106060,11
106061,9
106062,11
106063,10
106064,11
106065,11
106066,15
106067,12
106068,9
106069,7
106070,11
106071,9
106072,11
106073,13
106074,6
106075,11
106076,9
106077,13
106078,12
106079,9
106080,11
106081,11
106082,11
106083,11
106084,10
106085,10
106086,11
106087,11
106088,9
106089,8
106090,11
106091,10
106092,10
106093,11
106094,10
106095,7
106096,8
106097,10
106098,10
106099,8
106100,10
106101,10
106102,10
106103,11
106104,10
106105,10
106106,14
106107,8
106108,11
106109,10
106110,10
106111,11
106112,6
106113,6
106114,10
106115,9
106116,10
106117,13
106118,9
106119,10
106120,9
106121,7
106122,10
106123,10
106124,8
106125,11
106126,11
106127,10
106128,10
106129,10
106130,16
106131,14
106132,12
106133,9
106134,8
106135,8
106136,11
106137,10
106138,10
106139,11
106140,5
106141,8
106142,11
106143,10
106144,12
106145,4
106146,10
106147,11
106148,11
106149,10
106150,11
106151,11
106152,7
106153,10
106154,10
106155,10
106156,11
106157,10
106158,13
106159,9
106160,6
106161,14
106162,14
106163,12
106164,7
106165,10
106166,12
106167,9
106168,9
106169,12
106170,10
106171,6
106172,10
106173,11
106174,9
106175,10
106176,10
106177,15
106178,15
106179,8
106180,11
106181,9
106182,8
106183,10
106184,10
106185,4
106186,9
106187,7
106188,10
106189,9
106190,10
106191,9
106192,15
106193,14
106194,10
106195,10
106196,8
106197,8
106198,12
106199,11
106200,10
106201,8
106202,10
106203,12
106204,11
106205,11
106206,6
106207,12
106208,11
106209,9
106210,8
106211,6
106212,11
106213,9
106214,11
106215,11
106216,12
106217,6
106218,10
106219,8
106220,13
106221,14
106222,13
106223,10
106224,8
106225,9
106226,11
106227,5
106228,8
106229,11
106230,12
106231,11
106232,8
106233,10
106234,11
106235,10
106236,14
106237,12
106238,12
106239,12
106240,9
106241,13
106242,9
106243,10
106244,9
106245,10
106246,4
106247,16
106248,11
106249,8
106250,12
106251,8
106252,10
106253,7
106254,10
106255,7
106256,12
106257,10
106258,11
106259,11
106260,10
106261,10
106262,7
106263,11
106264,8
106265,10
106266,7
106267,16
106268,14
106269,9
106270,8
106271,7
106272,14
106273,7
106274,9
106275,10
106276,7
106277,13
106278,7
106279,11
106280,4
106281,7
106282,11
106283,4
106284,7
106285,16
106286,8
106287,7
106288,9
106289,8
106290,14
106291,10
106292,12
106293,9
106294,7
106295,8
106296,8
106297,10
106298,11
106299,8
106300,8
106301,10
106302,10
106303,10
106304,9
106305,12
106306,10
106307,11
106308,7
106309,15
106310,8
106311,11
106312,7
106313,7
106314,6
106315,10
106316,9
106317,12
106318,6
106319,13
106320,12
106321,9
106322,9
106323,7
106324,12
106325,8
106326,13
106327,10
106328,11
106329,6
106330,11
106331,15
106332,9
106333,8
106334,7
106335,9
106336,13
106337,13
106338,11
106339,10
106340,10
106341,11
106342,13
106343,14
106344,10
106345,16
106346,8
106347,7
106348,8
106349,9
106350,11
106351,9
106352,10
106353,10
106354,11
106355,15
106356,11
106357,9
106358,10
106359,8
106360,11
106361,9
106362,8
106363,10
106364,7
106365,6
106366,11
106367,8
106368,10
106369,11
106370,11
106371,10
106372,13
106373,8
106374,9
106375,7
106376,8
106377,14
106378,10
106379,13
106380,8
106381,13
106382,12
106383,10
106384,13
106385,11
106386,9
106387,6
106388,9
106389,12
106390,12
106391,13
106392,8
106393,4
106394,7
106395,11
106396,7
106397,9
106398,12
106399,10
106400,11
106401,11
106402,8
106403,6
106404,10
106405,8
106406,9
106407,9
106408,10
106409,13
106410,8
106411,5
106412,12
106413,8
106414,9
106415,9
106416,9
106417,13
106418,11
106419,6
106420,5
106421,12
106422,11
106423,11
106424,10
106425,12
106426,10
106427,9
106428,7
106429,11
106430,9
106431,10
106432,10
106433,13
106434,10
106435,11
106436,10
106437,7
106438,7
106439,11
106440,10
106441,10
106442,10
106443,8
106444,11
106445,10
106446,11
106447,16
106448,9
106449,7
106450,9
106451,9
106452,9
106453,17
106454,5
106455,10
106456,5
106457,6
106458,10
106459,8
106460,12
106461,8
106462,10
106463,8
106464,7
106465,11
106466,11
106467,11
106468,10
106469,6
106470,7
106471,13
106472,14
106473,10
106474,9
106475,11
106476,11
106477,9
106478,11
106479,9
106480,11
106481,5
106482,15
106483,8
106484,8
106485,11
106486,6
106487,9
106488,10
106489,12
106490,10
106491,15
106492,15
106493,7
106494,11
106495,10
106496,8
106497,9
106498,13
106499,9
106500,6
106501,7
106502,5
106503,12
106504,12
106505,9
106506,12
106507,12
106508,10
106509,6
106510,8
106511,14
106512,7
106513,12
106514,14
106515,10
106516,11
106517,9
106518,9
106519,10
106520,6
106521,9
106522,10
106523,12
106524,10
106525,14
106526,11
106527,10
106528,9
106529,8
106530,8
106531,7
106532,9
106533,6
106534,12
106535,11
106536,10
106537,12
106538,10
106539,8
106540,15
106541,10
106542,9
106543,14
106544,8
106545,5
106546,9
106547,8
106548,10
106549,10
106550,6
106551,9
106552,10
106553,11
106554,13
106555,10
106556,8
106557,15
106558,7
106559,11
106560,9
106561,10
106562,11
106563,12
106564,10
106565,5
106566,10
106567,8
106568,7
106569,10
106570,10
106571,6
106572,8
106573,10
106574,10
106575,5
106576,12
106577,10
106578,7
106579,14
106580,12
106581,8
106582,9
106583,12
106584,10
106585,9
106586,10
106587,9
106588,5
106589,10
106590,11
106591,10
106592,9
106593,10
106594,8
106595,10
106596,8
106597,10
106598,10
106599,13
106600,16
106601,11
106602,9
106603,4
106604,12
106605,7
106606,11
106607,6
106608,10
106609,10
106610,10
106611,11
106612,13
106613,11
106614,15
106615,9
106616,10
106617,8
106618,14
106619,9
106620,10
106621,10
106622,10
106623,11
106624,5
106625,10
106626,9
106627,12
106628,11
106629,10
106630,5
106631,11
106632,13
106633,4
106634,10
106635,10
106636,12
106637,11
106638,11
106639,6
106640,11
106641,10
106642,8
106643,12
106644,10
106645,12
106646,6
106647,7
106648,12
106649,9
106650,11
106651,11
106652,11
106653,9
106654,10
106655,10
106656,10
106657,7
106658,10
106659,11
106660,12
106661,11
106662,8
106663,12
106664,4
106665,11
106666,10
106667,7
106668,9
106669,10
106670,9
106671,9
106672,13
106673,7
106674,8
106675,10
106676,9
106677,7
106678,10
106679,5
106680,9
106681,11
106682,11
106683,7
106684,9
106685,8
106686,10
106687,8
106688,8
106689,9
106690,6
106691,7
106692,10
106693,13
106694,7
106695,9
106696,14
106697,8
106698,8
106699,11
106700,12
106701,10
106702,9
106703,6
106704,8
106705,11
106706,9
106707,10
106708,10
106709,10
106710,13
106711,13
106712,9
106713,6
106714,9
106715,10
106716,8
106717,7
106718,12
106719,11
106720,8
106721,10
106722,15
106723,14
106724,9
106725,10
106726,9
106727,7
106728,10
106729,11
106730,7
106731,10
106732,10
106733,11
106734,10
106735,11
106736,15
106737,10
106738,9
106739,11
106740,8
106741,10
106742,12
106743,9
106744,8
106745,11
106746,8
106747,6
106748,7
106749,11
106750,13
106751,9
106752,7
106753,11
106754,13
106755,7
106756,12
106757,5
106758,10
106759,7
106760,13
106761,10
106762,13
106763,15
106764,8
106765,8
106766,9
106767,7
106768,8
106769,10
106770,15
106771,11
106772,11
106773,11
106774,9
106775,12
106776,11
106777,9
106778,10
106779,4
106780,15
106781,7
106782,6
106783,9
106784,11
106785,12
106786,11
106787,10
106788,11
106789,17
106790,5
106791,10
106792,7
106793,12
106794,11
106795,13
106796,12
106797,8
106798,12
106799,10
106800,12
106801,15
106802,7
106803,8
106804,10
106805,9
106806,9
106807,6
106808,11
106809,11
106810,9
106811,4
106812,11
106813,9
106814,9
106815,5
106816,12
106817,9
106818,7
106819,13
106820,14
106821,7
106822,8
106823,11
106824,7
106825,10
106826,6
106827,12
106828,11
106829,7
106830,13
106831,9
106832,11
106833,14
106834,7
106835,12
106836,8
106837,10
106838,13
106839,10
106840,14
106841,11
106842,12
106843,11
106844,9
106845,13
106846,5
106847,10
106848,5
106849,8
106850,12
106851,6
106852,13
106853,10
106854,9
106855,6
106856,9
106857,7
106858,9
106859,6
106860,11
106861,10
106862,8
106863,15
106864,8
106865,8
106866,8
106867,6
106868,8
106869,10
106870,10
106871,9
106872,10
106873,7
106874,6
106875,12
106876,8
106877,11
106878,12
106879,12
106880,6
106881,10
106882,6
106883,9
106884,9
106885,10
106886,8
106887,6
106888,7
106889,10
106890,10
106891,15
106892,11
106893,7
106894,9
106895,10
106896,9
106897,9
106898,10
106899,13
106900,10
106901,6
106902,8
106903,8
106904,11
106905,14
106906,13
106907,12
106908,14
106909,9
106910,6
106911,10
106912,13
106913,9
106914,8
106915,11
106916,13
106917,8
106918,13
106919,11
106920,10
106921,11
106922,13
106923,8
106924,11
106925,9
106926,14
106927,9
106928,15
106929,13
106930,10
106931,10
106932,10
106933,6
106934,7
106935,10
106936,7
106937,11
106938,15
106939,10
106940,10
106941,9
106942,9
106943,6
106944,10
106945,11
106946,11
106947,6
106948,7
106949,11
106950,13
106951,9
106952,12
106953,9
106954,15
106955,10
106956,4
106957,10
106958,14
106959,13
106960,10
106961,10
106962,12
106963,10
106964,10
106965,7
106966,6
106967,9
106968,11
106969,11
106970,6
106971,10
106972,11
106973,9
106974,5
106975,8
106976,8
106977,11
106978,5
106979,10
106980,7
106981,6
106982,9
106983,11
106984,12
106985,13
106986,9
106987,10
106988,12
106989,6
106990,6
106991,9
106992,11
106993,7
106994,10
106995,10
106996,12
106997,9
106998,13
106999,7
107000,4
107001,14
107002,9
107003,15
107004,8
107005,11
107006,11
107007,9
107008,8
107009,10
107010,9
107011,10
107012,13
107013,10
107014,10
107015,8
107016,9
107017,10
107018,6
107019,15
107020,9
107021,11
107022,7
107023,9
107024,11
107025,11
107026,12
107027,11
107028,8
107029,9
107030,11
107031,10
107032,11
107033,11
107034,10
107035,9
107036,10
107037,12
107038,11
107039,11
107040,10
107041,10
107042,12
107043,14
107044,7
107045,11
107046,8
107047,9
107048,10
107049,11
107050,12
107051,14
107052,13
107053,10
107054,10
107055,7
107056,11
107057,7
107058,10
107059,7
107060,10
107061,12
107062,9
107063,11
107064,4
107065,9
107066,9
107067,11
107068,13
107069,10
107070,12
107071,10
107072,12
107073,11
107074,15
107075,8
107076,12
107077,11
107078,11
107079,12
107080,14
107081,12
107082,7
107083,11
107084,7
107085,10
107086,15
107087,12
107088,12
107089,10
107090,13
107091,8
107092,16
107093,8
107094,11
107095,8
107096,11
107097,12
107098,4
107099,12
107100,9
107101,10
107102,9
107103,10
107104,8
107105,11
107106,13
107107,13
107108,10
107109,9
107110,8
107111,9
107112,9
107113,15
107114,9
107115,10
107116,11
107117,11
107118,13
107119,10
107120,10
107121,9
107122,11
107123,11
107124,7
107125,11
107126,6
107127,10
107128,9
107129,7
107130,13
107131,8
107132,10
107133,9
107134,9
107135,10
107136,12
107137,14
107138,6
107139,10
107140,8
107141,12
107142,12
107143,12
107144,9
107145,13
107146,14
107147,13
107148,12
107149,13
107150,9
107151,9
107152,15
107153,9
107154,12
107155,11
107156,11
107157,15
107158,6
107159,8
107160,14
107161,12
107162,5
107163,10
107164,12
107165,9
107166,11
107167,10
107168,10
107169,7
107170,11
107171,8
107172,8
107173,11
107174,8
107175,10
107176,11
107177,11
107178,14
107179,8
107180,10
107181,4
107182,9
107183,8
107184,11
107185,9
107186,11
107187,14
107188,8
107189,9
107190,13
107191,10
107192,12
107193,12
107194,5
107195,13
107196,13
107197,5
107198,6
107199,6
107200,11
107201,14
107202,6
107203,10
107204,7
107205,9
107206,8
107207,7
107208,10
107209,8
107210,8
107211,8
107212,6
107213,10
107214,14
107215,10
107216,7
107217,11
107218,16
107219,10
107220,11
107221,9
107222,8
107223,9
107224,13
107225,7
107226,6
107227,12
107228,12
107229,13
107230,10
107231,14
107232,5
107233,9
107234,9
107235,10
107236,9
107237,8
107238,12
107239,9
107240,6
107241,11
107242,10
107243,9
107244,14
107245,10
107246,9
107247,14
107248,7
107249,12
107250,12
107251,13
107252,7
107253,11
107254,10
107255,10
107256,6
107257,7
107258,10
107259,9
107260,7
107261,12
107262,11
107263,8
107264,14
107265,8
107266,12
107267,9
107268,11
107269,8
107270,11
107271,15
107272,9
107273,13
107274,11
107275,10
107276,6
107277,11
107278,9
107279,9
107280,9
107281,6
107282,10
107283,11
107284,10
107285,6
107286,12
107287,10
107288,9
107289,9
107290,10
107291,12
107292,11
107293,13
107294,8
107295,14
107296,11
107297,9
107298,11
107299,13
107300,11
107301,10
107302,11
107303,11
107304,10
107305,8
107306,9
107307,8
107308,12
107309,12
107310,9
107311,9
107312,8
107313,8
107314,12
107315,9
107316,10
107317,8
107318,8
107319,7
107320,15
107321,6
107322,12
107323,6
107324,11
107325,11
107326,7
107327,8
107328,6
107329,10
107330,10
107331,13
107332,11
107333,14
107334,10
107335,12
107336,12
107337,11
107338,10
107339,9
107340,14
107341,6
107342,7
107343,14
107344,10
107345,13
107346,11
107347,10
107348,8
107349,13
107350,9
107351,10
107352,10
107353,10
107354,10
107355,15
107356,11
107357,6
107358,10
107359,8
107360,10
107361,9
107362,7
107363,6
107364,9
107365,8
107366,14
107367,14
107368,15
107369,8
107370,9
107371,4
107372,11
107373,8
107374,8
107375,10
107376,9
107377,10
107378,10
107379,10
107380,10
107381,11
107382,9
107383,11
107384,11
107385,14
107386,11
107387,9
107388,14
107389,7
107390,8
107391,11
107392,13
107393,11
107394,8
107395,10
107396,11
107397,11
107398,7
107399,11
107400,7
107401,10
107402,10
107403,16
107404,10
107405,4
107406,11
107407,8
107408,11
107409,8
107410,9
107411,11
107412,14
107413,17
107414,11
107415,4
107416,4
107417,10
107418,9
107419,10
107420,10
107421,10
107422,11
107423,11
107424,16
107425,10
107426,10
107427,11
107428,10
107429,11
107430,16
107431,12
107432,8
107433,10
107434,7
107435,13
107436,13
107437,10
107438,9
107439,10
107440,10
107441,10
107442,9
107443,8
107444,13
107445,14
107446,8
107447,11
107448,11
107449,10
107450,11
107451,8
107452,10
107453,10
107454,5
107455,15
107456,8
107457,11
107458,7
107459,10
107460,5
107461,4
107462,10
107463,12
107464,10
107465,9
107466,11
107467,18
107468,7
107469,12
107470,8
107471,12
107472,13
107473,11
107474,9
107475,8
107476,10
107477,9
107478,8
107479,9
107480,10
107481,10
107482,11
107483,10
107484,10
107485,12
107486,10
107487,11
107488,9
107489,11
107490,9
107491,12
107492,8
107493,11
107494,10
107495,10
107496,6
107497,8
107498,9
107499,7
107500,6
107501,13
107502,7
107503,11
107504,11
107505,7
107506,10
107507,7
107508,10
107509,12
107510,8
107511,14
107512,11
107513,12
107514,12
107515,13
107516,6
107517,6
107518,10
107519,13
107520,9
107521,10
107522,8
107523,12
107524,13
107525,10
107526,12
107527,10
107528,10
107529,11
107530,15
107531,7
107532,13
107533,8
107534,9
107535,8
107536,11
107537,10
107538,8
107539,7
107540,13
107541,17
107542,7
107543,11
107544,12
107545,13
107546,8
107547,10
107548,12
107549,10
107550,10
107551,6
107552,15
107553,10
107554,9
107555,11
107556,12
107557,11
107558,9
107559,10
107560,16
107561,9
107562,11
107563,11
107564,11
107565,12
107566,10
107567,12
107568,16
107569,13
107570,11
107571,10
107572,10
107573,10
107574,8
107575,4
107576,13
107577,10
107578,7
107579,11
107580,11
107581,10
107582,10
107583,9
107584,12
107585,11
107586,10
107587,8
107588,13
107589,11
107590,10
107591,13
107592,10
107593,10
107594,8
107595,12
107596,11
107597,12
107598,6
107599,9
107600,13
107601,10
107602,10
107603,14
107604,11
107605,10
107606,15
107607,7
107608,9
107609,9
107610,10
107611,11
107612,8
107613,12
107614,6
107615,17
107616,11
107617,13
107618,12
107619,10
107620,10
107621,10
107622,11
107623,10
107624,15
107625,9
107626,10
107627,10
107628,6
107629,15
107630,12
107631,10
107632,10
107633,10
107634,15
107635,10
107636,10
107637,9
107638,7
107639,13
107640,8
107641,9
107642,8
107643,10
107644,10
107645,6
107646,11
107647,10
107648,7
107649,12
107650,6
107651,10
107652,7
107653,10
107654,7
107655,13
107656,10
107657,10
107658,6
107659,8
107660,10
107661,12
107662,11
107663,6
107664,13
107665,10
107666,11
107667,10
107668,12
107669,9
107670,12
107671,9
107672,11
107673,7
107674,10
107675,10
107676,5
107677,7
107678,10
107679,8
107680,12
107681,9
107682,8
107683,12
107684,6
107685,7
107686,11
107687,11
107688,13
107689,9
107690,6
107691,14
107692,13
107693,10
107694,6
107695,9
107696,11
107697,4
107698,9
107699,9
107700,10
107701,12
107702,10
107703,6
107704,12
107705,10
107706,11
107707,10
107708,11
107709,8
107710,12
107711,14
107712,11
107713,11
107714,4
107715,10
107716,8
107717,9
107718,10
107719,11
107720,11
107721,10
107722,5
107723,9
107724,16
107725,10
107726,14
107727,10
107728,15
107729,7
107730,12
107731,10
107732,7
107733,8
107734,9
107735,9
107736,13
107737,10
107738,5
107739,8
107740,10
107741,10
107742,6
107743,11
107744,13
107745,8
107746,15
107747,12
107748,5
107749,12
107750,11
107751,11
107752,10
107753,10
107754,12
107755,10
107756,6
107757,9
107758,7
107759,5
107760,9
107761,11
107762,12
107763,10
107764,15
107765,7
107766,9
107767,10
107768,7
107769,5
107770,10
107771,12
107772,8
107773,9
107774,8
107775,13
107776,7
107777,12
107778,12
107779,9
107780,10
107781,9
107782,7
107783,11
107784,9
107785,12
107786,10
107787,9
107788,11
107789,12
107790,11
107791,7
107792,13
107793,11
107794,10
107795,9
107796,6
107797,11
107798,10
107799,16
107800,8
107801,7
107802,12
107803,10
107804,7
107805,11
107806,15
107807,11
107808,10
107809,12
107810,8
107811,11
107812,5
107813,7
107814,10
107815,8
107816,10
107817,12
107818,10
107819,13
107820,9
107821,8
107822,8
107823,15
107824,15
107825,16
107826,9
107827,11
107828,7
107829,12
107830,11
107831,9
107832,11
107833,9
107834,9
107835,9
107836,10
107837,9
107838,12
107839,10
107840,11
107841,10
107842,11
107843,11
107844,10
107845,13
107846,5
107847,6
107848,10
107849,10
107850,10
107851,9
107852,9
107853,9
107854,4
107855,13
107856,8
107857,7
107858,12
107859,10
107860,10
107861,8
107862,11
107863,9
107864,9
107865,9
107866,9
107867,10
107868,10
107869,16
107870,11
107871,11
107872,11
107873,7
107874,9
107875,16
107876,9
107877,7
107878,8
107879,14
107880,7
107881,11
107882,12
107883,11
107884,10
107885,8
107886,10
107887,9
107888,5
107889,8
107890,12
107891,12
107892,10
107893,13
107894,10
107895,10
107896,10
107897,11
107898,12
107899,10
107900,6
107901,9
107902,12
107903,10
107904,9
107905,4
107906,12
107907,15
107908,9
107909,11
107910,6
107911,11
107912,7
107913,11
107914,11
107915,12
107916,11
107917,6
107918,12
107919,7
107920,10
107921,9
107922,8
107923,8
107924,13
107925,11
107926,11
107927,11
107928,9
107929,9
107930,10
107931,7
107932,10
107933,15
107934,5
107935,10
107936,10
107937,8
107938,8
107939,11
107940,10
107941,10
107942,8
107943,9
107944,6
107945,9
107946,10
107947,12
107948,10
107949,12
107950,12
107951,9
107952,15
107953,11
107954,11
107955,10
107956,12
107957,6
107958,7
107959,5
107960,9
107961,10
107962,8
107963,10
107964,11
107965,12
107966,9
107967,8
107968,7
107969,7
107970,6
107971,4
107972,8
107973,7
107974,7
107975,10
107976,7
107977,11
107978,8
107979,11
107980,10
107981,16
107982,12
107983,10
107984,8
107985,12
107986,10
107987,5
107988,9
107989,10
107990,12
107991,8
107992,4
107993,10
107994,12
107995,12
107996,10
107997,11
107998,10
107999,11
108000,4
108001,9
108002,7
108003,11
108004,10
108005,10
108006,7
108007,10
108008,10
108009,13
108010,13
108011,7
108012,11
108013,10
108014,11
108015,9
108016,10
108017,12
108018,6
108019,10
108020,10
108021,9
108022,9
108023,10
108024,8
108025,6
108026,12
108027,12
108028,11
108029,12
108030,8
108031,10
108032,8
108033,10
108034,8
108035,11
108036,9
108037,10
108038,6
108039,8
108040,10
108041,12
108042,6
108043,9
108044,9
108045,7
108046,9
108047,11
108048,13
108049,16
108050,7
108051,11
108052,11
108053,9
108054,10
108055,7
108056,11
108057,9
108058,6
108059,14
108060,14
108061,10
108062,8
108063,4
108064,7
108065,9
108066,8
108067,9
108068,5
108069,10
108070,10
108071,9
108072,11
108073,7
108074,10
108075,8
108076,11
108077,8
108078,9
108079,10
108080,13
108081,12
108082,12
108083,9
108084,7
108085,9
108086,9
108087,6
108088,13
108089,12
108090,10
108091,9
108092,8
108093,6
108094,12
108095,15
108096,8
108097,9
108098,10
108099,10
108100,7
108101,9
108102,10
108103,10
108104,10
108105,9
108106,11
108107,12
108108,10
108109,4
108110,11
108111,8
108112,11
108113,8
108114,11
108115,9
108116,9
108117,9
108118,11
108119,8
108120,6
108121,15
108122,12
108123,12
108124,10
108125,12
108126,10
108127,10
108128,12
108129,9
108130,5
108131,6
108132,9
108133,8
108134,9
108135,10
108136,10
108137,10
108138,10
108139,4
108140,10
108141,10
108142,13
108143,13
108144,11
108145,12
108146,6
108147,15
108148,9
108149,6
108150,13
108151,8
108152,8
108153,11
108154,6
108155,15
108156,6
108157,12
108158,10
108159,8
108160,9
108161,8
108162,9
108163,9
108164,13
108165,10
108166,8
108167,13
108168,10
108169,10
108170,8
108171,10
108172,9
108173,10
108174,9
108175,9
108176,13
108177,7
108178,5
108179,8
108180,10
108181,9
108182,12
108183,14
108184,11
108185,11
108186,6
108187,4
108188,6
108189,10
108190,13
108191,10
108192,12
108193,9
108194,10
108195,9
108196,4
108197,17
108198,12
108199,8
108200,9
108201,10
108202,6
108203,7
108204,12
108205,11
108206,12
108207,10
108208,15
108209,5
108210,11
108211,11
108212,7
108213,7
108214,11
108215,10
108216,12
108217,12
108218,11
108219,7
108220,10
108221,11
108222,13
108223,11
108224,7
108225,6
108226,16
108227,12
108228,9
108229,11
108230,10
108231,10
108232,13
108233,8
108234,9
108235,11
108236,7
108237,11
108238,8
108239,8
108240,13
108241,14
108242,9
108243,5
108244,10
108245,11
108246,13
108247,13
108248,8
108249,8
108250,12
108251,11
108252,10
108253,7
108254,10
108255,8
108256,12
108257,11
108258,11
108259,8
108260,8
108261,11
108262,11
108263,11
108264,12
108265,8
108266,14
108267,11
108268,11
108269,13
108270,9
108271,11
108272,11
108273,13
108274,9
108275,12
108276,10
108277,12
108278,8
108279,13
108280,6
108281,7
108282,7
108283,12
108284,11
108285,4
108286,5
108287,11
108288,12
108289,12
108290,10
108291,13
108292,10
108293,10
108294,8
108295,8
108296,5
108297,7
108298,14
108299,10
108300,10
108301,10
108302,10
108303,5
108304,11
108305,10
108306,10
108307,10
108308,12
108309,8
108310,11
108311,8
108312,14
108313,10
108314,12
108315,11
108316,10
108317,14
108318,11
108319,7
108320,12
108321,10
108322,11
108323,10
108324,10
108325,13
108326,10
108327,12
108328,12
108329,12
108330,13
108331,7
108332,12
108333,7
108334,11
108335,11
108336,8
108337,10
108338,11
108339,11
108340,7
108341,7
108342,8
108343,10
108344,13
108345,9
108346,13
108347,8
108348,10
108349,7
108350,9
108351,12
108352,10
108353,7
108354,12
108355,10
108356,8
108357,8
108358,11
108359,7
108360,14
108361,5
108362,9
108363,6
108364,10
108365,10
108366,11
108367,9
108368,7
108369,11
108370,14
108371,10
108372,12
108373,10
108374,9
108375,11
108376,8
108377,8
108378,9
108379,11
108380,10
108381,9
108382,11
108383,10
108384,8
108385,14
108386,7
108387,10
108388,9
108389,9
108390,9
108391,9
108392,11
108393,6
108394,9
108395,13
108396,6
108397,7
108398,8
108399,10
108400,13
108401,9
108402,10
108403,13
108404,10
108405,10
108406,10
108407,9
108408,11
108409,10
108410,13
108411,11
108412,9
108413,7
108414,10
108415,8
108416,12
108417,9
108418,11
108419,10
108420,10
108421,8
108422,11
108423,15
108424,11
108425,9
108426,13
108427,7
108428,12
108429,11
108430,11
108431,13
108432,11
108433,12
108434,10
108435,13
108436,9
108437,11
108438,11
108439,5
108440,8
108441,14
108442,9
108443,10
108444,11
108445,10
108446,10
108447,10
108448,9
108449,10
108450,11
108451,11
108452,8
108453,10
108454,10
108455,10
108456,10
108457,11
108458,11
108459,11
108460,11
108461,10
108462,10
108463,10
108464,9
108465,9
108466,9
108467,11
108468,9
108469,5
108470,12
108471,10
108472,9
108473,12
108474,11
108475,9
108476,10
108477,11
108478,14
108479,6
108480,11
108481,6
108482,10
108483,11
108484,11
108485,12
108486,10
108487,7
108488,10
108489,13
108490,9
108491,9
108492,7
108493,9
108494,10
108495,8
108496,11
108497,8
108498,12
108499,10
108500,10
108501,9
108502,12
108503,8
108504,11
108505,8
108506,10
108507,13
108508,11
108509,11
108510,10
108511,10
108512,6
108513,14
108514,10
108515,9
108516,8
108517,10
108518,11
108519,9
108520,8
108521,9
108522,11
108523,9
108524,9
108525,10
108526,10
108527,9
108528,12
108529,12
108530,8
108531,5
108532,13
108533,9
108534,9
108535,9
108536,4
108537,8
108538,16
108539,10
108540,7
108541,8
108542,8
108543,9
108544,8
108545,12
108546,10
108547,10
108548,9
108549,8
108550,10
108551,8
108552,8
108553,4
108554,11
108555,8
108556,7
108557,7
108558,9
108559,8
108560,10
108561,12
108562,9
108563,12
108564,5
108565,11
108566,13
108567,10
108568,11
108569,9
108570,9
108571,11
108572,8
108573,10
108574,13
108575,13
108576,9
108577,11
108578,10
108579,8
108580,4
108581,9
108582,7
108583,12
108584,10
108585,14
108586,10
108587,7
108588,8
108589,10
108590,10
108591,6
108592,12
108593,11
108594,6
108595,11
108596,13
108597,7
108598,11
108599,8
108600,9
108601,7
108602,7
108603,11
108604,11
108605,10
108606,7
108607,4
108608,5
108609,7
108610,5
108611,9
108612,11
108613,11
108614,15
108615,9
108616,11
108617,9
108618,11
108619,11
108620,8
108621,10
108622,17
108623,15
108624,9
108625,11
108626,7
108627,9
108628,6
108629,11
108630,5
108631,12
108632,6
108633,12
108634,8
108635,8
108636,11
108637,10
108638,10
108639,9
108640,7
108641,8
108642,11
108643,10
108644,10
108645,10
108646,10
108647,9
108648,16
108649,6
108650,13
108651,10
108652,6
108653,10
108654,12
108655,8
108656,7
108657,7
108658,7
108659,10
108660,9
108661,10
108662,7
108663,10
108664,10
108665,12
108666,14
108667,7
108668,13
108669,10
108670,9
108671,8
108672,7
108673,8
108674,8
108675,12
108676,6
108677,10
108678,9
108679,8
108680,9
108681,8
108682,13
108683,5
108684,7
108685,10
108686,10
108687,10
108688,8
108689,6
108690,9
108691,7
108692,6
108693,9
108694,11
108695,12
108696,4
108697,13
108698,6
108699,7
108700,10
108701,11
108702,11
108703,9
108704,10
108705,7
108706,10
108707,8
108708,10
108709,11
108710,4
108711,9
108712,9
108713,10
108714,10
108715,9
108716,8
108717,9
108718,12
108719,11
108720,9
108721,11
108722,10
108723,10
108724,11
108725,11
108726,10
108727,11
108728,10
108729,12
108730,15
108731,8
108732,9
108733,8
108734,13
108735,12
108736,11
108737,9
108738,11
108739,12
108740,11
108741,10
108742,13
108743,8
108744,10
108745,5
108746,6
108747,7
108748,11
108749,12
108750,12
108751,6
108752,9
108753,4
108754,12
108755,10
108756,10
108757,10
108758,12
108759,10
108760,11
108761,12
108762,13
108763,9
108764,12
108765,11
108766,15
108767,6
108768,9
108769,11
108770,13
108771,12
108772,11
108773,14
108774,6
108775,13
108776,10
108777,11
108778,9
108779,9
108780,10
108781,11
108782,11
108783,9
108784,10
108785,12
108786,9
108787,11
108788,7
108789,11
108790,11
108791,17
108792,10
108793,14
108794,7
108795,9
108796,11
108797,11
108798,10
108799,10
108800,9
108801,9
108802,9
108803,8
108804,10
108805,10
108806,11
108807,9
108808,7
108809,12
108810,7
108811,12
108812,13
108813,11
108814,12
108815,8
108816,10
108817,11
108818,11
108819,7
108820,11
108821,8
108822,13
108823,10
108824,10
108825,13
108826,11
108827,15
108828,5
108829,10
108830,10
108831,10
108832,8
108833,7
108834,10
108835,13
108836,10
108837,10
108838,9
108839,5
108840,9
108841,7
108842,11
108843,8
108844,10
108845,9
108846,9
108847,13
108848,7
108849,11
108850,7
108851,10
108852,11
108853,12
108854,9
108855,11
108856,6
108857,10
108858,10
108859,5
108860,7
108861,11
108862,11
108863,7
108864,11
108865,12
108866,5
108867,12
108868,11
108869,10
108870,12
108871,7
108872,6
108873,9
108874,9
108875,4
108876,9
108877,7
108878,14
108879,10
108880,6
108881,7
108882,7
108883,10
108884,8
108885,9
108886,13
108887,10
108888,8
108889,12
108890,12
108891,8
108892,11
108893,10
108894,8
108895,11
108896,13
108897,10
108898,10
108899,7
108900,11
108901,14
108902,10
108903,8
108904,14
108905,11
108906,13
108907,8
108908,8
108909,11
108910,6
108911,14
108912,8
108913,5
108914,10
108915,11
108916,4
108917,12
108918,9
108919,11
108920,11
108921,10
108922,10
108923,9
108924,11
108925,9
108926,10
108927,15
108928,10
108929,6
108930,14
108931,10
108932,12
108933,11
108934,10
108935,6
108936,9
108937,10
108938,9
108939,8
108940,7
108941,12
108942,12
108943,8
108944,12
108945,8
108946,6
108947,14
108948,7
108949,12
108950,10
108951,11
108952,10
108953,6
108954,10
108955,11
108956,15
108957,9
108958,10
108959,6
108960,8
108961,12
108962,10
108963,8
108964,10
108965,8
108966,4
108967,8
108968,7
108969,7
108970,9
108971,9
108972,12
108973,12
108974,9
108975,9
108976,13
108977,10
108978,12
108979,6
108980,10
108981,10
108982,8
108983,8
108984,12
108985,9
108986,5
108987,7
108988,10
108989,11
108990,10
108991,8
108992,17
108993,6
108994,12
108995,10
108996,8
108997,6
108998,5
108999,15
109000,7
109001,11
109002,8
109003,12
109004,11
109005,10
109006,11
109007,9
109008,13
109009,9
109010,13
109011,10
109012,6
109013,6
109014,10
109015,8
109016,9
109017,6
109018,14
109019,11
109020,11
109021,7
109022,10
109023,13
109024,7
109025,12
109026,12
109027,13
109028,10
109029,10
109030,12
109031,14
109032,11
109033,11
109034,10
109035,10
109036,6
109037,6
109038,10
109039,11
109040,9
109041,7
109042,13
109043,10
109044,7
109045,9
109046,9
109047,9
109048,11
109049,8
109050,11
109051,9
109052,6
109053,11
109054,11
109055,8
109056,10
109057,11
109058,8
109059,6
109060,9
109061,7
109062,10
109063,9
109064,9
109065,11
109066,12
109067,10
109068,8
109069,12
109070,6
109071,4
109072,12
109073,10
109074,10
109075,11
109076,13
109077,10
109078,5
109079,7
109080,11
109081,11
109082,11
109083,10
109084,12
109085,8
109086,12
109087,12
109088,5
109089,8
109090,11
109091,10
109092,12
109093,10
109094,10
109095,4
109096,9
109097,7
109098,12
109099,8
109100,10
109101,10
109102,15
109103,9
109104,9
109105,13
109106,14
109107,8
109108,10
109109,11
109110,7
109111,13
109112,8
109113,9
109114,11
109115,10
109116,14
109117,8
109118,8
109119,12
109120,7
109121,11
109122,9
109123,11
109124,10
109125,10
109126,12
109127,10
109128,4
109129,13
109130,11
109131,15
109132,8
109133,11
109134,9
109135,7
109136,5
109137,7
109138,10
109139,8
109140,10
109141,10
109142,11
109143,5
109144,6
109145,9
109146,8
109147,11
109148,12
109149,10
109150,8
109151,5
109152,11
109153,8
109154,12
109155,6
109156,12
109157,8
109158,10
109159,9
109160,10
109161,8
109162,7
109163,10
109164,9
109165,10
109166,15
109167,7
109168,8
109169,10
109170,7
109171,9
109172,8
109173,8
109174,14
109175,17
109176,9
109177,11
109178,9
109179,10
109180,10
109181,9
109182,10
109183,11
109184,11
109185,11
109186,11
109187,11
109188,10
109189,9
109190,6
109191,11
109192,7
109193,10
109194,8
109195,10
109196,9
109197,10
109198,13
109199,14
109200,8
109201,5
109202,8
109203,13
109204,9
109205,12
109206,6
109207,11
109208,8
109209,10
109210,11
109211,10
109212,8
109213,8
109214,13
109215,9
109216,11
109217,11
109218,7
109219,12
109220,10
109221,12
109222,8
109223,10
109224,11
109225,6
109226,10
109227,10
109228,6
109229,11
109230,9
109231,11
109232,11
109233,10
109234,10
109235,11
109236,10
109237,11
109238,10
109239,12
109240,10
109241,12
109242,9
109243,9
109244,8
109245,9
109246,10
109247,8
109248,9
109249,8
109250,6
109251,9
109252,12
109253,13
109254,7
109255,11
109256,7
109257,8
109258,10
109259,12
109260,12
109261,17
109262,11
109263,11
109264,13
109265,9
109266,9
109267,10
109268,11
109269,9
109270,6
109271,8
109272,11
109273,4
109274,12
109275,10
109276,11
109277,7
109278,12
109279,10
109280,11
109281,10
109282,6
109283,12
109284,12
109285,10
109286,7
109287,10
109288,11
109289,9
109290,9
109291,11
109292,11
109293,9
109294,13
109295,11
109296,11
109297,10
109298,8
109299,10
109300,10
109301,9
109302,11
109303,7
109304,10
109305,10
109306,12
109307,7
109308,11
109309,8
109310,10
109311,12
109312,11
109313,10
109314,7
109315,10
109316,12
109317,10
109318,10
109319,10
109320,11
109321,10
109322,10
109323,5
109324,8
109325,6
109326,8
109327,11
109328,6
109329,10
109330,9
109331,9
109332,7
109333,12
109334,9
109335,11
109336,8
109337,11
109338,10
109339,9
109340,9
109341,10
109342,9
109343,12
109344,7
109345,11
109346,9
109347,6
109348,8
109349,8
109350,11
109351,9
109352,7
109353,11
109354,7
109355,10
109356,16
109357,9
109358,13
109359,11
109360,8
109361,11
109362,6
109363,10
109364,5
109365,5
109366,11
109367,11
109368,8
109369,13
109370,9
109371,10
109372,7
109373,10
109374,12
109375,10
109376,6
109377,13
109378,9
109379,6
109380,13
109381,8
109382,14
109383,12
109384,7
109385,8
109386,11
109387,9
109388,12
109389,10
109390,9
109391,9
109392,14
109393,11
109394,11
109395,8
109396,9
109397,10
109398,10
109399,10
109400,9
109401,16
109402,12
109403,15
109404,13
109405,10
109406,7
109407,11
109408,11
109409,5
109410,12
109411,10
109412,10
109413,10
109414,13
109415,10
109416,10
109417,9
109418,10
109419,10
109420,10
109421,9
109422,12
109423,6
109424,11
109425,7
109426,9
109427,12
109428,12
109429,10
109430,7
109431,4
109432,6
109433,11
109434,6
109435,10
109436,11
109437,13
109438,12
109439,11
109440,9
109441,10
109442,10
109443,9
109444,10
109445,11
109446,11
109447,10
109448,11
109449,8
109450,8
109451,6
109452,4
109453,4
109454,11
109455,11
109456,12
109457,12
109458,9
109459,8
109460,9
109461,11
109462,10
109463,10
109464,10
109465,7
109466,12
109467,8
109468,12
109469,12
109470,10
109471,10
109472,10
109473,9
109474,11
109475,14
109476,10
109477,10
109478,12
109479,8
109480,10
109481,11
109482,11
109483,9
109484,10
109485,6
109486,10
109487,11
109488,9
109489,11
109490,12
109491,7
109492,10
109493,7
109494,9
109495,11
109496,13
109497,10
109498,14
109499,7
109500,10
109501,11
109502,8
109503,10
109504,11
109505,10
109506,13
109507,10
109508,4
109509,9
109510,7
109511,9
109512,11
109513,8
109514,6
109515,9
109516,10
109517,14
109518,9
109519,12
109520,11
109521,11
109522,12
109523,12
109524,9
109525,9
109526,5
109527,11
109528,8
109529,9
109530,11
109531,7
109532,10
109533,10
109534,10
109535,7
109536,8
109537,11
109538,8
109539,13
109540,13
109541,8
109542,9
109543,13
109544,9
109545,5
109546,11
109547,12
109548,13
109549,11
109550,6
109551,11
109552,9
109553,11
109554,14
109555,9
109556,10
109557,6
109558,9
109559,12
109560,7
109561,11
109562,10
109563,10
109564,10
109565,10
109566,7
109567,7
109568,10
109569,10
109570,10
109571,10
109572,12
109573,10
109574,15
109575,9
109576,8
109577,11
109578,8
109579,11
109580,6
109581,11
109582,9
109583,14
109584,10
109585,9
109586,7
109587,11
109588,12
109589,10
109590,10
109591,11
109592,9
109593,10
109594,13
109595,10
109596,13
109597,12
109598,11
109599,11
109600,8
109601,10
109602,4
109603,10
109604,5
109605,12
109606,4
109607,8
109608,11
109609,10
109610,10
109611,7
109612,12
109613,10
109614,7
109615,10
109616,9
109617,8
109618,10
109619,10
109620,10
109621,8
109622,10
109623,10
109624,11
109625,11
109626,9
109627,13
109628,7
109629,14
109630,7
109631,11
109632,10
109633,11
109634,10
109635,14
109636,13
109637,13
109638,12
109639,10
109640,13
109641,10
109642,11
109643,6
109644,10
109645,10
109646,12
109647,11
109648,7
109649,10
109650,9
109651,9
109652,12
109653,8
109654,12
109655,9
109656,13
109657,7
109658,14
109659,6
109660,9
109661,9
109662,7
109663,9
109664,11
109665,5
109666,11
109667,10
109668,4
109669,12
109670,9
109671,9
109672,11
109673,7
109674,12
109675,12
109676,9
109677,12
109678,12
109679,5
109680,11
109681,7
109682,11
109683,9
109684,12
109685,9
109686,11
109687,10
109688,10
109689,6
109690,14
109691,12
109692,11
109693,12
109694,10
109695,6
109696,12
109697,11
109698,14
109699,10
109700,8
109701,11
109702,11
109703,10
109704,9
109705,9
109706,8
109707,7
109708,10
109709,6
109710,12
109711,16
109712,10
109713,6
109714,11
109715,14
109716,12
109717,6
109718,9
109719,6
109720,8
109721,6
109722,9
109723,7
109724,7
109725,12
109726,12
109727,11
109728,9
109729,12
109730,9
109731,8
109732,11
109733,7
109734,10
109735,12
109736,11
109737,10
109738,18
109739,11
109740,12
109741,12
109742,11
109743,10
109744,11
109745,8
109746,8
109747,9
109748,8
109749,9
109750,11
109751,8
109752,11
109753,8
109754,11
109755,14
109756,10
109757,10
109758,10
109759,12
109760,9
109761,8
109762,8
109763,10
109764,13
109765,11
109766,13
109767,13
109768,6
109769,10
109770,12
109771,11
109772,11
109773,10
109774,6
109775,12
109776,8
109777,13
109778,10
109779,13
109780,11
109781,12
109782,10
109783,14
109784,11
109785,4
109786,8
109787,7
109788,11
109789,6
109790,4
109791,9
109792,10
109793,8
109794,8
109795,7
109796,12
109797,10
109798,9
109799,8
109800,12
109801,11
109802,9
109803,10
109804,11
109805,10
109806,10
109807,9
109808,10
109809,12
109810,8
109811,13
109812,12
109813,9
109814,11
109815,9
109816,9
109817,10
109818,14
109819,7
109820,6
109821,6
109822,10
109823,15
109824,6
109825,9
109826,10
109827,11
109828,9
109829,11
109830,12
109831,7
109832,12
109833,12
109834,8
109835,10
109836,9
109837,10
109838,10
109839,13
109840,9
109841,8
109842,8
109843,14
109844,12
109845,9
109846,8
109847,11
109848,10
109849,9
109850,8
109851,8
109852,12
109853,8
109854,5
109855,9
109856,8
109857,10
109858,11
109859,6
109860,10
109861,11
109862,10
109863,7
109864,8
109865,8
109866,7
109867,8
109868,14
109869,9
109870,12
109871,8
109872,9
109873,10
109874,9
109875,13
109876,10
109877,10
109878,10
109879,8
109880,11
109881,8
109882,11
109883,12
109884,10
109885,13
109886,9
109887,6
109888,10
109889,15
109890,9
109891,11
109892,13
109893,7
109894,10
109895,10
109896,10
109897,14
109898,10
109899,8
109900,11
109901,9
109902,10
109903,8
109904,13
109905,9
109906,11
109907,12
109908,10
109909,11
109910,8
109911,14
109912,10
109913,13
109914,13
109915,11
109916,10
109917,14
109918,12
109919,9
109920,11
109921,10
109922,10
109923,10
109924,9
109925,9
109926,10
109927,6
109928,9
109929,9
109930,11
109931,7
109932,9
109933,11
109934,9
109935,10
109936,8
109937,10
109938,11
109939,13
109940,13
109941,11
109942,10
109943,13
109944,10
109945,13
109946,10
109947,12
109948,7
109949,14
109950,11
109951,7
109952,10
109953,8
109954,10
109955,9
109956,9
109957,12
109958,7
109959,9
109960,10
109961,10
109962,5
109963,10
109964,12
109965,8
109966,11
109967,8
109968,6
109969,9
109970,11
109971,13
109972,10
109973,8
109974,12
109975,7
109976,8
109977,10
109978,12
109979,11
109980,10
109981,10
109982,10
109983,9
109984,9
109985,11
109986,8
109987,11
109988,11
109989,11
109990,10
109991,13
109992,9
109993,9
109994,6
109995,9
109996,11
109997,8
109998,11
109999,11
110000,12
110001,10
110002,11
110003,7
110004,7
110005,8
110006,7
110007,9
110008,10
110009,16
110010,11
110011,12
110012,12
110013,10
110014,12
110015,9
110016,12
110017,11
110018,11
110019,10
110020,8
110021,9
110022,13
110023,8
110024,11
110025,12
110026,10
110027,8
110028,12
110029,12
110030,9
110031,15
110032,9
110033,11
110034,12
110035,4
110036,7
110037,12
110038,7
110039,9
110040,12
110041,10
110042,12
110043,9
110044,10
110045,8
110046,12
110047,13
110048,10
110049,10
110050,11
110051,11
110052,11
110053,10
110054,10
110055,10
110056,6
110057,10
110058,12
110059,11
110060,9
110061,6
110062,12
110063,7
110064,10
110065,6
110066,12
110067,10
110068,11
110069,11
110070,9
110071,12
110072,10
110073,13
110074,11
110075,11
110076,7
110077,15
110078,6
110079,11
110080,9
110081,13
110082,7
110083,9
110084,9
110085,11
110086,6
110087,9
110088,11
110089,8
110090,8
110091,6
110092,10
110093,10
110094,12
110095,7
110096,12
110097,12
110098,9
110099,11
110100,7
110101,9
110102,9
110103,13
110104,10
110105,10
110106,11
110107,10
110108,5
110109,10
110110,11
110111,7
110112,9
110113,13
110114,8
110115,10
110116,8
110117,6
110118,8
110119,10
110120,11
110121,11
110122,7
110123,15
110124,11
110125,11
110126,10
110127,13
110128,12
110129,12
110130,6
110131,11
110132,12
110133,8
110134,9
110135,11
110136,9
110137,10
110138,14
110139,9
110140,16
110141,10
110142,9
110143,9
110144,7
110145,10
110146,10
110147,8
110148,10
110149,8
110150,11
110151,11
110152,8
110153,8
110154,12
110155,5
110156,9
110157,10
110158,7
110159,7
110160,7
110161,7
110162,10
110163,16
110164,11
110165,9
110166,8
110167,10
110168,6
110169,9
110170,9
110171,7
110172,10
110173,11
110174,11
110175,10
110176,15
110177,12
110178,10
110179,9
110180,9
110181,11
110182,13
110183,10
110184,8
110185,12
110186,14
110187,10
110188,7
110189,5
110190,11
110191,6
110192,10
110193,12
110194,8
110195,7
110196,10
110197,12
110198,13
110199,11
110200,15
110201,10
110202,9
110203,12
110204,15
110205,11
110206,10
110207,11
110208,7
110209,15
110210,5
110211,12
110212,9
110213,4
110214,7
110215,8
110216,10
110217,12
110218,9
110219,7
110220,12
110221,12
110222,6
110223,16
110224,10
110225,11
110226,10
110227,9
110228,10
110229,10
110230,9
110231,9
110232,11
110233,9
110234,6
110235,10
110236,10
110237,9
110238,5
110239,10
110240,12
110241,11
110242,11
110243,10
110244,8
110245,10
110246,7
110247,13
110248,13
110249,9
110250,4
110251,9
110252,11
110253,10
110254,12
110255,12
110256,10
110257,10
110258,10
110259,5
110260,10
110261,10
110262,12
110263,14
110264,9
110265,11
110266,15
110267,8
110268,12
110269,9
110270,10
110271,7
110272,11
110273,9
110274,15
110275,10
110276,9
110277,10
110278,7
110279,11
110280,9
110281,10
110282,10
110283,12
110284,14
110285,10
110286,10
110287,8
110288,7
110289,13
110290,11
110291,11
110292,12
110293,11
110294,13
110295,5
110296,13
110297,8
110298,10
110299,7
110300,10
110301,4
110302,7
110303,9
110304,5
110305,7
110306,5
110307,10
110308,9
110309,10
110310,6
110311,9
110312,10
110313,7
110314,10
110315,11
110316,7
110317,8
110318,12
110319,10
110320,10
110321,8
110322,11
110323,11
110324,8
110325,11
110326,11
110327,11
110328,8
110329,12
110330,12
110331,7
110332,10
110333,8
110334,7
110335,16
110336,9
110337,10
110338,10
110339,8
110340,13
110341,12
110342,9
110343,10
110344,9
110345,7
110346,9
110347,9
110348,8
110349,7
110350,9
110351,10
110352,4
110353,9
110354,11
110355,10
110356,6
110357,13
110358,6
110359,8
110360,7
110361,12
110362,12
110363,9
110364,9
110365,10
110366,9
110367,8
110368,10
110369,12
110370,8
110371,10
110372,7
110373,14
110374,12
110375,10
110376,9
110377,11
110378,10
110379,10
110380,8
110381,6
110382,9
110383,11
110384,6
110385,5
110386,10
110387,10
110388,4
110389,10
110390,9
110391,13
110392,7
110393,12
110394,12
110395,6
110396,13
110397,7
110398,15
110399,10
110400,12
110401,7
110402,15
110403,7
110404,12
110405,7
110406,8
110407,11
110408,11
110409,8
110410,10
110411,12
110412,7
110413,7
110414,9
110415,12
110416,13
110417,10
110418,8
110419,10
110420,11
110421,10
110422,12
110423,8
110424,12
110425,7
110426,11
110427,7
110428,7
110429,12
110430,6
110431,9
110432,15
110433,9
110434,10
110435,4
110436,9
110437,11
110438,12
110439,9
110440,13
110441,12
110442,6
110443,5
110444,12
110445,6
110446,5
110447,5
110448,9
110449,9
110450,14
110451,14
110452,11
110453,12
110454,8
110455,11
110456,9
110457,7
110458,9
110459,14
110460,10
110461,10
110462,9
110463,8
110464,10
110465,10
110466,13
110467,12
110468,15
110469,10
110470,12
110471,8
110472,10
110473,11
110474,11
110475,5
110476,15
110477,11
110478,7
110479,5
110480,11
110481,10
110482,6
110483,10
110484,8
110485,11
110486,7
110487,9
110488,14
110489,7
110490,5
110491,7
110492,16
110493,11
110494,9
110495,13
110496,13
110497,9
110498,6
110499,15
110500,9
110501,13
110502,10
110503,12
110504,11
110505,13
110506,7
110507,9
110508,9
110509,13
110510,7
110511,7
110512,12
110513,15
110514,9
110515,8
110516,12
110517,10
110518,6
110519,11
110520,8
110521,10
110522,12
110523,7
110524,11
110525,12
110526,8
110527,6
110528,8
110529,8
110530,11
110531,10
110532,9
110533,12
110534,12
110535,9
110536,10
110537,12
110538,4
110539,10
110540,7
110541,6
110542,4
110543,8
110544,12
110545,10
110546,8
110547,8
110548,11
110549,8
110550,11
110551,9
110552,9
110553,11
110554,12
110555,10
110556,11
110557,10
110558,7
110559,10
110560,13
110561,10
110562,6
110563,8
110564,11
110565,12
110566,12
110567,11
110568,12
110569,12
110570,10
110571,4
110572,11
110573,11
110574,9
110575,11
110576,13
110577,12
110578,5
110579,10
110580,10
110581,6
110582,10
110583,8
110584,10
110585,8
110586,9
110587,10
110588,8
110589,6
110590,6
110591,9
110592,10
110593,10
110594,9
110595,10
110596,8
110597,9
110598,9
110599,10
110600,8
110601,15
110602,8
110603,8
110604,13
110605,11
110606,11
110607,11
110608,12
110609,11
110610,11
110611,12
110612,9
110613,8
110614,10
110615,11
110616,9
110617,7
110618,11
110619,10
110620,6
110621,10
110622,9
110623,12
110624,11
110625,12
110626,13
110627,9
110628,9
110629,8
110630,13
110631,12
110632,7
110633,7
110634,9
110635,10
110636,9
110637,10
110638,10
110639,10
110640,8
110641,10
110642,8
110643,8
110644,9
110645,9
110646,11
110647,7
110648,10
110649,13
110650,10
110651,5
110652,12
110653,10
110654,5
110655,11
110656,10
110657,8
110658,14
110659,8
110660,13
110661,11
110662,9
110663,5
110664,13
110665,7
110666,11
110667,10
110668,8
110669,11
110670,12
110671,9
110672,9
110673,8
110674,7
110675,11
110676,13
110677,8
110678,8
110679,8
110680,10
110681,10
110682,11
110683,7
110684,10
110685,11
110686,11
110687,15
110688,6
110689,12
110690,11
110691,6
110692,9
110693,11
110694,12
110695,10
110696,11
110697,10
110698,9
110699,11
110700,8
110701,5
110702,10
110703,10
110704,7
110705,8
110706,10
110707,7
110708,12
110709,12
110710,10
110711,11
110712,7
110713,6
110714,11
110715,9
110716,12
110717,8
110718,10
110719,7
110720,10
110721,9
110722,5
110723,9
110724,12
110725,6
110726,11
110727,11
110728,13
110729,4
110730,6
110731,7
110732,7
110733,10
110734,10
110735,6
110736,11
110737,11
110738,5
110739,11
110740,11
110741,7
110742,10
110743,5
110744,9
110745,11
110746,5
110747,14
110748,9
110749,8
110750,7
110751,13
110752,11
110753,11
110754,8
110755,7
110756,13
110757,13
110758,8
110759,9
110760,17
110761,8
110762,6
110763,4
110764,5
110765,9
110766,6
110767,14
110768,16
110769,8
110770,12
110771,9
110772,10
110773,6
110774,10
110775,9
110776,11
110777,11
110778,11
110779,5
110780,9
110781,12
110782,10
110783,8
110784,7
110785,11
110786,6
110787,10
110788,10
110789,8
110790,13
110791,5
110792,14
110793,12
110794,10
110795,14
110796,8
110797,12
110798,10
110799,12
110800,7
110801,10
110802,10
110803,10
110804,10
110805,12
110806,6
110807,6
110808,9
110809,13
110810,9
110811,13
110812,10
110813,9
110814,12
110815,11
110816,10
110817,13
110818,10
110819,12
110820,11
110821,8
110822,10
110823,12
110824,9
110825,10
110826,12
110827,12
110828,6
110829,14
110830,4
110831,11
110832,12
110833,13
110834,12
110835,9
110836,8
110837,9
110838,11
110839,5
110840,9
110841,8
110842,8
110843,11
110844,10
110845,10
110846,12
110847,10
110848,11
110849,9
110850,10
110851,13
110852,10
110853,9
110854,9
110855,8
110856,12
110857,6
110858,10
110859,11
110860,11
110861,10
110862,9
110863,10
110864,11
110865,7
110866,12
110867,9
110868,11
110869,13
110870,10
110871,10
110872,9
110873,7
110874,14
110875,12
110876,8
110877,8
110878,11
110879,10
110880,11
110881,13
110882,15
110883,9
110884,12
110885,10
110886,13
110887,8
110888,11
110889,8
110890,9
110891,11
110892,11
110893,11
110894,11
110895,9
110896,11
110897,10
110898,8
110899,9
110900,10
110901,12
110902,8
110903,11
110904,10
110905,13
110906,10
110907,10
110908,5
110909,8
110910,12
110911,11
110912,9
110913,9
110914,10
110915,8
110916,6
110917,4
110918,11
110919,11
110920,10
110921,8
110922,9
110923,8
110924,8
110925,9
110926,11
110927,7
110928,7
110929,10
110930,11
110931,12
110932,7
110933,9
110934,9
110935,9
110936,9
110937,4
110938,10
110939,14
110940,10
110941,7
110942,8
110943,8
110944,4
110945,10
110946,14
110947,4
110948,10
110949,11
110950,7
110951,11
110952,12
110953,11
110954,10
110955,9
110956,13
110957,7
110958,11
110959,11
110960,11
110961,7
110962,11
110963,10
110964,10
110965,11
110966,8
110967,8
110968,14
110969,11
110970,10
110971,10
110972,13
110973,14
110974,13
110975,14
110976,7
110977,9
110978,13
110979,12
110980,13
110981,11
110982,6
110983,12
110984,11
110985,10
110986,10
110987,13
110988,13
110989,11
110990,7
110991,11
110992,12
110993,8
110994,11
110995,10
110996,5
110997,6
110998,9
110999,12
111000,10
111001,10
111002,10
111003,9
111004,13
111005,13
111006,11
111007,7
111008,6
111009,9
111010,9
111011,6
111012,10
111013,10
111014,7
111015,11
111016,7
111017,8
111018,8
111019,11
111020,13
111021,9
111022,7
111023,11
111024,10
111025,7
111026,11
111027,11
111028,13
111029,10
111030,8
111031,8
111032,8
111033,10
111034,6
111035,11
111036,9
111037,12
111038,11
111039,11
111040,9
111041,9
111042,13
111043,10
111044,13
111045,10
111046,15
111047,7
111048,8
111049,6
111050,9
111051,11
111052,9
111053,10
111054,10
111055,12
111056,6
111057,8
111058,11
111059,10
111060,12
111061,10
111062,11
111063,14
111064,7
111065,9
111066,7
111067,10
111068,5
111069,12
111070,7
111071,10
111072,10
111073,8
111074,12
111075,8
111076,9
111077,11
111078,11
111079,13
111080,5
111081,10
111082,6
111083,7
111084,8
111085,13
111086,10
111087,11
111088,8
111089,9
111090,10
111091,11
111092,10
111093,12
111094,8
111095,11
111096,12
111097,10
111098,14
111099,11
111100,10
111101,10
111102,8
111103,11
111104,9
111105,7
111106,10
111107,10
111108,10
111109,13
111110,11
111111,12
111112,7
111113,12
111114,12
111115,9
111116,9
111117,9
111118,11
111119,7
111120,11
111121,11
111122,10
111123,9
111124,6
111125,9
111126,13
111127,9
111128,11
111129,12
111130,11
111131,10
111132,15
111133,10
111134,10
111135,5
111136,11
111137,9
111138,9
111139,12
111140,10
111141,9
111142,6
111143,9
111144,10
111145,11
111146,10
111147,10
111148,17
111149,10
111150,11
111151,11
111152,12
111153,5
111154,15
111155,7
111156,11
111157,8
111158,9
111159,6
111160,11
111161,14
111162,12
111163,11
111164,12
111165,9
111166,5
111167,9
111168,9
111169,6
111170,6
111171,11
111172,9
111173,8
111174,8
111175,7
111176,10
111177,11
111178,11
111179,10
111180,10
111181,11
111182,11
111183,6
111184,10
111185,14
111186,11
111187,10
111188,9
111189,10
111190,12
111191,11
111192,11
111193,11
111194,12
111195,11
111196,13
111197,9
111198,7
111199,9
111200,13
111201,9
111202,9
111203,8
111204,8
111205,7
111206,8
111207,12
111208,12
111209,11
111210,10
111211,11
111212,9
111213,6
111214,11
111215,11
111216,11
111217,11
111218,6
111219,5
111220,14
111221,16
111222,12
111223,10
111224,13
111225,9
111226,9
111227,10
111228,10
111229,11
111230,10
111231,7
111232,10
111233,11
111234,13
111235,10
111236,7
111237,10
111238,10
111239,7
111240,5
111241,11
111242,10
111243,11
111244,11
111245,10
111246,11
111247,5
111248,15
111249,7
111250,9
111251,8
111252,6
111253,10
111254,9
111255,9
111256,10
111257,10
111258,7
111259,10
111260,6
111261,10
111262,11
111263,16
111264,8
111265,9
111266,12
111267,8
111268,8
111269,10
111270,13
111271,4
111272,10
111273,11
111274,10
111275,9
111276,6
111277,11
111278,13
111279,10
111280,14
111281,10
111282,13
111283,8
111284,6
111285,7
111286,10
111287,11
111288,8
111289,7
111290,13
111291,10
111292,7
111293,8
111294,11
111295,10
111296,9
111297,8
111298,9
111299,12
111300,11
111301,11
111302,12
111303,11
111304,10
111305,10
111306,12
111307,8
111308,7
111309,8
111310,10
111311,12
111312,13
111313,7
111314,12
111315,11
111316,11
111317,8
111318,11
111319,11
111320,10
111321,9
111322,11
111323,14
111324,10
111325,11
111326,4
111327,9
111328,12
111329,10
111330,11
111331,11
111332,8
111333,10
111334,11
111335,9
111336,12
111337,11
111338,10
111339,10
111340,8
111341,11
111342,11
111343,5
111344,9
111345,11
111346,6
111347,15
111348,11
111349,8
111350,14
111351,10
111352,10
111353,9
111354,10
111355,13
111356,9
111357,9
111358,10
111359,10
111360,8
111361,11
111362,5
111363,8
111364,12
111365,11
111366,10
111367,10
111368,13
111369,8
111370,13
111371,11
111372,10
111373,14
111374,4
111375,11
111376,10
111377,13
111378,11
111379,11
111380,8
111381,10
111382,9
111383,8
111384,7
111385,12
111386,5
111387,10
111388,6
111389,12
111390,8
111391,13
111392,8
111393,9
111394,10
111395,12
111396,15
111397,11
111398,12
111399,12
111400,8
111401,7
111402,13
111403,10
111404,10
111405,10
111406,9
111407,9
111408,11
111409,9
111410,12
111411,9
111412,13
111413,10
111414,14
111415,9
111416,14
111417,12
111418,11
111419,13
111420,9
111421,10
111422,10
111423,10
111424,15
111425,12
111426,8
111427,10
111428,7
111429,10
111430,10
111431,8
111432,11
111433,4
111434,8
111435,10
111436,9
111437,10
111438,12
111439,12
111440,9
111441,13
111442,12
111443,6
111444,10
111445,7
111446,12
111447,13
111448,10
111449,13
111450,12
111451,8
111452,12
111453,5
111454,12
111455,12
111456,12
111457,9
111458,10
111459,8
111460,13
111461,10
111462,10
111463,8
111464,11
111465,14
111466,5
111467,11
111468,15
111469,9
111470,9
111471,10
111472,12
111473,8
111474,12
111475,7
111476,5
111477,13
111478,7
111479,7
111480,10
111481,10
111482,10
111483,11
111484,12
111485,12
111486,5
111487,10
111488,10
111489,10
111490,7
111491,7
111492,10
111493,14
111494,10
111495,11
111496,7
111497,12
111498,11
111499,9
111500,10
111501,8
111502,13
111503,10
111504,5
111505,8
111506,9
111507,10
111508,12
111509,8
111510,10
111511,10
111512,11
111513,9
111514,10
111515,10
111516,9
111517,10
111518,11
111519,9
111520,8
111521,11
111522,7
111523,10
111524,10
111525,13
111526,8
111527,9
111528,10
111529,11
111530,10
111531,10
111532,10
111533,10
111534,6
111535,11
111536,9
111537,8
111538,11
111539,11
111540,12
111541,9
111542,10
111543,10
111544,14
111545,5
111546,8
111547,10
111548,9
111549,12
111550,10
111551,8
111552,10
111553,7
111554,9
111555,10
111556,10
111557,9
111558,11
111559,6
111560,11
111561,11
111562,5
111563,10
111564,10
111565,11
111566,9
111567,15
111568,7
111569,9
111570,10
111571,10
111572,13
111573,14
111574,11
111575,13
111576,11
111577,8
111578,15
111579,13
111580,12
111581,10
111582,5
111583,16
111584,9
111585,9
111586,10
111587,9
111588,10
111589,9
111590,8
111591,10
111592,9
111593,8
111594,9
111595,9
111596,12
111597,7
111598,6
111599,12
111600,7
111601,6
111602,12
111603,12
111604,11
111605,11
111606,11
111607,10
111608,10
111609,7
111610,8
111611,11
111612,7
111613,5
111614,10
111615,5
111616,13
111617,10
111618,13
111619,8
111620,15
111621,9
111622,11
111623,13
111624,11
111625,10
111626,11
111627,11
111628,10
111629,4
111630,6
111631,10
111632,7
111633,7
111634,8
111635,8
111636,9
111637,10
111638,7
111639,13
111640,9
111641,9
111642,10
111643,9
111644,9
111645,11
111646,9
111647,11
111648,11
111649,8
111650,10
111651,9
111652,9
111653,11
111654,9
111655,10
111656,9
111657,8
111658,11
111659,12
111660,8
111661,11
111662,11
111663,7
111664,10
111665,14
111666,16
111667,9
111668,12
111669,7
111670,10
111671,9
111672,10
111673,6
111674,6
111675,7
111676,13
111677,10
111678,9
111679,4
111680,10
111681,10
111682,12
111683,8
111684,10
111685,12
111686,7
111687,10
111688,13
111689,14
111690,6
111691,11
111692,11
111693,5
111694,11
111695,8
111696,10
111697,10
111698,10
111699,14
111700,10
111701,11
111702,10
111703,8
111704,11
111705,10
111706,10
111707,11
111708,7
111709,13
111710,6
111711,8
111712,10
111713,9
111714,10
111715,11
111716,13
111717,12
111718,9
111719,9
111720,10
111721,10
111722,8
111723,10
111724,11
111725,11
111726,6
111727,6
111728,9
111729,9
111730,10
111731,9
111732,14
111733,5
111734,11
111735,9
111736,10
111737,11
111738,11
111739,12
111740,8
111741,15
111742,11
111743,11
111744,12
111745,14
111746,9
111747,9
111748,12
111749,10
111750,8
111751,11
111752,10
111753,10
111754,9
111755,4
111756,9
111757,10
111758,9
111759,9
111760,10
111761,11
111762,7
111763,11
111764,9
111765,11
111766,7
111767,5
111768,11
111769,11
111770,8
111771,14
111772,10
111773,7
111774,7
111775,7
111776,10
111777,10
111778,12
111779,10
111780,12
111781,16
111782,10
111783,11
111784,11
111785,12
111786,12
111787,10
111788,5
111789,11
111790,9
111791,10
111792,9
111793,7
111794,15
111795,8
111796,12
111797,9
111798,11
111799,12
111800,7
111801,11
111802,8
111803,12
111804,12
111805,12
111806,11
111807,15
111808,8
111809,7
111810,10
111811,9
111812,12
111813,10
111814,10
111815,10
111816,13
111817,10
111818,6
111819,8
111820,13
111821,7
111822,13
111823,11
111824,7
111825,8
111826,10
111827,10
111828,9
111829,7
111830,13
111831,10
111832,10
111833,11
111834,6
111835,8
111836,9
111837,8
111838,9
111839,15
111840,7
111841,8
111842,8
111843,10
111844,10
111845,13
111846,11
111847,10
111848,10
111849,11
111850,11
111851,11
111852,11
111853,8
111854,5
111855,5
111856,14
111857,10
111858,5
111859,8
111860,14
111861,8
111862,6
111863,9
111864,8
111865,8
111866,11
111867,12
111868,11
111869,13
111870,8
111871,5
111872,6
111873,10
111874,10
111875,9
111876,8
111877,14
111878,10
111879,7
111880,5
111881,9
111882,10
111883,11
111884,8
111885,9
111886,12
111887,11
111888,12
111889,14
111890,7
111891,9
111892,11
111893,11
111894,8
111895,7
111896,10
111897,8
111898,11
111899,11
111900,4
111901,9
111902,8
111903,11
111904,9
111905,8
111906,12
111907,7
111908,11
111909,8
111910,4
111911,13
111912,8
111913,10
111914,14
111915,8
111916,8
111917,4
111918,11
111919,4
111920,6
111921,11
111922,12
111923,7
111924,9
111925,9
111926,9
111927,10
111928,9
111929,8
111930,10
111931,9
111932,11
111933,4
111934,11
111935,11
111936,10
111937,14
111938,9
111939,10
111940,11
111941,8
111942,10
111943,11
111944,7
111945,11
111946,10
111947,10
111948,11
111949,6
111950,10
111951,11
111952,7
111953,11
111954,12
111955,10
111956,13
111957,10
111958,9
111959,9
111960,7
111961,11
111962,10
111963,9
111964,7
111965,14
111966,8
111967,16
111968,7
111969,12
111970,13
111971,6
111972,15
111973,14
111974,10
111975,9
111976,8
111977,6
111978,9
111979,10
111980,11
111981,10
111982,9
111983,7
111984,11
111985,14
111986,11
111987,9
111988,10
111989,10
111990,11
111991,10
111992,10
111993,10
111994,10
111995,6
111996,10
111997,13
111998,8
111999,5
112000,10
112001,9
112002,6
112003,11
112004,12
112005,10
112006,11
112007,9
112008,10
112009,12
112010,9
112011,10
112012,7
112013,10
112014,13
112015,10
112016,7
112017,9
112018,7
112019,10
112020,10
112021,5
112022,7
112023,10
112024,8
112025,10
112026,6
112027,10
112028,4
112029,12
112030,8
112031,10
112032,11
112033,14
112034,10
112035,8
112036,9
112037,11
112038,11
112039,5
112040,11
112041,11
112042,13
112043,10
112044,8
112045,10
112046,11
112047,11
112048,10
112049,11
112050,10
112051,11
112052,10
112053,12
112054,9
112055,10
112056,9
112057,10
112058,7
112059,10
112060,7
112061,12
112062,10
112063,8
112064,9
112065,13
112066,8
112067,10
112068,14
112069,15
112070,8
112071,6
112072,10
112073,9
112074,12
112075,10
112076,10
112077,11
112078,12
112079,12
112080,13
112081,7
112082,12
112083,14
112084,8
112085,10
112086,10
112087,8
112088,12
112089,12
112090,12
112091,14
112092,15
112093,10
112094,7
112095,13
112096,7
112097,8
112098,10
112099,12
112100,10
112101,9
112102,8
112103,9
112104,8
112105,11
112106,8
112107,8
112108,8
112109,12
112110,11
112111,5
112112,12
112113,10
112114,9
112115,16
112116,4
112117,5
112118,13
112119,10
112120,7
112121,10
112122,11
112123,7
112124,5
112125,6
112126,12
112127,9
112128,9
112129,10
112130,11
112131,9
112132,9
112133,11
112134,7
112135,7
112136,7
112137,13
112138,10
112139,8
112140,9
112141,10
112142,11
112143,6
112144,7
112145,11
112146,7
112147,8
112148,6
112149,9
112150,7
112151,10
112152,10
112153,8
112154,11
112155,10
112156,13
112157,12
112158,9
112159,10
112160,7
112161,6
112162,11
112163,9
112164,11
112165,12
112166,10
112167,9
112168,6
112169,9
112170,11
112171,10
112172,12
112173,11
112174,10
112175,10
112176,13
112177,11
112178,12
112179,8
112180,12
112181,9
112182,7
112183,8
112184,10
112185,7
112186,12
112187,15
112188,8
112189,12
112190,9
112191,7
112192,10
112193,8
112194,8
112195,10
112196,12
112197,7
112198,7
112199,7
112200,7
112201,10
112202,8
112203,6
112204,16
112205,9
112206,12
112207,10
112208,10
112209,10
112210,12
112211,6
112212,10
112213,7
112214,6
112215,9
112216,12
112217,14
112218,8
112219,11
112220,9
112221,7
112222,10
112223,8
112224,10
112225,9
112226,9
112227,8
112228,9
112229,11
112230,10
112231,12
112232,11
112233,10
112234,5
112235,5
112236,9
112237,10
112238,11
112239,10
112240,6
112241,10
112242,7
112243,11
112244,10
112245,8
112246,11
112247,7
112248,11
112249,9
112250,10
112251,10
112252,9
112253,10
112254,8
112255,9
112256,6
112257,7
112258,15
112259,9
112260,10
112261,13
112262,14
112263,4
112264,12
112265,11
112266,12
112267,14
112268,10
112269,8
112270,7
112271,13
112272,12
112273,5
112274,8
112275,11
112276,9
112277,11
112278,7
112279,7
112280,12
112281,10
112282,10
112283,15
112284,10
112285,10
112286,5
112287,13
112288,9
112289,10
112290,10
112291,11
112292,7
112293,10
112294,8
112295,9
112296,9
112297,11
112298,12
112299,10
112300,12
112301,9
112302,11
112303,12
112304,9
112305,11
112306,11
112307,13
112308,9
112309,11
112310,9
112311,11
112312,11
112313,10
112314,10
112315,10
112316,11
112317,10
112318,5
112319,11
112320,7
112321,7
112322,13
112323,11
112324,11
112325,12
112326,14
112327,12
112328,11
112329,9
112330,6
112331,12
112332,6
112333,8
112334,15
112335,11
112336,10
112337,7
112338,6
112339,14
112340,10
112341,10
112342,9
112343,9
112344,9
112345,10
112346,6
112347,5
112348,6
112349,8
112350,9
112351,11
112352,8
112353,15
112354,11
112355,10
112356,13
112357,13
112358,10
112359,10
112360,7
112361,9
112362,8
112363,9
112364,11
112365,4
112366,12
112367,14
112368,5
112369,11
112370,13
112371,13
112372,7
112373,10
112374,10
112375,12
112376,10
112377,11
112378,10
112379,11
112380,10
112381,12
112382,9
112383,10
112384,12
112385,9
112386,11
112387,12
112388,9
112389,11
112390,11
112391,10
112392,12
112393,6
112394,5
112395,12
112396,6
112397,10
112398,10
112399,13
112400,13
112401,9
112402,9
112403,8
112404,9
112405,10
112406,11
112407,12
112408,11
112409,12
112410,10
112411,14
112412,10
112413,12
112414,10
112415,6
112416,15
112417,12
112418,11
112419,11
112420,11
112421,5
112422,4
112423,6
112424,12
112425,7
112426,10
112427,11
112428,11
112429,5
112430,12
112431,11
112432,10
112433,10
112434,11
112435,9
112436,9
112437,6
112438,11
112439,12
112440,6
112441,13
112442,9
112443,11
112444,11
112445,10
112446,7
112447,7
112448,7
112449,9
112450,6
112451,12
112452,10
112453,11
112454,11
112455,14
112456,5
112457,8
112458,9
112459,8
112460,10
112461,7
112462,11
112463,9
112464,10
112465,10
112466,7
112467,7
112468,8
112469,10
112470,11
112471,9
112472,10
112473,8
112474,9
112475,9
112476,10
112477,9
112478,10
112479,14
112480,5
112481,10
112482,7
112483,12
112484,13
112485,11
112486,11
112487,11
112488,14
112489,10
112490,9
112491,11
112492,10
112493,10
112494,5
112495,11
112496,8
112497,9
112498,7
112499,10
112500,13
112501,7
112502,10
112503,11
112504,14
112505,10
112506,9
112507,9
112508,6
112509,11
112510,11
112511,13
112512,9
112513,8
112514,12
112515,8
112516,7
112517,11
112518,11
112519,9
112520,9
112521,11
112522,15
112523,7
112524,13
112525,9
112526,8
112527,7
112528,10
112529,8
112530,6
112531,11
112532,14
112533,14
112534,10
112535,7
112536,10
112537,7
112538,12
112539,10
112540,8
112541,10
112542,11
112543,8
112544,6
112545,11
112546,12
112547,11
112548,10
112549,11
112550,6
112551,7
112552,5
112553,12
112554,10
112555,16
112556,10
112557,10
112558,9
112559,11
112560,9
112561,4
112562,10
112563,9
112564,5
112565,16
112566,11
112567,10
112568,10
112569,8
112570,9
112571,10
112572,12
112573,11
112574,12
112575,12
112576,10
112577,9
112578,10
112579,10
112580,10
112581,8
112582,11
112583,11
112584,6
112585,8
112586,9
112587,10
112588,9
112589,12
112590,13
112591,12
112592,9
112593,12
112594,12
112595,7
112596,9
112597,6
112598,5
112599,11
112600,10
112601,14
112602,7
112603,11
112604,4
112605,7
112606,5
112607,9
112608,11
112609,12
112610,14
112611,9
112612,5
112613,10
112614,9
112615,11
112616,10
112617,16
112618,10
112619,10
112620,10
112621,12
112622,10
112623,11
112624,11
112625,12
112626,11
112627,10
112628,9
112629,11
112630,11
112631,5
112632,10
112633,10
112634,12
112635,8
112636,14
112637,10
112638,14
112639,11
112640,6
112641,9
112642,8
112643,7
112644,13
112645,13
112646,9
112647,13
112648,5
112649,8
112650,9
112651,12
112652,8
112653,10
112654,11
112655,9
112656,14
112657,8
112658,4
112659,9
112660,7
112661,11
112662,11
112663,10
112664,4
112665,14
112666,12
112667,11
112668,8
112669,8
112670,6
112671,9
112672,9
112673,10
112674,6
112675,12
112676,10
112677,11
112678,9
112679,11
112680,9
112681,7
112682,8
112683,12
112684,11
112685,8
112686,10
112687,11
112688,6
112689,13
112690,9
112691,7
112692,12
112693,13
112694,7
112695,9
112696,11
112697,12
112698,10
112699,11
112700,6
112701,10
112702,7
112703,14
112704,6
112705,12
112706,10
112707,5
112708,8
112709,6
112710,9
112711,6
112712,13
112713,9
112714,11
112715,5
112716,7
112717,10
112718,13
112719,8
112720,7
112721,11
112722,7
112723,9
112724,11
112725,9
112726,10
112727,11
112728,10
112729,6
112730,7
112731,9
112732,10
112733,7
112734,10
112735,9
112736,9
112737,11
112738,11
112739,5
112740,9
112741,12
112742,8
112743,10
112744,14
112745,9
112746,9
112747,6
112748,12
112749,8
112750,14
112751,12
112752,11
112753,10
112754,15
112755,6
112756,6
112757,5
112758,11
112759,9
112760,10
112761,9
112762,11
112763,10
112764,5
112765,6
112766,8
112767,11
112768,5
112769,6
112770,10
112771,8
112772,10
112773,10
112774,10
112775,10
112776,10
112777,8
112778,10
112779,9
112780,8
112781,10
112782,11
112783,6
112784,17
112785,16
112786,13
112787,8
112788,8
112789,11
112790,9
112791,11
112792,10
112793,11
112794,10
112795,9
112796,6
112797,8
112798,10
112799,10
112800,10
112801,8
112802,10
112803,10
112804,13
112805,5
112806,7
112807,7
112808,10
112809,12
112810,12
112811,11
112812,5
112813,10
112814,10
112815,11
112816,7
112817,12
112818,10
112819,10
112820,11
112821,11
112822,8
112823,10
112824,11
112825,15
112826,11
112827,8
112828,11
112829,12
112830,10
112831,8
112832,10
112833,9
112834,11
112835,10
112836,11
112837,8
112838,9
112839,9
112840,12
112841,8
112842,8
112843,9
112844,9
112845,10
112846,13
112847,7
112848,16
112849,8
112850,10
112851,10
112852,9
112853,9
112854,9
112855,7
112856,8
112857,8
112858,10
112859,10
112860,10
112861,13
112862,10
112863,13
112864,11
112865,9
112866,5
112867,9
112868,4
112869,10
112870,10
112871,15
112872,11
112873,8
112874,11
112875,7
112876,8
112877,12
112878,11
112879,14
112880,10
112881,11
112882,11
112883,13
112884,11
112885,9
112886,11
112887,10
112888,10
112889,17
112890,12
112891,8
112892,6
112893,10
112894,10
112895,10
112896,11
112897,7
112898,10
112899,14
112900,11
112901,6
112902,7
112903,11
112904,8
112905,11
112906,12
112907,13
112908,11
112909,7
112910,11
112911,9
112912,11
112913,9
112914,9
112915,10
112916,9
112917,14
112918,5
112919,9
112920,8
112921,12
112922,6
112923,11
112924,11
112925,7
112926,11
112927,10
112928,10
112929,9
112930,7
112931,9
112932,8
112933,6
112934,10
112935,10
112936,10
112937,9
112938,10
112939,10
112940,10
112941,6
112942,7
112943,7
112944,14
112945,12
112946,11
112947,7
112948,8
112949,12
112950,13
112951,10
112952,10
112953,7
112954,5
112955,7
112956,11
112957,13
112958,9
112959,10
112960,8
112961,8
112962,12
112963,9
112964,11
112965,10
112966,10
112967,10
112968,10
112969,11
112970,12
112971,11
112972,9
112973,9
112974,5
112975,8
112976,10
112977,9
112978,14
112979,5
112980,8
112981,5
112982,10
112983,11
112984,6
112985,11
112986,11
112987,8
112988,12
112989,11
112990,7
112991,13
112992,8
112993,10
112994,14
112995,6
112996,11
112997,8
112998,10
112999,9
113000,9
113001,8
113002,8
113003,11
113004,8
113005,11
113006,10
113007,7
113008,8
113009,7
113010,11
113011,5
113012,12
113013,12
113014,15
113015,6
113016,8
113017,10
113018,12
113019,12
113020,11
113021,11
113022,8
113023,12
113024,8
113025,10
113026,11
113027,4
113028,12
113029,7
113030,9
113031,10
113032,11
113033,10
113034,10
113035,5
113036,7
113037,9
113038,14
113039,7
113040,13
113041,5
113042,11
113043,5
113044,10
113045,11
113046,11
113047,10
113048,8
113049,9
113050,11
113051,6
113052,12
113053,11
113054,10
113055,8
113056,10
113057,10
113058,7
113059,12
113060,8
113061,10
113062,10
113063,7
113064,10
113065,16
113066,16
113067,7
113068,11
113069,12
113070,10
113071,11
113072,11
113073,9
113074,8
113075,11
113076,8
113077,8
113078,12
113079,8
113080,6
113081,6
113082,10
113083,8
113084,12
113085,13
113086,9
113087,10
113088,5
113089,15
113090,9
113091,6
113092,10
113093,9
113094,11
113095,9
113096,10
113097,9
113098,10
113099,10
113100,10
113101,11
113102,12
113103,10
113104,14
113105,11
113106,14
113107,7
113108,7
113109,7
113110,8
113111,8
113112,4
113113,7
113114,11
113115,10
113116,7
113117,6
113118,14
113119,10
113120,5
113121,10
113122,8
113123,12
113124,11
113125,12
113126,10
113127,11
113128,10
113129,8
113130,11
113131,8
113132,8
113133,9
113134,14
113135,11
113136,15
113137,11
113138,11
113139,12
113140,7
113141,8
113142,5
113143,11
113144,11
113145,12
113146,9
113147,6
113148,10
113149,12
113150,8
113151,13
113152,7
113153,12
113154,10
113155,10
113156,11
113157,10
113158,7
113159,9
113160,10
113161,8
113162,8
113163,6
113164,12
113165,8
113166,11
113167,11
113168,11
113169,9
113170,13
113171,10
113172,9
113173,11
113174,11
113175,10
113176,8
113177,10
113178,7
113179,6
113180,7
113181,11
113182,14
113183,10
113184,13
113185,11
113186,6
113187,9
113188,12
113189,10
113190,12
113191,7
113192,10
113193,8
113194,11
113195,9
113196,8
113197,12
113198,9
113199,11
113200,10
113201,14
113202,9
113203,9
113204,10
113205,10
113206,9
113207,10
113208,7
113209,6
113210,11
113211,7
113212,7
113213,9
113214,12
113215,6
113216,14
113217,7
113218,7
113219,6
113220,10
113221,10
113222,9
113223,5
113224,11
113225,10
113226,8
113227,7
113228,11
113229,11
113230,10
113231,10
113232,12
113233,17
113234,10
113235,6
113236,5
113237,8
113238,11
113239,6
113240,10
113241,6
113242,15
113243,10
113244,10
113245,5
113246,10
113247,11
113248,12
113249,10
113250,9
113251,9
113252,10
113253,12
113254,9
113255,8
113256,10
113257,11
113258,10
113259,11
113260,12
113261,11
113262,9
113263,12
113264,8
113265,11
113266,12
113267,10
113268,5
113269,10
113270,9
113271,10
113272,4
113273,12
113274,13
113275,7
113276,8
113277,10
113278,11
113279,9
113280,11
113281,12
113282,10
113283,7
113284,10
113285,8
113286,10
113287,9
113288,10
113289,6
113290,12
113291,11
113292,13
113293,10
113294,15
113295,10
113296,13
113297,10
113298,9
113299,11
113300,10
113301,9
113302,10
113303,9
113304,9
113305,10
113306,11
113307,12
113308,12
113309,12
113310,6
113311,13
113312,11
113313,14
113314,9
113315,13
113316,10
113317,9
113318,10
113319,9
113320,6
113321,11
113322,6
113323,11
113324,12
113325,10
113326,11
113327,7
113328,9
113329,12
113330,9
113331,6
113332,10
113333,9
113334,10
113335,8
113336,9
113337,9
113338,12
113339,6
113340,5
113341,8
113342,12
113343,4
113344,8
113345,11
113346,10
113347,13
113348,10
113349,13
113350,9
113351,7
113352,14
113353,13
113354,11
113355,11
113356,6
113357,11
113358,13
113359,10
113360,11
113361,7
113362,11
113363,8
113364,12
113365,10
113366,10
113367,9
113368,5
113369,6
113370,11
113371,9
113372,10
113373,9
113374,8
113375,9
113376,10
113377,7
113378,10
113379,9
113380,11
113381,10
113382,11
113383,9
113384,9
113385,11
113386,13
113387,9
113388,11
113389,11
113390,10
113391,10
113392,4
113393,6
113394,11
113395,10
113396,15
113397,8
113398,9
113399,10
113400,11
113401,11
113402,9
113403,9
113404,10
113405,10
113406,10
113407,8
113408,15
113409,10
113410,6
113411,10
113412,9
113413,5
113414,7
113415,7
113416,10
113417,6
113418,10
113419,10
113420,8
113421,11
113422,10
113423,10
113424,9
113425,10
113426,13
113427,7
113428,11
113429,11
113430,6
113431,9
113432,10
113433,10
113434,10
113435,11
113436,10
113437,9
113438,9
113439,10
113440,9
113441,10
113442,13
113443,11
113444,10
113445,7
113446,8
113447,12
113448,12
113449,10
113450,10
113451,9
113452,14
113453,9
113454,9
113455,4
113456,9
113457,11
113458,12
113459,13
113460,8
113461,12
113462,11
113463,5
113464,6
113465,6
113466,8
113467,10
113468,11
113469,11
113470,10
113471,11
113472,12
113473,8
113474,12
113475,10
113476,11
113477,12
113478,12
113479,8
113480,10
113481,9
113482,11
113483,11
113484,11
113485,7
113486,4
113487,10
113488,5
113489,6
113490,5
113491,6
113492,10
113493,10
113494,7
113495,7
113496,10
113497,10
113498,7
113499,8
113500,8
113501,9
113502,10
113503,8
113504,12
113505,11
113506,10
113507,14
113508,5
113509,10
113510,7
113511,10
113512,9
113513,7
113514,13
113515,11
113516,9
113517,10
113518,5
113519,7
113520,12
113521,15
113522,11
113523,12
113524,7
113525,11
113526,12
113527,6
113528,8
113529,11
113530,9
113531,9
113532,6
113533,11
113534,11
113535,8
113536,10
113537,11
113538,6
113539,11
113540,10
113541,13
113542,10
113543,6
113544,11
113545,8
113546,10
113547,12
113548,11
113549,10
113550,12
113551,11
113552,4
113553,13
113554,9
113555,6
113556,11
113557,5
113558,10
113559,10
113560,10
113561,7
113562,10
113563,6
113564,7
113565,11
113566,7
113567,9
113568,10
113569,10
113570,9
113571,10
113572,16
113573,11
113574,10
113575,9
113576,10
113577,10
113578,11
113579,8
113580,8
113581,10
113582,11
113583,7
113584,7
113585,5
113586,11
113587,10
113588,11
113589,11
113590,10
113591,11
113592,12
113593,6
113594,7
113595,7
113596,6
113597,11
113598,11
113599,7
113600,10
113601,12
113602,9
113603,10
113604,7
113605,7
113606,9
113607,10
113608,12
113609,6
113610,14
113611,11
113612,10
113613,11
113614,8
113615,11
113616,11
113617,6
113618,11
113619,15
113620,10
113621,10
113622,8
113623,7
113624,11
113625,9
113626,11
113627,15
113628,12
113629,12
113630,11
113631,7
113632,8
113633,9
113634,12
113635,7
113636,10
113637,13
113638,11
113639,6
113640,9
113641,7
113642,6
113643,7
113644,10
113645,13
113646,7
113647,10
113648,8
113649,6
113650,11
113651,10
113652,10
113653,10
113654,5
113655,11
113656,10
113657,11
113658,12
113659,14
113660,4
113661,13
113662,9
113663,10
113664,11
113665,8
113666,10
113667,12
113668,9
113669,11
113670,6
113671,9
113672,10
113673,7
113674,11
113675,12
113676,10
113677,8
113678,9
113679,12
113680,7
113681,10
113682,7
113683,8
113684,6
113685,8
113686,5
113687,9
113688,8
113689,12
113690,5
113691,8
113692,9
113693,10
113694,10
113695,7
113696,10
113697,9
113698,13
113699,7
113700,7
113701,7
113702,10
113703,12
113704,10
113705,10
113706,10
113707,7
113708,12
113709,9
113710,9
113711,12
113712,6
113713,12
113714,10
113715,9
113716,9
113717,10
113718,5
113719,8
113720,11
113721,7
113722,8
113723,9
113724,11
113725,10
113726,6
113727,10
113728,9
113729,5
113730,16
113731,10
113732,13
113733,11
113734,12
113735,14
113736,11
113737,9
113738,10
113739,10
113740,10
113741,10
113742,8
113743,11
113744,8
113745,11
113746,10
113747,9
113748,9
113749,11
113750,12
113751,4
113752,10
113753,6
113754,9
113755,12
113756,10
113757,11
113758,8
113759,11
113760,11
113761,6
113762,11
113763,9
113764,9
113765,6
113766,9
113767,11
113768,13
113769,11
113770,11
113771,11
113772,10
113773,9
113774,10
113775,12
113776,11
113777,10
113778,5
113779,14
113780,12
113781,9
113782,10
113783,10
113784,8
113785,11
113786,9
113787,12
113788,8
113789,10
113790,11
113791,12
113792,8
113793,9
113794,11
113795,14
113796,10
113797,17
113798,11
113799,15
113800,14
113801,6
113802,13
113803,11
113804,10
113805,11
113806,9
113807,16
113808,12
113809,9
113810,9
113811,13
113812,10
113813,9
113814,15
113815,8
113816,11
113817,11
113818,9
113819,11
113820,7
113821,10
113822,7
113823,12
113824,9
113825,13
113826,5
113827,8
113828,10
113829,12
113830,9
113831,9
113832,13
113833,12
113834,10
113835,10
113836,11
113837,7
113838,10
113839,16
113840,15
113841,6
113842,12
113843,8
113844,7
113845,15
113846,13
113847,11
113848,6
113849,11
113850,4
113851,11
113852,7
113853,10
113854,5
113855,10
113856,15
113857,9
113858,11
113859,11
113860,11
113861,12
113862,11
113863,11
113864,17
113865,12
113866,10
113867,12
113868,9
113869,15
113870,8
113871,12
113872,6
113873,14
113874,6
113875,9
113876,13
113877,9
113878,6
113879,6
113880,10
113881,11
113882,15
113883,10
113884,12
113885,9
113886,13
113887,11
113888,6
113889,9
113890,10
113891,9
113892,10
113893,7
113894,10
113895,7
113896,8
113897,11
113898,12
113899,10
113900,14
113901,7
113902,10
113903,9
113904,11
113905,10
113906,8
113907,7
113908,11
113909,9
113910,12
113911,11
113912,8
113913,9
113914,9
113915,10
113916,9
113917,10
113918,11
113919,9
113920,8
113921,11
113922,13
113923,14
113924,7
113925,12
113926,10
113927,15
113928,9
113929,10
113930,12
113931,9
113932,11
113933,8
113934,10
113935,5
113936,7
113937,9
113938,12
113939,5
113940,13
113941,9
113942,9
113943,10
113944,11
113945,5
113946,13
113947,11
113948,13
113949,9
113950,10
113951,8
113952,7
113953,15
113954,9
113955,7
113956,8
113957,10
113958,9
113959,9
113960,6
113961,10
113962,11
113963,13
113964,10
113965,11
113966,11
113967,7
113968,9
113969,8
113970,13
113971,8
113972,12
113973,11
113974,11
113975,10
113976,10
113977,7
113978,9
113979,10
113980,10
113981,13
113982,7
113983,9
113984,13
113985,9
113986,7
113987,13
113988,10
113989,8
113990,10
113991,5
113992,7
113993,6
113994,9
113995,4
113996,8
113997,7
113998,8
113999,13
114000,11
114001,10
114002,11
114003,9
114004,10
114005,11
114006,6
114007,7
114008,11
114009,12
114010,14
114011,11
114012,10
114013,9
114014,11
114015,10
114016,9
114017,7
114018,9
114019,9
114020,5
114021,8
114022,9
114023,11
114024,9
114025,10
114026,6
114027,10
114028,11
114029,10
114030,15
114031,10
114032,11
114033,8
114034,10
114035,13
114036,11
114037,9
114038,11
114039,10
114040,12
114041,11
114042,11
114043,10
114044,10
114045,9
114046,12
114047,15
114048,10
114049,10
114050,9
114051,11
114052,15
114053,11
114054,11
114055,12
114056,9
114057,12
114058,11
114059,15
114060,11
114061,10
114062,12
114063,12
114064,9
114065,9
114066,8
114067,8
114068,12
114069,8
114070,12
114071,11
114072,7
114073,13
114074,12
114075,11
114076,9
114077,9
114078,10
114079,12
114080,12
114081,12
114082,10
114083,8
114084,11
114085,6
114086,13
114087,16
114088,9
114089,5
114090,7
114091,12
114092,9
114093,12
114094,10
114095,12
114096,16
114097,10
114098,9
114099,10
114100,10
114101,10
114102,7
114103,12
114104,6
114105,5
114106,11
114107,6
114108,7
114109,7
114110,15
114111,7
114112,12
114113,13
114114,9
114115,10
114116,8
114117,13
114118,13
114119,10
114120,10
114121,10
114122,10
114123,10
114124,11
114125,9
114126,14
114127,9
114128,11
114129,11
114130,7
114131,11
114132,9
114133,8
114134,8
114135,9
114136,9
114137,16
114138,8
114139,13
114140,6
114141,11
114142,10
114143,10
114144,9
114145,6
114146,8
114147,10
114148,10
114149,10
114150,9
114151,9
114152,7
114153,14
114154,5
114155,6
114156,13
114157,11
114158,11
114159,12
114160,9
114161,13
114162,11
114163,8
114164,8
114165,10
114166,10
114167,12
114168,8
114169,11
114170,8
114171,15
114172,12
114173,13
114174,6
114175,9
114176,12
114177,11
114178,10
114179,6
114180,9
114181,5
114182,10
114183,9
114184,11
114185,10
114186,10
114187,10
114188,9
114189,9
114190,11
114191,5
114192,8
114193,11
114194,9
114195,11
114196,17
114197,10
114198,12
114199,10
114200,9
114201,10
114202,6
114203,8
114204,7
114205,13
114206,12
114207,14
114208,9
114209,11
114210,9
114211,12
114212,13
114213,7
114214,6
114215,13
114216,11
114217,9
114218,12
114219,7
114220,8
114221,10
114222,10
114223,13
114224,10
114225,9
114226,8
114227,12
114228,12
114229,12
114230,12
114231,12
114232,12
114233,7
114234,9
114235,10
114236,10
114237,11
114238,10
114239,8
114240,13
114241,5
114242,7
114243,12
114244,4
114245,8
114246,11
114247,10
114248,14
114249,9
114250,7
114251,10
114252,10
114253,8
114254,10
114255,7
114256,10
114257,10
114258,8
114259,8
114260,10
114261,9
114262,12
114263,10
114264,7
114265,8
114266,6
114267,7
114268,6
114269,12
114270,7
114271,8
114272,9
114273,10
114274,10
114275,10
114276,7
114277,10
114278,11
114279,13
114280,8
114281,5
114282,12
114283,10
114284,11
114285,14
114286,12
114287,11
114288,11
114289,6
114290,6
114291,12
114292,8
114293,7
114294,12
114295,6
114296,8
114297,9
114298,4
114299,11
114300,11
114301,9
114302,10
114303,10
114304,6
114305,9
114306,13
114307,13
114308,8
114309,10
114310,10
114311,11
114312,7
114313,6
114314,11
114315,11
114316,9
114317,11
114318,10
114319,10
114320,12
114321,7
114322,12
114323,10
114324,12
114325,9
114326,10
114327,10
114328,11
114329,8
114330,11
114331,10
114332,11
114333,9
114334,10
114335,14
114336,8
114337,6
114338,10
114339,8
114340,10
114341,10
114342,7
114343,10
114344,11
114345,7
114346,14
114347,12
114348,13
114349,13
114350,12
114351,9
114352,11
114353,7
114354,6
114355,7
114356,12
114357,7
114358,11
114359,8
114360,12
114361,10
114362,9
114363,16
114364,12
114365,11
114366,11
114367,7
114368,10
114369,8
114370,10
114371,6
114372,13
114373,10
114374,11
114375,9
114376,11
114377,10
114378,6
114379,10
114380,9
114381,7
114382,6
114383,8
114384,15
114385,9
114386,9
114387,11
114388,8
114389,11
114390,10
114391,12
114392,6
114393,6
114394,8
114395,9
114396,12
114397,5
114398,6
114399,10
114400,8
114401,10
114402,8
114403,10
114404,11
114405,7
114406,11
114407,9
114408,7
114409,13
114410,9
114411,10
114412,10
114413,5
114414,10
114415,10
114416,8
114417,11
114418,12
114419,10
114420,6
114421,11
114422,9
114423,10
114424,5
114425,10
114426,9
114427,12
114428,8
114429,9
114430,10
114431,6
114432,11
114433,11
114434,14
114435,10
114436,12
114437,11
114438,12
114439,7
114440,10
114441,10
114442,9
114443,13
114444,8
114445,5
114446,12
114447,10
114448,8
114449,12
114450,11
114451,10
114452,10
114453,9
114454,5
114455,8
114456,10
114457,11
114458,10
114459,9
114460,10
114461,12
114462,8
114463,10
114464,13
114465,10
114466,11
114467,12
114468,8
114469,9
114470,12
114471,9
114472,5
114473,10
114474,11
114475,9
114476,5
114477,9
114478,11
114479,7
114480,11
114481,9
114482,10
114483,13
114484,16
114485,12
114486,13
114487,14
114488,11
114489,8
114490,7
114491,12
114492,12
114493,16
114494,10
114495,11
114496,9
114497,6
114498,14
114499,9
114500,14
114501,6
114502,12
114503,10
114504,13
114505,10
114506,10
114507,8
114508,9
114509,11
114510,10
114511,7
114512,7
114513,14
114514,5
114515,11
114516,10
114517,9
114518,5
114519,14
114520,10
114521,10
114522,13
114523,7
114524,10
114525,10
114526,6
114527,10
114528,11
114529,11
114530,9
114531,10
114532,9
114533,10
114534,11
114535,10
114536,12
114537,12
114538,10
114539,9
114540,9
114541,10
114542,9
114543,11
114544,10
114545,11
114546,11
114547,5
114548,9
114549,11
114550,10
114551,5
114552,10
114553,9
114554,14
114555,9
114556,10
114557,11
114558,11
114559,13
114560,9
114561,14
114562,6
114563,10
114564,11
114565,13
114566,11
114567,14
114568,8
114569,9
114570,10
114571,5
114572,10
114573,11
114574,9
114575,10
114576,9
114577,10
114578,10
114579,10
114580,6
114581,9
114582,11
114583,10
114584,7
114585,11
114586,11
114587,9
114588,11
114589,7
114590,8
114591,11
114592,10
114593,16
114594,9
114595,10
114596,7
114597,9
114598,13
114599,10
114600,9
114601,15
114602,11
114603,7
114604,10
114605,14
114606,10
114607,6
114608,10
114609,9
114610,9
114611,12
114612,10
114613,10
114614,8
114615,7
114616,8
114617,13
114618,11
114619,12
114620,10
114621,14
114622,9
114623,8
114624,9
114625,8
114626,4
114627,7
114628,10
114629,8
114630,5
114631,12
114632,9
114633,10
114634,6
114635,7
114636,13
114637,8
114638,8
114639,5
114640,11
114641,10
114642,12
114643,11
114644,9
114645,10
114646,7
114647,12
114648,10
114649,10
114650,8
114651,11
114652,10
114653,14
114654,6
114655,11
114656,10
114657,9
114658,6
114659,7
114660,16
114661,13
114662,11
114663,14
114664,9
114665,11
114666,11
114667,5
114668,12
114669,9
114670,5
114671,9
114672,10
114673,8
114674,11
114675,10
114676,4
114677,9
114678,9
114679,13
114680,8
114681,11
114682,11
114683,10
114684,10
114685,7
114686,11
114687,9
114688,11
114689,12
114690,13
114691,9
114692,10
114693,7
114694,11
114695,10
114696,9
114697,8
114698,9
114699,10
114700,9
114701,8
114702,13
114703,8
114704,10
114705,10
114706,10
114707,9
114708,12
114709,12
114710,10
114711,10
114712,6
114713,12
114714,7
114715,11
114716,12
114717,10
114718,10
114719,10
114720,12
114721,9
114722,9
114723,9
114724,11
114725,10
114726,10
114727,10
114728,8
114729,10
114730,9
114731,10
114732,11
114733,10
114734,12
114735,13
114736,12
114737,12
114738,10
114739,7
114740,6
114741,10
114742,7
114743,9
114744,10
114745,6
114746,12
114747,7
114748,10
114749,10
114750,13
114751,4
114752,16
114753,13
114754,10
114755,14
114756,12
114757,12
114758,6
114759,6
114760,7
114761,10
114762,12
114763,8
114764,13
114765,5
114766,11
114767,9
114768,6
114769,10
114770,16
114771,7
114772,7
114773,10
114774,9
114775,11
114776,12
114777,10
114778,8
114779,10
114780,4
114781,8
114782,11
114783,11
114784,11
114785,10
114786,8
114787,13
114788,9
114789,6
114790,14
114791,11
114792,10
114793,12
114794,11
114795,10
114796,12
114797,12
114798,9
114799,10
114800,10
114801,8
114802,11
114803,9
114804,9
114805,5
114806,9
114807,11
114808,6
114809,7
114810,10
114811,13
114812,8
114813,11
114814,8
114815,10
114816,11
114817,11
114818,8
114819,10
114820,8
114821,11
114822,8
114823,12
114824,7
114825,11
114826,10
114827,8
114828,13
114829,6
114830,10
114831,12
114832,9
114833,9
114834,10
114835,11
114836,13
114837,10
114838,9
114839,10
114840,9
114841,11
114842,9
114843,7
114844,4
114845,10
114846,10
114847,10
114848,12
114849,10
114850,12
114851,11
114852,11
114853,12
114854,10
114855,5
114856,9
114857,8
114858,14
114859,10
114860,12
114861,9
114862,10
114863,10
114864,10
114865,5
114866,10
114867,8
114868,9
114869,9
114870,9
114871,9
114872,9
114873,7
114874,9
114875,9
114876,9
114877,9
114878,13
114879,10
114880,11
114881,7
114882,11
114883,12
114884,13
114885,11
114886,15
114887,11
114888,11
114889,6
114890,12
114891,7
114892,11
114893,7
114894,10
114895,13
114896,12
114897,4
114898,14
114899,12
114900,11
114901,10
114902,11
114903,11
114904,15
114905,8
114906,10
114907,11
114908,7
114909,6
114910,7
114911,10
114912,9
114913,9
114914,8
114915,11
114916,10
114917,9
114918,12
114919,11
114920,11
114921,7
114922,10
114923,10
114924,10
114925,11
114926,11
114927,12
114928,8
114929,8
114930,12
114931,16
114932,9
114933,6
114934,10
114935,10
114936,10
114937,6
114938,12
114939,9
114940,7
114941,8
114942,12
114943,8
114944,9
114945,11
114946,8
114947,11
114948,10
114949,15
114950,7
114951,8
114952,8
114953,10
114954,9
114955,10
114956,13
114957,8
114958,13
114959,11
114960,10
114961,9
114962,11
114963,10
114964,14
114965,10
114966,11
114967,9
114968,10
114969,9
114970,13
114971,8
114972,12
114973,9
114974,10
114975,11
114976,12
114977,8
114978,10
114979,11
114980,13
114981,10
114982,8
114983,10
114984,8
114985,7
114986,6
114987,8
114988,11
114989,11
114990,10
114991,15
114992,8
114993,9
114994,11
114995,11
114996,13
114997,11
114998,12
114999,6
115000,8
115001,14
115002,10
115003,10
115004,10
115005,8
115006,7
115007,8
115008,9
115009,8
115010,12
115011,10
115012,10
115013,13
115014,10
115015,15
115016,12
115017,6
115018,7
115019,9
115020,10
115021,10
115022,10
115023,8
115024,10
115025,14
115026,7
115027,10
115028,10
115029,9
115030,10
115031,8
115032,13
115033,8
115034,17
115035,6
115036,13
115037,10
115038,12
115039,7
115040,10
115041,9
115042,4
115043,14
115044,9
115045,5
115046,17
115047,7
115048,10
115049,6
115050,10
115051,13
115052,9
115053,10
115054,15
115055,10
115056,6
115057,11
115058,10
115059,9
115060,12
115061,10
115062,10
115063,7
115064,9
115065,10
115066,10
115067,12
115068,10
115069,8
115070,8
115071,10
115072,6
115073,12
115074,10
115075,7
115076,12
115077,11
115078,10
115079,8
115080,9
115081,9
115082,10
115083,11
115084,11
115085,9
115086,11
115087,7
115088,13
115089,6
115090,10
115091,8
115092,9
115093,12
115094,9
115095,7
115096,9
115097,10
115098,6
115099,9
115100,11
115101,10
115102,11
115103,7
115104,9
115105,13
115106,10
115107,10
115108,12
115109,10
115110,11
115111,7
115112,5
115113,8
115114,7
115115,16
115116,6
115117,14
115118,11
115119,10
115120,11
115121,10
115122,10
115123,14
115124,12
115125,10
115126,9
115127,5
115128,12
115129,10
115130,10
115131,8
115132,8
115133,4
115134,11
115135,10
115136,9
115137,12
115138,15
115139,10
115140,11
115141,13
115142,10
115143,14
115144,8
115145,8
115146,10
115147,7
115148,9
115149,10
115150,9
115151,6
115152,8
115153,9
115154,8
115155,10
115156,10
115157,11
115158,11
115159,9
115160,10
115161,9
115162,11
115163,12
115164,7
115165,11
115166,10
115167,9
115168,10
115169,7
115170,9
115171,11
115172,10
115173,6
115174,14
115175,11
115176,8
115177,4
115178,10
115179,10
115180,12
115181,7
115182,11
115183,8
115184,12
115185,9
115186,11
115187,8
115188,7
115189,13
115190,8
115191,5
115192,10
115193,13
115194,9
115195,13
115196,8
115197,5
115198,13
115199,11
115200,8
115201,8
115202,13
115203,11
115204,8
115205,8
115206,11
115207,5
115208,13
115209,8
115210,8
115211,7
115212,7
115213,10
115214,5
115215,9
115216,12
115217,9
115218,5
115219,11
115220,10
115221,7
115222,10
115223,13
115224,12
115225,6
115226,9
115227,10
115228,12
115229,10
115230,11
115231,6
115232,7
115233,10
115234,9
115235,7
115236,10
115237,11
115238,8
115239,10
115240,7
115241,7
115242,8
115243,14
115244,11
115245,10
115246,11
115247,11
115248,10
115249,12
115250,5
115251,8
115252,11
115253,11
115254,11
115255,11
115256,11
115257,13
115258,9
115259,11
115260,8
115261,16
115262,10
115263,8
115264,8
115265,10
115266,9
115267,10
115268,12
115269,9
115270,11
115271,12
115272,12
115273,12
115274,10
115275,12
115276,10
115277,4
115278,11
115279,13
115280,14
115281,10
115282,8
115283,8
115284,5
115285,11
115286,12
115287,10
115288,10
115289,11
115290,10
115291,8
115292,6
115293,16
115294,6
115295,10
115296,6
115297,6
115298,12
115299,12
115300,10
115301,11
115302,8
115303,10
115304,15
115305,9
115306,10
115307,10
115308,16
115309,8
115310,9
115311,11
115312,6
115313,12
115314,10
115315,9
115316,13
115317,14
115318,10
115319,8
115320,10
115321,16
115322,11
115323,10
115324,9
115325,11
115326,9
115327,10
115328,12
115329,7
115330,5
115331,10
115332,10
115333,10
115334,16
115335,11
115336,11
115337,11
115338,10
115339,10
115340,10
115341,13
115342,7
115343,10
115344,12
115345,8
115346,12
115347,9
115348,10
115349,10
115350,12
115351,11
115352,9
115353,8
115354,9
115355,9
115356,10
115357,12
115358,10
115359,7
115360,14
115361,11
115362,8
115363,10
115364,13
115365,9
115366,10
115367,7
115368,10
115369,10
115370,12
115371,11
115372,12
115373,12
115374,11
115375,9
115376,9
115377,11
115378,9
115379,15
115380,7
115381,10
115382,13
115383,8
115384,13
115385,7
115386,11
115387,9
115388,11
115389,5
115390,9
115391,10
115392,7
115393,11
115394,7
115395,10
115396,7
115397,11
115398,11
115399,8
115400,12
115401,9
115402,10
115403,7
115404,7
115405,8
115406,9
115407,13
115408,8
115409,8
115410,10
115411,11
115412,10
115413,5
115414,11
115415,12
115416,11
115417,10
115418,7
115419,12
115420,13
115421,9
115422,11
115423,8
115424,11
115425,9
115426,11
115427,12
115428,11
115429,5
115430,10
115431,9
115432,11
115433,9
115434,10
115435,10
115436,8
115437,11
115438,10
115439,12
115440,11
115441,11
115442,10
115443,9
115444,9
115445,16
115446,11
115447,8
115448,12
115449,9
115450,11
115451,14
115452,9
115453,12
115454,7
115455,10
115456,10
115457,9
115458,10
115459,10
115460,5
115461,12
115462,11
115463,10
115464,11
115465,11
115466,10
115467,9
115468,10
115469,10
115470,14
115471,9
115472,9
115473,10
115474,10
115475,10
115476,10
115477,6
115478,10
115479,9
115480,10
115481,12
115482,15
115483,10
115484,16
115485,12
115486,6
115487,9
115488,10
115489,13
115490,11
115491,8
115492,11
115493,11
115494,9
115495,8
115496,10
115497,9
115498,9
115499,9
115500,8
115501,11
115502,10
115503,9
115504,9
115505,12
115506,9
115507,11
115508,9
115509,6
115510,11
115511,6
115512,10
115513,7
115514,4
115515,14
115516,6
115517,8
115518,13
115519,11
115520,13
115521,10
115522,13
115523,10
115524,12
115525,14
115526,6
115527,14
115528,8
115529,8
115530,7
115531,10
115532,5
115533,9
115534,10
115535,11
115536,5
115537,11
115538,12
115539,10
115540,10
115541,10
115542,11
115543,11
115544,9
115545,10
115546,6
115547,5
115548,14
115549,7
115550,10
115551,11
115552,9
115553,6
115554,11
115555,8
115556,10
115557,9
115558,10
115559,7
115560,10
115561,12
115562,7
115563,11
115564,10
115565,10
115566,10
115567,10
115568,11
115569,10
115570,12
115571,10
115572,7
115573,9
115574,8
115575,9
115576,10
115577,7
115578,4
115579,8
115580,12
115581,10
115582,10
115583,11
115584,10
115585,8
115586,10
115587,10
115588,12
115589,5
115590,10
115591,7
115592,8
115593,9
115594,14
115595,11
115596,8
115597,12
115598,8
115599,17
115600,11
115601,11
115602,10
115603,7
115604,10
115605,10
115606,11
115607,10
115608,11
115609,12
115610,8
115611,9
115612,12
115613,12
115614,12
115615,8
115616,7
115617,6
115618,11
115619,7
115620,13
115621,9
115622,12
115623,6
115624,12
115625,10
115626,15
115627,10
115628,9
115629,10
115630,7
115631,7
115632,9
115633,6
115634,12
115635,12
115636,11
115637,10
115638,9
115639,12
115640,10
115641,8
115642,11
115643,9
115644,13
115645,7
115646,11
115647,10
115648,13
115649,11
115650,6
115651,11
115652,13
115653,10
115654,13
115655,4
115656,12
115657,8
115658,7
115659,5
115660,7
115661,11
115662,7
115663,8
115664,14
115665,11
115666,10
115667,12
115668,14
115669,7
115670,9
115671,10
115672,12
115673,13
115674,10
115675,7
115676,9
115677,6
115678,8
115679,10
115680,11
115681,11
115682,4
115683,12
115684,8
115685,10
115686,10
115687,9
115688,10
115689,5
115690,9
115691,10
115692,11
115693,10
115694,9
115695,7
115696,10
115697,10
115698,8
115699,10
115700,10
115701,10
115702,12
115703,11
115704,8
115705,12
115706,10
115707,5
115708,10
115709,8
115710,11
115711,11
115712,12
115713,11
115714,10
115715,10
115716,14
115717,11
115718,9
115719,9
115720,10
115721,11
115722,10
115723,10
115724,6
115725,15
115726,6
115727,9
115728,11
115729,12
115730,11
115731,12
115732,12
115733,11
115734,14
115735,8
115736,8
115737,7
115738,13
115739,11
115740,10
115741,9
115742,11
115743,10
115744,10
115745,11
115746,9
115747,12
115748,10
115749,6
115750,11
115751,10
115752,6
115753,10
115754,8
115755,8
115756,10
115757,11
115758,10
115759,5
115760,10
115761,8
115762,9
115763,9
115764,15
115765,8
115766,8
115767,14
115768,10
115769,10
115770,14
115771,11
115772,12
115773,12
115774,14
115775,11
115776,10
115777,10
115778,10
115779,12
115780,12
115781,7
115782,11
115783,10
115784,11
115785,12
115786,9
115787,11
115788,7
115789,10
115790,12
115791,10
115792,11
115793,6
115794,4
115795,7
115796,7
115797,8
115798,8
115799,11
115800,9
115801,12
115802,14
115803,10
115804,11
115805,7
115806,8
115807,10
115808,12
115809,8
115810,6
115811,9
115812,9
115813,9
115814,7
115815,10
115816,9
115817,8
115818,10
115819,13
115820,6
115821,9
115822,10
115823,11
115824,4
115825,10
115826,10
115827,9
115828,12
115829,10
115830,7
115831,11
115832,11
115833,11
115834,11
115835,9
115836,11
115837,6
115838,8
115839,10
115840,5
115841,9
115842,10
115843,13
115844,9
115845,11
115846,10
115847,14
115848,7
115849,9
115850,6
115851,10
115852,10
115853,15
115854,12
115855,10
115856,9
115857,8
115858,9
115859,8
115860,8
115861,11
115862,15
115863,6
115864,9
115865,12
115866,10
115867,9
115868,10
115869,10
115870,7
115871,10
115872,13
115873,10
115874,5
115875,8
115876,4
115877,8
115878,10
115879,7
115880,17
115881,16
115882,8
115883,9
115884,9
115885,12
115886,6
115887,13
115888,10
115889,10
115890,11
115891,10
115892,13
115893,11
115894,7
115895,16
115896,7
115897,10
115898,11
115899,12
115900,12
115901,10
115902,14
115903,12
115904,5
115905,7
115906,9
115907,10
115908,10
115909,10
115910,14
115911,11
115912,16
115913,11
115914,11
115915,14
115916,10
115917,6
115918,8
115919,11
115920,11
115921,11
115922,13
115923,14
115924,10
115925,8
115926,8
115927,12
115928,8
115929,10
115930,7
115931,7
115932,10
115933,9
115934,7
115935,10
115936,9
115937,8
115938,11
115939,10
115940,8
115941,9
115942,10
115943,11
115944,6
115945,11
115946,9
115947,10
115948,13
115949,11
115950,10
115951,12
115952,15
115953,12
115954,9
115955,10
115956,11
115957,7
115958,12
115959,7
115960,10
115961,10
115962,9
115963,10
115964,10
115965,11
115966,10
115967,7
115968,10
115969,16
115970,11
115971,7
115972,8
115973,11
115974,11
115975,10
115976,12
115977,10
115978,9
115979,10
115980,10
115981,9
115982,9
115983,14
115984,11
115985,11
115986,14
115987,7
115988,12
115989,8
115990,10
115991,14
115992,11
115993,11
115994,9
115995,11
115996,10
115997,10
115998,5
115999,5
116000,10
116001,10
116002,9
116003,10
116004,11
116005,8
116006,9
116007,11
116008,6
116009,6
116010,10
116011,10
116012,14
116013,8
116014,7
116015,10
116016,8
116017,11
116018,11
116019,7
116020,11
116021,7
116022,6
116023,5
116024,14
116025,5
116026,10
116027,8
116028,15
116029,6
116030,9
116031,12
116032,4
116033,15
116034,11
116035,9
116036,9
116037,6
116038,8
116039,14
116040,11
116041,10
116042,11
116043,6
116044,5
116045,11
116046,7
116047,7
116048,11
116049,6
116050,5
116051,8
116052,11
116053,13
116054,11
116055,9
116056,12
116057,12
116058,8
116059,8
116060,10
116061,12
116062,13
116063,8
116064,12
116065,8
116066,12
116067,12
116068,4
116069,7
116070,6
116071,9
116072,9
116073,9
116074,10
116075,13
116076,8
116077,12
116078,11
116079,11
116080,8
116081,6
116082,11
116083,10
116084,7
116085,9
116086,11
116087,10
116088,11
116089,11
116090,9
116091,12
116092,11
116093,10
116094,11
116095,10
116096,11
116097,11
116098,14
116099,9
116100,11
116101,9
116102,6
116103,10
116104,10
116105,11
116106,10
116107,11
116108,11
116109,10
116110,9
116111,10
116112,9
116113,9
116114,5
116115,7
116116,10
116117,12
116118,10
116119,9
116120,7
116121,11
116122,9
116123,10
116124,11
116125,9
116126,9
116127,4
116128,12
116129,12
116130,6
116131,12
116132,12
116133,9
116134,7
116135,5
116136,7
116137,12
116138,11
116139,10
116140,10
116141,12
116142,11
116143,11
116144,5
116145,16
116146,5
116147,9
116148,7
116149,8
116150,8
116151,6
116152,10
116153,11
116154,11
116155,12
116156,9
116157,11
116158,6
116159,7
116160,12
116161,12
116162,10
116163,10
116164,9
116165,7
116166,10
116167,12
116168,8
116169,10
116170,11
116171,6
116172,9
116173,12
116174,9
116175,9
116176,9
116177,12
116178,14
116179,6
116180,12
116181,9
116182,11
116183,11
116184,8
116185,4
116186,7
116187,9
116188,9
116189,6
116190,11
116191,12
116192,5
116193,8
116194,10
116195,9
116196,14
116197,8
116198,6
116199,10
116200,10
116201,11
116202,9
116203,10
116204,12
116205,9
116206,7
116207,14
116208,8
116209,11
116210,10
116211,9
116212,10
116213,11
116214,6
116215,10
116216,8
116217,10
116218,11
116219,7
116220,12
116221,8
116222,10
116223,12
116224,13
116225,8
116226,10
116227,14
116228,6
116229,9
116230,10
116231,13
116232,6
116233,11
116234,12
116235,11
116236,9
116237,8
116238,12
116239,9
116240,8
116241,9
116242,9
116243,12
116244,10
116245,11
116246,10
116247,5
116248,10
116249,11
116250,6
116251,13
116252,13
116253,12
116254,11
116255,11
116256,6
116257,6
116258,7
116259,11
116260,8
116261,6
116262,13
116263,6
116264,6
116265,9
116266,10
116267,12
116268,13
116269,10
116270,15
116271,11
116272,5
116273,10
116274,11
116275,5
116276,9
116277,11
116278,10
116279,12
116280,9
116281,10
116282,10
116283,10
116284,6
116285,4
116286,11
116287,10
116288,10
116289,4
116290,8
116291,11
116292,12
116293,5
116294,12
116295,11
116296,12
116297,11
116298,11
116299,12
116300,6
116301,10
116302,11
116303,6
116304,12
116305,7
116306,9
116307,5
116308,10
116309,5
116310,10
116311,11
116312,11
116313,11
116314,12
116315,11
116316,11
116317,9
116318,11
116319,10
116320,11
116321,6
116322,10
116323,12
116324,14
116325,9
116326,10
116327,8
116328,11
116329,9
116330,10
116331,10
116332,12
116333,9
116334,6
116335,6
116336,8
116337,9
116338,8
116339,13
116340,10
116341,16
116342,11
116343,11
116344,13
116345,9
116346,12
116347,8
116348,8
116349,4
116350,4
116351,11
116352,6
116353,7
116354,9
116355,12
116356,9
116357,5
116358,7
116359,10
116360,8
116361,11
116362,5
116363,12
116364,7
116365,11
116366,13
116367,7
116368,10
116369,9
116370,10
116371,12
116372,11
116373,9
116374,10
116375,14
116376,5
116377,10
116378,10
116379,7
116380,6
116381,13
116382,9
116383,8
116384,10
116385,11
116386,7
116387,13
116388,8
116389,11
116390,13
116391,10
116392,8
116393,11
116394,12
116395,10
116396,6
116397,8
116398,10
116399,10
116400,8
116401,11
116402,7
116403,9
116404,5
116405,10
116406,8
116407,8
116408,10
116409,7
116410,7
116411,10
116412,11
116413,7
116414,13
116415,14
116416,9
116417,10
116418,10
116419,10
116420,10
116421,10
116422,11
116423,11
116424,17
116425,12
116426,9
116427,10
116428,13
116429,6
116430,10
116431,10
116432,10
116433,6
116434,14
116435,9
116436,9
116437,10
116438,9
116439,9
116440,6
116441,9
116442,11
116443,12
116444,8
116445,8
116446,12
116447,11
116448,11
116449,8
116450,12
116451,6
116452,8
116453,10
116454,9
116455,10
116456,11
116457,11
116458,15
116459,13
116460,5
116461,7
116462,8
116463,8
116464,9
116465,9
116466,10
116467,11
116468,10
116469,7
116470,10
116471,7
116472,10
116473,10
116474,12
116475,9
116476,10
116477,8
116478,7
116479,10
116480,12
116481,11
116482,10
116483,12
116484,9
116485,10
116486,9
116487,12
116488,14
116489,10
116490,12
116491,8
116492,11
116493,9
116494,10
116495,10
116496,12
116497,11
116498,12
116499,11
116500,11
116501,8
116502,9
116503,11
116504,11
116505,7
116506,10
116507,6
116508,10
116509,9
116510,10
116511,10
116512,6
116513,9
116514,13
116515,9
116516,10
116517,10
116518,10
116519,10
116520,14
116521,10
116522,10
116523,9
116524,7
116525,9
116526,12
116527,9
116528,10
116529,9
116530,11
116531,10
116532,9
116533,10
116534,11
116535,12
116536,10
116537,15
116538,13
116539,11
116540,10
116541,10
116542,11
116543,10
116544,10
116545,10
116546,7
116547,10
116548,6
116549,12
116550,6
116551,11
116552,11
116553,10
116554,12
116555,12
116556,11
116557,12
116558,10
116559,10
116560,8
116561,5
116562,5
116563,9
116564,8
116565,14
116566,8
116567,8
116568,9
116569,12
116570,9
116571,12
116572,13
116573,10
116574,11
116575,12
116576,7
116577,10
116578,14
116579,8
116580,10
116581,11
116582,11
116583,10
116584,7
116585,11
116586,11
116587,11
116588,12
116589,5
116590,14
116591,11
116592,11
116593,10
116594,9
116595,6
116596,12
116597,10
116598,9
116599,10
116600,11
116601,11
116602,9
116603,10
116604,11
116605,14
116606,10
116607,7
116608,10
116609,17
116610,10
116611,11
116612,12
116613,10
116614,16
116615,10
116616,10
116617,8
116618,7
116619,11
116620,9
116621,10
116622,8
116623,10
116624,9
116625,12
116626,10
116627,8
116628,6
116629,12
116630,6
116631,11
116632,11
116633,9
116634,7
116635,12
116636,11
116637,12
116638,7
116639,10
116640,7
116641,7
116642,8
116643,7
116644,8
116645,13
116646,10
116647,11
116648,8
116649,7
116650,11
116651,9
116652,13
116653,9
116654,7
116655,7
116656,9
116657,10
116658,7
116659,11
116660,11
116661,8
116662,11
116663,9
116664,12
116665,16
116666,13
116667,6
116668,10
116669,13
116670,7
116671,11
116672,13
116673,9
116674,5
116675,11
116676,10
116677,13
116678,10
116679,8
116680,7
116681,15
116682,8
116683,13
116684,10
116685,11
116686,14
116687,9
116688,10
116689,11
116690,8
116691,6
116692,6
116693,13
116694,10
116695,9
116696,9
116697,10
116698,11
116699,7
116700,10
116701,9
116702,11
116703,8
116704,5
116705,10
116706,12
116707,8
116708,6
116709,12
116710,10
116711,9
116712,11
116713,10
116714,10
116715,10
116716,12
116717,6
116718,8
116719,9
116720,10
116721,4
116722,5
116723,15
116724,11
116725,9
116726,9
116727,7
116728,6
116729,10
116730,5
116731,9
116732,8
116733,7
116734,5
116735,8
116736,5
116737,5
116738,8
116739,9
116740,8
116741,12
116742,8
116743,8
116744,8
116745,9
116746,10
116747,9
116748,10
116749,11
116750,10
116751,10
116752,13
116753,15
116754,12
116755,4
116756,7
116757,12
116758,6
116759,8
116760,10
116761,7
116762,10
116763,9
116764,10
116765,16
116766,10
116767,10
116768,9
116769,13
116770,11
116771,13
116772,10
116773,9
116774,10
116775,6
116776,9
116777,10
116778,16
116779,10
116780,10
116781,9
116782,10
116783,5
116784,10
116785,10
116786,12
116787,8
116788,7
116789,10
116790,9
116791,11
116792,5
116793,10
116794,10
116795,10
116796,8
116797,8
116798,9
116799,7
116800,10
116801,8
116802,11
116803,8
116804,10
116805,10
116806,16
116807,12
116808,13
116809,7
116810,9
116811,10
116812,10
116813,10
116814,11
116815,10
116816,8
116817,11
116818,8
116819,11
116820,10
116821,11
116822,11
116823,11
116824,12
116825,10
116826,9
116827,10
116828,11
116829,11
116830,8
116831,11
116832,6
116833,9
116834,9
116835,10
116836,13
116837,7
116838,9
116839,9
116840,6
116841,12
116842,14
116843,5
116844,5
116845,10
116846,7
116847,11
116848,10
116849,7
116850,7
116851,10
116852,10
116853,10
116854,12
116855,11
116856,12
116857,12
116858,10
116859,10
116860,6
116861,14
116862,9
116863,9
116864,9
116865,7
116866,10
116867,8
116868,9
116869,12
116870,9
116871,11
116872,8
116873,11
116874,9
116875,12
116876,12
116877,11
116878,12
116879,10
116880,10
116881,11
116882,9
116883,8
116884,13
116885,10
116886,9
116887,12
116888,9
116889,8
116890,9
116891,12
116892,11
116893,5
116894,10
116895,6
116896,14
116897,7
116898,14
116899,11
116900,9
116901,10
116902,12
116903,7
116904,11
116905,8
116906,8
116907,12
116908,5
116909,11
116910,6
116911,12
116912,9
116913,12
116914,11
116915,11
116916,7
116917,11
116918,9
116919,6
116920,11
116921,11
116922,9
116923,10
116924,11
116925,10
116926,9
116927,8
116928,10
116929,6
116930,7
116931,4
116932,15
116933,14
116934,12
116935,11
116936,10
116937,10
116938,10
116939,15
116940,8
116941,14
116942,13
116943,9
116944,4
116945,7
116946,12
116947,11
116948,11
116949,12
116950,5
116951,8
116952,5
116953,9
116954,17
116955,10
116956,10
116957,7
116958,7
116959,10
116960,14
116961,12
116962,9
116963,8
116964,11
116965,10
116966,5
116967,13
116968,6
116969,8
116970,10
116971,12
116972,6
116973,11
116974,11
116975,12
116976,13
116977,9
116978,13
116979,12
116980,7
116981,11
116982,10
116983,9
116984,10
116985,11
116986,9
116987,10
116988,9
116989,7
116990,8
116991,10
116992,10
116993,9
116994,8
116995,11
116996,7
116997,10
116998,10
116999,5
117000,7
117001,7
117002,7
117003,8
117004,6
117005,7
117006,11
117007,8
117008,17
117009,11
117010,10
117011,11
117012,11
117013,10
117014,4
117015,12
117016,4
117017,10
117018,8
117019,11
117020,9
117021,15
117022,11
117023,10
117024,9
117025,9
117026,6
117027,12
117028,10
117029,13
117030,12
117031,7
117032,14
117033,13
117034,10
117035,7
117036,11
117037,12
117038,11
117039,10
117040,11
117041,7
117042,13
117043,9
117044,11
117045,11
117046,11
117047,9
117048,10
117049,8
117050,9
117051,7
117052,10
117053,9
117054,9
117055,12
117056,9
117057,12
117058,13
117059,12
117060,10
117061,8
117062,12
117063,10
117064,12
117065,7
117066,7
117067,8
117068,10
117069,10
117070,13
117071,10
117072,11
117073,10
117074,12
117075,11
117076,8
117077,9
117078,6
117079,10
117080,7
117081,13
117082,9
117083,16
117084,10
117085,9
117086,12
117087,10
117088,15
117089,6
117090,10
117091,10
117092,9
117093,13
117094,8
117095,12
117096,10
117097,10
117098,7
117099,8
117100,8
117101,12
117102,11
117103,5
117104,9
117105,9
117106,11
117107,12
117108,15
117109,11
117110,16
117111,9
117112,12
117113,10
117114,6
117115,8
117116,11
117117,12
117118,6
117119,11
117120,11
117121,10
117122,10
117123,9
117124,8
117125,9
117126,12
117127,9
117128,11
117129,11
117130,10
117131,10
117132,13
117133,10
117134,11
117135,10
117136,5
117137,11
117138,13
117139,10
117140,11
117141,11
117142,6
117143,15
117144,9
117145,10
117146,6
117147,6
117148,12
117149,8
117150,11
117151,10
117152,8
117153,9
117154,11
117155,11
117156,7
117157,9
117158,10
117159,14
117160,7
117161,11
117162,6
117163,8
117164,11
117165,7
117166,10
117167,10
117168,12
117169,10
117170,6
117171,12
117172,16
117173,10
117174,11
117175,9
117176,14
117177,9
117178,10
117179,10
117180,10
117181,10
117182,11
117183,4
117184,5
117185,11
117186,10
117187,10
117188,8
117189,7
117190,10
117191,12
117192,10
117193,12
117194,10
117195,11
117196,11
117197,9
117198,10
117199,10
117200,14
117201,10
117202,11
117203,7
117204,11
117205,13
117206,5
117207,10
117208,9
117209,8
117210,10
117211,10
117212,6
117213,11
117214,7
117215,10
117216,12
117217,9
117218,16
117219,13
117220,8
117221,7
117222,10
117223,12
117224,6
117225,9
117226,6
117227,4
117228,10
117229,8
117230,10
117231,7
117232,11
117233,8
117234,11
117235,11
117236,14
117237,6
117238,12
117239,11
117240,9
117241,10
117242,7
117243,11
117244,12
117245,12
117246,10
117247,8
117248,9
117249,11
117250,5
117251,9
117252,12
117253,8
117254,7
117255,9
117256,4
117257,10
117258,11
117259,10
117260,12
117261,14
117262,6
117263,8
117264,8
117265,15
117266,9
117267,8
117268,11
117269,11
117270,11
117271,13
117272,8
117273,12
117274,9
117275,10
117276,10
117277,11
117278,10
117279,14
117280,13
117281,10
117282,9
117283,12
117284,9
117285,10
117286,9
117287,7
117288,9
117289,8
117290,12
117291,7
117292,12
117293,14
117294,11
117295,12
117296,12
117297,12
117298,8
117299,11
117300,7
117301,12
117302,9
117303,10
117304,10
117305,12
117306,12
117307,12
117308,12
117309,10
117310,11
117311,6
117312,13
117313,9
117314,9
117315,7
117316,10
117317,12
117318,14
117319,9
117320,13
117321,10
117322,7
117323,11
117324,8
117325,8
117326,8
117327,8
117328,8
117329,12
117330,12
117331,8
117332,11
117333,15
117334,10
117335,10
117336,12
117337,11
117338,11
117339,9
117340,15
117341,10
117342,9
117343,13
117344,11
117345,9
117346,6
117347,10
117348,10
117349,10
117350,10
117351,10
117352,10
117353,8
117354,11
117355,11
117356,10
117357,7
117358,12
117359,4
117360,10
117361,7
117362,6
117363,13
117364,11
117365,13
117366,12
117367,13
117368,12
117369,15
117370,11
117371,11
117372,12
117373,9
117374,13
117375,9
117376,15
117377,8
117378,12
117379,14
117380,9
117381,8
117382,11
117383,7
117384,11
117385,13
117386,8
117387,16
117388,10
117389,7
117390,11
117391,10
117392,5
117393,10
117394,9
117395,6
117396,9
117397,9
117398,12
117399,9
117400,8
117401,9
117402,7
117403,6
117404,7
117405,10
117406,10
117407,11
117408,7
117409,12
117410,7
117411,8
117412,5
117413,9
117414,12
117415,10
117416,5
117417,10
117418,14
117419,10
117420,7
117421,7
117422,9
117423,9
117424,17
117425,11
117426,8
117427,12
117428,5
117429,12
117430,7
117431,8
117432,6
117433,11
117434,14
117435,11
117436,5
117437,11
117438,9
117439,7
117440,10
117441,12
117442,12
117443,6
117444,7
117445,11
117446,13
117447,12
117448,14
117449,9
117450,9
117451,11
117452,14
117453,8
117454,10
117455,10
117456,11
117457,10
117458,10
117459,5
117460,9
117461,11
117462,12
117463,10
117464,14
117465,10
117466,12
117467,6
117468,11
117469,10
117470,14
117471,4
117472,12
117473,6
117474,14
117475,11
117476,9
117477,11
117478,12
117479,11
117480,10
117481,9
117482,7
117483,8
117484,4
117485,9
117486,11
117487,7
117488,8
117489,8
117490,9
117491,13
117492,7
117493,5
117494,8
117495,10
117496,7
117497,12
117498,10
117499,10
117500,15
117501,9
117502,7
117503,6
117504,9
117505,9
117506,11
117507,10
117508,13
117509,9
117510,10
117511,9
117512,12
117513,7
117514,9
117515,10
117516,6
117517,6
117518,5
117519,15
117520,10
117521,12
117522,11
117523,11
117524,11
117525,11
117526,8
117527,12
117528,13
117529,9
117530,12
117531,8
117532,8
117533,16
117534,9
117535,11
117536,8
117537,7
117538,10
117539,10
117540,12
117541,10
117542,12
117543,11
117544,13
117545,10
117546,11
117547,14
117548,10
117549,11
117550,6
117551,12
117552,11
117553,9
117554,5
117555,10
117556,6
117557,13
117558,9
117559,13
117560,12
117561,7
117562,8
117563,8
117564,10
117565,11
117566,9
117567,10
117568,9
117569,11
117570,7
117571,12
117572,13
117573,9
117574,9
117575,9
117576,9
117577,10
117578,14
117579,10
117580,10
117581,10
117582,10
117583,6
117584,9
117585,13
117586,10
117587,11
117588,10
117589,8
117590,8
117591,8
117592,9
117593,12
117594,7
117595,8
117596,11
117597,11
117598,7
117599,10
117600,10
117601,10
117602,10
117603,6
117604,11
117605,12
117606,10
117607,12
117608,12
117609,8
117610,15
117611,7
117612,10
117613,9
117614,6
117615,12
117616,7
117617,10
117618,15
117619,9
117620,12
117621,9
117622,10
117623,8
117624,10
117625,8
117626,8
117627,13
117628,5
117629,8
117630,7
117631,7
117632,13
117633,13
117634,5
117635,8
117636,9
117637,10
117638,9
117639,10
117640,10
117641,4
117642,12
117643,15
117644,10
117645,12
117646,10
117647,9
117648,10
117649,11
117650,9
117651,9
117652,8
117653,15
117654,11
117655,6
117656,10
117657,5
117658,9
117659,14
117660,11
117661,8
117662,13
117663,8
117664,8
117665,14
117666,9
117667,7
117668,9
117669,9
117670,10
117671,8
117672,14
117673,11
117674,11
117675,6
117676,10
117677,10
117678,9
117679,9
117680,10
117681,12
117682,10
117683,9
117684,9
117685,7
117686,10
117687,11
117688,10
117689,6
117690,11
117691,10
117692,14
117693,7
117694,11
117695,13
117696,8
117697,10
117698,5
117699,5
117700,9
117701,6
117702,11
117703,11
117704,12
117705,7
117706,11
117707,10
117708,10
117709,10
117710,6
117711,11
117712,8
117713,10
117714,9
117715,11
117716,10
117717,10
117718,9
117719,9
117720,11
117721,10
117722,13
117723,11
117724,12
117725,11
117726,15
117727,9
117728,5
117729,13
117730,15
117731,7
117732,11
117733,10
117734,7
117735,9
117736,8
117737,7
117738,10
117739,9
117740,5
117741,8
117742,13
117743,13
117744,13
117745,6
117746,9
117747,11
117748,11
117749,10
117750,11
117751,12
117752,6
117753,6
117754,9
117755,4
117756,13
117757,6
117758,10
117759,10
117760,14
117761,10
117762,10
117763,10
117764,9
117765,9
117766,9
117767,9
117768,13
117769,11
117770,10
117771,13
117772,10
117773,16
117774,13
117775,11
117776,17
117777,13
117778,8
117779,11
117780,8
117781,12
117782,13
117783,13
117784,11
117785,11
117786,12
117787,11
117788,11
117789,10
117790,12
117791,6
117792,10
117793,7
117794,14
117795,9
117796,10
117797,10
117798,7
117799,9
117800,9
117801,11
117802,10
117803,11
117804,10
117805,12
117806,11
117807,11
117808,7
117809,10
117810,11
117811,6
117812,8
117813,8
117814,7
117815,11
117816,13
117817,11
117818,8
117819,11
117820,12
117821,10
117822,11
117823,9
117824,10
117825,13
117826,6
117827,9
117828,9
117829,10
117830,11
117831,12
117832,10
117833,10
117834,10
117835,11
117836,10
117837,8
117838,11
117839,7
117840,11
117841,8
117842,12
117843,9
117844,11
117845,13
117846,9
117847,11
117848,8
117849,15
117850,11
117851,9
117852,10
117853,13
117854,9
117855,11
117856,6
117857,9
117858,6
117859,10
117860,15
117861,8
117862,7
117863,11
117864,4
117865,11
117866,12
117867,12
117868,8
117869,11
117870,8
117871,10
117872,9
117873,10
117874,10
117875,7
117876,13
117877,8
117878,12
117879,8
117880,11
117881,10
117882,9
117883,6
117884,10
117885,8
117886,7
117887,14
117888,11
117889,11
117890,7
117891,12
117892,10
117893,7
117894,9
117895,10
117896,9
117897,13
117898,11
117899,6
117900,11
117901,9
117902,10
117903,11
117904,10
117905,10
117906,12
117907,13
117908,12
117909,12
117910,8
117911,9
117912,8
117913,12
117914,10
117915,11
117916,9
117917,6
117918,12
117919,7
117920,7
117921,13
117922,15
117923,9
117924,12
117925,11
117926,9
117927,9
117928,9
117929,10
117930,9
117931,10
117932,9
117933,12
117934,11
117935,10
117936,7
117937,10
117938,7
117939,8
117940,12
117941,11
117942,15
117943,10
117944,13
117945,10
117946,13
117947,10
117948,10
117949,11
117950,8
117951,10
117952,11
117953,8
117954,6
117955,9
117956,11
117957,9
117958,10
117959,10
117960,11
117961,12
117962,12
117963,9
117964,8
117965,10
117966,10
117967,11
117968,11
117969,7
117970,10
117971,8
117972,10
117973,13
117974,7
117975,12
117976,11
117977,8
117978,11
117979,8
117980,9
117981,8
117982,7
117983,8
117984,7
117985,13
117986,10
117987,4
117988,12
117989,11
117990,10
117991,9
117992,12
117993,15
117994,7
117995,10
117996,10
117997,13
117998,14
117999,12
118000,11
118001,9
118002,9
118003,12
118004,7
118005,14
118006,11
118007,11
118008,8
118009,11
118010,6
118011,12
118012,16
118013,12
118014,11
118015,10
118016,12
118017,10
118018,10
118019,6
118020,8
118021,8
118022,12
118023,10
118024,15
118025,8
118026,13
118027,12
118028,10
118029,7
118030,14
118031,8
118032,10
118033,10
118034,9
118035,9
118036,10
118037,9
118038,15
118039,9
118040,12
118041,9
118042,9
118043,4
118044,10
118045,9
118046,7
118047,7
118048,11
118049,11
118050,7
118051,9
118052,8
118053,14
118054,10
118055,9
118056,13
118057,6
118058,11
118059,11
118060,10
118061,8
118062,10
118063,11
118064,5
118065,4
118066,8
118067,7
118068,10
118069,9
118070,7
118071,9
118072,13
118073,11
118074,13
118075,9
118076,8
118077,8
118078,11
118079,11
118080,7
118081,10
118082,10
118083,7
118084,11
118085,10
118086,11
118087,12
118088,10
118089,5
118090,12
118091,11
118092,14
118093,10
118094,15
118095,11
118096,9
118097,10
118098,9
118099,10
118100,9
118101,10
118102,9
118103,10
118104,9
118105,13
118106,10
118107,10
118108,9
118109,12
118110,12
118111,6
118112,11
118113,10
118114,6
118115,12
118116,11
118117,11
118118,11
118119,7
118120,7
118121,10
118122,11
118123,11
118124,14
118125,7
118126,11
118127,12
118128,7
118129,6
118130,10
118131,10
118132,11
118133,10
118134,12
118135,13
118136,12
118137,10
118138,8
118139,10
118140,10
118141,10
118142,11
118143,8
118144,9
118145,9
118146,11
118147,11
118148,9
118149,11
118150,10
118151,13
118152,9
118153,11
118154,10
118155,9
118156,11
118157,12
118158,7
118159,10
118160,7
118161,14
118162,7
118163,8
118164,7
118165,10
118166,6
118167,10
118168,9
118169,6
118170,9
118171,9
118172,9
118173,12
118174,6
118175,11
118176,9
118177,7
118178,14
118179,10
118180,11
118181,8
118182,10
118183,7
118184,12
118185,8
118186,9
118187,6
118188,9
118189,11
118190,7
118191,16
118192,10
118193,7
118194,10
118195,11
118196,11
118197,4
118198,10
118199,9
118200,10
118201,13
118202,11
118203,12
118204,5
118205,14
118206,6
118207,13
118208,14
118209,10
118210,11
118211,10
118212,11
118213,13
118214,11
118215,8
118216,11
118217,12
118218,10
118219,13
118220,9
118221,7
118222,7
118223,6
118224,11
118225,8
118226,7
118227,5
118228,9
118229,8
118230,13
118231,7
118232,12
118233,8
118234,11
118235,11
118236,11
118237,10
118238,7
118239,10
118240,7
118241,8
118242,12
118243,11
118244,11
118245,6
118246,12
118247,8
118248,11
118249,6
118250,11
118251,9
118252,13
118253,11
118254,8
118255,7
118256,11
118257,8
118258,10
118259,5
118260,12
118261,9
118262,12
118263,10
118264,11
118265,9
118266,14
118267,14
118268,7
118269,5
118270,7
118271,10
118272,4
118273,10
118274,8
118275,8
118276,8
118277,8
118278,9
118279,10
118280,11
118281,10
118282,10
118283,16
118284,11
118285,5
118286,9
118287,5
118288,7
118289,5
118290,10
118291,12
118292,8
118293,5
118294,7
118295,13
118296,10
118297,9
118298,14
118299,9
118300,11
118301,10
118302,5
118303,10
118304,14
118305,6
118306,9
118307,11
118308,11
118309,11
118310,11
118311,10
118312,10
118313,10
118314,12
118315,7
118316,11
118317,12
118318,11
118319,7
118320,14
118321,8
118322,11
118323,12
118324,5
118325,12
118326,13
118327,8
118328,11
118329,9
118330,9
118331,6
118332,10
118333,10
118334,8
118335,10
118336,6
118337,10
118338,11
118339,10
118340,6
118341,6
118342,8
118343,11
118344,8
118345,7
118346,11
118347,9
118348,12
118349,7
118350,11
118351,7
118352,9
118353,9
118354,10
118355,9
118356,11
118357,12
118358,10
118359,11
118360,13
118361,10
118362,10
118363,9
118364,7
118365,8
118366,12
118367,9
118368,5
118369,11
118370,10
118371,6
118372,13
118373,9
118374,11
118375,9
118376,11
118377,7
118378,11
118379,7
118380,10
118381,7
118382,12
118383,5
118384,10
118385,9
118386,5
118387,8
118388,10
118389,11
118390,11
118391,11
118392,11
118393,10
118394,6
118395,6
118396,13
118397,10
118398,10
118399,11
118400,14
118401,9
118402,17
118403,11
118404,8
118405,6
118406,13
118407,5
118408,13
118409,13
118410,10
118411,10
118412,11
118413,6
118414,10
118415,7
118416,11
118417,6
118418,14
118419,10
118420,7
118421,9
118422,10
118423,10
118424,8
118425,11
118426,14
118427,8
118428,14
118429,8
118430,12
118431,11
118432,8
118433,7
118434,12
118435,11
118436,9
118437,10
118438,8
118439,10
118440,10
118441,10
118442,8
118443,9
118444,10
118445,10
118446,9
118447,9
118448,11
118449,13
118450,11
118451,10
118452,12
118453,10
118454,14
118455,7
118456,14
118457,5
118458,7
118459,5
118460,7
118461,13
118462,13
118463,10
118464,13
118465,8
118466,5
118467,4
118468,7
118469,8
118470,4
118471,14
118472,10
118473,8
118474,9
118475,11
118476,13
118477,10
118478,9
118479,9
118480,11
118481,10
118482,6
118483,8
118484,7
118485,12
118486,6
118487,10
118488,11
118489,6
118490,10
118491,15
118492,11
118493,9
118494,9
118495,8
118496,10
118497,5
118498,9
118499,13
118500,9
118501,7
118502,9
118503,10
118504,11
118505,10
118506,10
118507,7
118508,8
118509,10
118510,9
118511,11
118512,9
118513,12
118514,7
118515,10
118516,9
118517,16
118518,11
118519,11
118520,6
118521,16
118522,11
118523,5
118524,8
118525,11
118526,11
118527,10
118528,10
118529,12
118530,14
118531,10
118532,10
118533,9
118534,11
118535,10
118536,11
118537,10
118538,10
118539,11
118540,12
118541,11
118542,11
118543,14
118544,8
118545,11
118546,15
118547,7
118548,15
118549,14
118550,10
118551,14
118552,10
118553,9
118554,6
118555,9
118556,11
118557,7
118558,11
118559,6
118560,7
118561,11
118562,11
118563,13
118564,10
118565,7
118566,6
118567,8
118568,12
118569,10
118570,11
118571,10
118572,11
118573,11
118574,10
118575,10
118576,10
118577,11
118578,12
118579,6
118580,10
118581,12
118582,8
118583,11
118584,9
118585,10
118586,12
118587,12
118588,7
118589,9
118590,14
118591,11
118592,11
118593,7
118594,11
118595,10
118596,9
118597,9
118598,10
118599,9
118600,8
118601,10
118602,12
118603,10
118604,9
118605,11
118606,9
118607,10
118608,10
118609,11
118610,12
118611,7
118612,4
118613,7
118614,11
118615,12
118616,11
118617,9
118618,11
118619,8
118620,11
118621,13
118622,9
118623,8
118624,10
118625,10
118626,13
118627,4
118628,8
118629,7
118630,11
118631,8
118632,9
118633,8
118634,9
118635,13
118636,9
118637,9
118638,11
118639,9
118640,5
118641,10
118642,14
118643,11
118644,8
118645,13
118646,10
118647,10
118648,9
118649,11
118650,7
118651,5
118652,7
118653,11
118654,11
118655,10
118656,11
118657,8
118658,9
118659,7
118660,13
118661,13
118662,9
118663,10
118664,15
118665,11
118666,13
118667,8
118668,9
118669,7
118670,10
118671,10
118672,11
118673,11
118674,13
118675,8
118676,10
118677,13
118678,15
118679,8
118680,11
118681,10
118682,11
118683,12
118684,9
118685,9
118686,13
118687,9
118688,11
118689,8
118690,7
118691,10
118692,11
118693,7
118694,8
118695,10
118696,12
118697,9
118698,9
118699,12
118700,7
118701,10
118702,10
118703,7
118704,9
118705,11
118706,10
118707,10
118708,10
118709,6
118710,12
118711,8
118712,12
118713,11
118714,12
118715,11
118716,8
118717,6
118718,11
118719,5
118720,12
118721,5
118722,7
118723,5
118724,13
118725,7
118726,11
118727,5
118728,10
118729,9
118730,8
118731,15
118732,9
118733,6
118734,11
118735,8
118736,9
118737,10
118738,12
118739,10
118740,11
118741,15
118742,13
118743,6
118744,13
118745,7
118746,7
118747,6
118748,8
118749,12
118750,10
118751,11
118752,11
118753,10
118754,8
118755,7
118756,8
118757,12
118758,11
118759,11
118760,11
118761,9
118762,12
118763,11
118764,9
118765,10
118766,11
118767,9
118768,11
118769,15
118770,14
118771,9
118772,8
118773,11
118774,11
118775,9
118776,9
118777,11
118778,15
118779,6
118780,11
118781,10
118782,10
118783,10
118784,7
118785,6
118786,13
118787,9
118788,7
118789,10
118790,10
118791,11
118792,10
118793,10
118794,7
118795,9
118796,9
118797,6
118798,11
118799,9
118800,8
118801,9
118802,8
118803,9
118804,5
118805,14
118806,10
118807,10
118808,10
118809,11
118810,10
118811,12
118812,12
118813,10
118814,9
118815,10
118816,11
118817,10
118818,11
118819,11
118820,9
118821,9
118822,16
118823,13
118824,12
118825,8
118826,13
118827,4
118828,11
118829,12
118830,12
118831,9
118832,11
118833,10
118834,8
118835,8
118836,8
118837,11
118838,10
118839,10
118840,10
118841,8
118842,8
118843,11
118844,8
118845,11
118846,9
118847,15
118848,4
118849,7
118850,10
118851,11
118852,10
118853,11
118854,12
118855,13
118856,10
118857,5
118858,13
118859,8
118860,13
118861,15
118862,11
118863,10
118864,8
118865,10
118866,6
118867,11
118868,11
118869,9
118870,6
118871,10
118872,11
118873,10
118874,8
118875,10
118876,13
118877,8
118878,13
118879,6
118880,10
118881,8
118882,6
118883,11
118884,9
118885,11
118886,5
118887,10
118888,10
118889,11
118890,7
118891,10
118892,8
118893,12
118894,9
118895,9
118896,10
118897,10
118898,11
118899,11
118900,13
118901,8
118902,9
118903,11
118904,10
118905,11
118906,8
118907,9
118908,9
118909,7
118910,9
118911,8
118912,13
118913,10
118914,7
118915,11
118916,9
118917,13
118918,11
118919,4
118920,7
118921,8
118922,10
118923,12
118924,11
118925,4
118926,9
118927,6
118928,11
118929,12
118930,11
118931,9
118932,13
118933,8
118934,10
118935,12
118936,8
118937,10
118938,11
118939,6
118940,7
118941,10
118942,7
118943,11
118944,12
118945,9
118946,10
118947,7
118948,16
118949,10
118950,11
118951,8
118952,6
118953,11
118954,11
118955,9
118956,10
118957,10
118958,10
118959,9
118960,9
118961,10
118962,7
118963,9
118964,11
118965,11
118966,13
118967,10
118968,7
118969,14
118970,6
118971,12
118972,11
118973,11
118974,6
118975,10
118976,6
118977,8
118978,12
118979,11
118980,9
118981,10
118982,14
118983,11
118984,10
118985,10
118986,9
118987,9
118988,11
118989,11
118990,8
118991,8
118992,6
118993,11
118994,10
118995,9
118996,8
118997,6
118998,7
118999,9
119000,9
119001,10
119002,14
119003,8
119004,12
119005,8
119006,12
119007,6
119008,11
119009,10
119010,8
119011,10
119012,10
119013,11
119014,6
119015,11
119016,5
119017,10
119018,5
119019,7
119020,7
119021,9
119022,10
119023,11
119024,10
119025,10
119026,10
119027,9
119028,7
119029,10
119030,10
119031,9
119032,11
119033,14
119034,12
119035,8
119036,10
119037,7
119038,6
119039,11
119040,5
119041,10
119042,12
119043,11
119044,9
119045,11
119046,8
119047,11
119048,17
119049,13
119050,11
119051,9
119052,13
119053,8
119054,5
119055,15
119056,10
119057,9
119058,14
119059,13
119060,11
119061,13
119062,10
119063,13
119064,11
119065,6
119066,9
119067,13
119068,11
119069,11
119070,12
119071,12
119072,12
119073,8
119074,8
119075,5
119076,9
119077,8
119078,6
119079,13
119080,9
119081,9
119082,11
119083,10
119084,6
119085,7
119086,11
119087,11
119088,13
119089,12
119090,15
119091,9
119092,8
119093,8
119094,12
119095,13
119096,4
119097,7
119098,11
119099,6
119100,14
119101,7
119102,14
119103,9
119104,12
119105,10
119106,8
119107,12
119108,11
119109,6
119110,11
119111,10
119112,7
119113,9
119114,10
119115,7
119116,9
119117,12
119118,13
119119,6
119120,9
119121,11
119122,13
119123,5
119124,8
119125,5
119126,14
119127,7
119128,12
119129,10
119130,8
119131,11
119132,10
119133,10
119134,9
119135,10
119136,7
119137,11
119138,10
119139,9
119140,8
119141,10
119142,10
119143,11
119144,14
119145,9
119146,6
119147,9
119148,10
119149,6
119150,10
119151,7
119152,9
119153,9
119154,10
119155,6
119156,6
119157,8
119158,9
119159,7
119160,6
119161,9
119162,10
119163,9
119164,11
119165,9
119166,9
119167,12
119168,13
119169,13
119170,10
119171,5
119172,13
119173,4
119174,9
119175,11
119176,13
119177,11
119178,5
119179,9
119180,11
119181,9
119182,10
119183,11
119184,9
119185,10
119186,8
119187,10
119188,6
119189,9
119190,5
119191,12
119192,13
119193,10
119194,7
119195,10
119196,15
119197,11
119198,8
119199,10
119200,9
119201,10
119202,15
119203,4
119204,10
119205,5
119206,11
119207,13
119208,9
119209,11
119210,8
119211,8
119212,9
119213,8
119214,9
119215,10
119216,8
119217,13
119218,8
119219,10
119220,10
119221,7
119222,9
119223,13
119224,6
119225,12
119226,11
119227,8
119228,8
119229,10
119230,9
119231,11
119232,11
119233,9
119234,8
119235,10
119236,10
119237,11
119238,6
119239,10
119240,7
119241,9
119242,10
119243,9
119244,8
119245,9
119246,12
119247,7
119248,10
119249,11
119250,11
119251,8
119252,14
119253,10
119254,9
119255,13
119256,10
119257,11
119258,11
119259,7
119260,11
119261,13
119262,10
119263,6
119264,9
119265,16
119266,8
119267,11
119268,9
119269,11
119270,7
119271,10
119272,11
119273,11
119274,10
119275,6
119276,11
119277,7
119278,11
119279,8
119280,16
119281,8
119282,8
119283,6
119284,11
119285,8
119286,9
119287,8
119288,6
119289,7
119290,9
119291,12
119292,12
119293,11
119294,13
119295,10
119296,11
119297,13
119298,12
119299,8
119300,5
119301,9
119302,7
119303,13
119304,9
119305,9
119306,13
119307,15
119308,9
119309,10
119310,8
119311,14
119312,14
119313,10
119314,9
119315,11
119316,11
119317,12
119318,7
119319,12
119320,10
119321,10
119322,17
119323,5
119324,11
119325,9
119326,11
119327,6
119328,7
119329,10
119330,11
119331,10
119332,15
119333,9
119334,6
119335,9
119336,15
119337,12
119338,10
119339,9
119340,8
119341,13
119342,9
119343,10
119344,10
119345,10
119346,4
119347,10
119348,12
119349,9
119350,12
119351,10
119352,10
119353,13
119354,10
119355,11
119356,8
119357,9
119358,7
119359,11
119360,11
119361,8
119362,15
119363,8
119364,7
119365,14
119366,9
119367,12
119368,17
119369,10
119370,11
119371,8
119372,9
119373,11
119374,7
119375,12
119376,14
119377,6
119378,12
119379,9
119380,10
119381,9
119382,10
119383,11
119384,11
119385,11
119386,8
119387,10
119388,6
119389,9
119390,8
119391,6
119392,12
119393,12
119394,5
119395,5
119396,10
119397,9
119398,13
119399,10
119400,10
119401,8
119402,13
119403,6
119404,7
119405,10
119406,11
119407,11
119408,10
119409,12
119410,12
119411,6
119412,6
119413,13
119414,12
119415,10
119416,11
119417,11
119418,10
119419,4
119420,10
119421,15
119422,9
119423,9
119424,9
119425,12
119426,10
119427,8
119428,8
119429,12
119430,8
119431,8
119432,4
119433,9
119434,12
119435,8
119436,7
119437,9
119438,9
119439,11
119440,10
119441,11
119442,10
119443,5
119444,11
119445,11
119446,12
119447,9
119448,13
119449,8
119450,12
119451,11
119452,8
119453,15
119454,14
119455,12
119456,7
119457,6
119458,6
119459,11
119460,11
119461,11
119462,12
119463,10
119464,13
119465,12
119466,8
119467,8
119468,10
119469,10
119470,12
119471,15
119472,10
119473,15
119474,11
119475,12
119476,5
119477,7
119478,11
119479,7
119480,6
119481,10
119482,10
119483,13
119484,12
119485,11
119486,5
119487,16
119488,12
119489,8
119490,11
119491,10
119492,11
119493,10
119494,14
119495,9
119496,8
119497,7
119498,12
119499,15
119500,11
119501,12
119502,11
119503,11
119504,11
119505,14
119506,10
119507,11
119508,7
119509,10
119510,6
119511,10
119512,11
119513,9
119514,9
119515,6
119516,6
119517,10
119518,11
119519,8
119520,7
119521,6
119522,12
119523,14
119524,9
119525,11
119526,10
119527,9
119528,8
119529,5
119530,8
119531,11
119532,12
119533,6
119534,14
119535,10
119536,10
119537,13
119538,14
119539,7
119540,16
119541,11
119542,5
119543,11
119544,12
119545,12
119546,10
119547,10
119548,9
119549,10
119550,14
119551,11
119552,7
119553,12
119554,11
119555,12
119556,9
119557,11
119558,10
119559,7
119560,11
119561,16
119562,8
119563,12
119564,9
119565,11
119566,10
119567,7
119568,12
119569,12
119570,9
119571,11
119572,12
119573,10
119574,18
119575,12
119576,9
119577,8
119578,11
119579,9
119580,10
119581,16
119582,13
119583,9
119584,8
119585,12
119586,10
119587,6
119588,10
119589,12
119590,10
119591,10
119592,10
119593,9
119594,10
119595,11
119596,9
119597,11
119598,4
119599,7
119600,6
119601,11
119602,7
119603,6
119604,8
119605,10
119606,16
119607,10
119608,13
119609,9
119610,8
119611,15
119612,8
119613,10
119614,9
119615,8
119616,12
119617,10
119618,12
119619,9
119620,9
119621,9
119622,5
119623,12
119624,11
119625,10
119626,6
119627,13
119628,10
119629,8
119630,10
119631,8
119632,6
119633,11
119634,11
119635,12
119636,10
119637,16
119638,11
119639,7
119640,10
119641,8
119642,10
119643,6
119644,10
119645,4
119646,9
119647,11
119648,10
119649,10
119650,9
119651,11
119652,9
119653,12
119654,9
119655,11
119656,6
119657,10
119658,11
119659,7
119660,12
119661,10
119662,16
119663,7
119664,11
119665,6
119666,10
119667,11
119668,7
119669,7
119670,6
119671,11
119672,13
119673,11
119674,12
119675,10
119676,4
119677,11
119678,6
119679,9
119680,12
119681,13
119682,4
119683,9
119684,6
119685,13
119686,5
119687,14
119688,10
119689,6
119690,13
119691,8
119692,8
119693,10
119694,12
119695,9
119696,10
119697,13
119698,7
119699,7
119700,14
119701,10
119702,10
119703,7
119704,11
119705,10
119706,9
119707,12
119708,5
119709,4
119710,12
119711,9
119712,9
119713,9
119714,6
119715,12
119716,5
119717,12
119718,10
119719,7
119720,9
119721,5
119722,8
119723,10
119724,10
119725,8
119726,10
119727,8
119728,10
119729,6
119730,11
119731,6
119732,13
119733,12
119734,10
119735,10
119736,13
119737,12
119738,10
119739,13
119740,12
119741,10
119742,9
119743,14
119744,12
119745,10
119746,10
119747,10
119748,9
119749,10
119750,11
119751,6
119752,10
119753,10
119754,10
119755,9
119756,12
119757,9
119758,12
119759,11
119760,11
119761,15
119762,9
119763,9
119764,11
119765,10
119766,6
119767,5
119768,10
119769,13
119770,10
119771,9
119772,10
119773,10
119774,10
119775,10
119776,10
119777,7
119778,11
119779,11
119780,8
119781,9
119782,8
119783,15
119784,7
119785,9
119786,10
119787,6
119788,15
119789,10
119790,8
119791,11
119792,9
119793,10
119794,11
119795,11
119796,13
119797,10
119798,8
119799,9
119800,10
119801,13
119802,12
119803,11
119804,10
119805,9
119806,12
119807,11
119808,9
119809,6
119810,7
119811,5
119812,6
119813,10
119814,10
119815,11
119816,8
119817,8
119818,10
119819,13
119820,12
119821,8
119822,10
119823,11
119824,8
119825,12
119826,11
119827,13
119828,10
119829,11
119830,11
119831,13
119832,12
119833,8
119834,10
119835,13
119836,7
119837,10
119838,11
119839,13
119840,10
119841,6
119842,11
119843,12
119844,11
119845,10
119846,15
119847,8
119848,10
119849,10
119850,11
119851,6
119852,7
119853,8
119854,10
119855,7
119856,11
119857,8
119858,6
119859,11
119860,9
119861,9
119862,10
119863,12
119864,9
119865,10
119866,14
119867,7
119868,10
119869,11
119870,9
119871,9
119872,9
119873,7
119874,11
119875,7
119876,6
119877,10
119878,10
119879,7
119880,17
119881,9
119882,10
119883,11
119884,9
119885,9
119886,6
119887,7
119888,14
119889,10
119890,7
119891,7
119892,13
119893,10
119894,12
119895,10
119896,9
119897,11
119898,10
119899,13
119900,9
119901,12
119902,7
119903,9
119904,6
119905,15
119906,12
119907,10
119908,10
119909,12
119910,10
119911,12
119912,15
119913,12
119914,12
119915,9
119916,13
119917,15
119918,7
119919,11
119920,10
119921,11
119922,9
119923,10
119924,6
119925,6
119926,13
119927,10
119928,8
119929,15
119930,8
119931,12
119932,9
119933,14
119934,4
119935,6
119936,15
119937,14
119938,14
119939,11
119940,10
119941,12
119942,10
119943,10
119944,10
119945,10
119946,10
119947,8
119948,10
119949,10
119950,10
119951,12
119952,12
119953,14
119954,7
119955,9
119956,12
119957,4
119958,11
119959,9
119960,10
119961,17
119962,10
119963,9
119964,10
119965,15
119966,14
119967,12
119968,11
119969,12
119970,8
119971,14
119972,10
119973,11
119974,11
119975,9
119976,11
119977,13
119978,9
119979,8
119980,15
119981,7
119982,11
119983,8
119984,14
119985,9
119986,9
119987,10
119988,11
119989,9
119990,8
119991,11
119992,10
119993,13
119994,10
119995,8
119996,10
119997,7
119998,9
119999,8
120000,15
120001,8
120002,9
120003,11
120004,8
120005,13
120006,7
120007,9
120008,10
120009,6
120010,10
120011,13
120012,6
120013,9
120014,9
120015,15
120016,9
120017,5
120018,10
120019,10
120020,13
120021,9
120022,6
120023,9
120024,5
120025,9
120026,11
120027,12
120028,14
120029,11
120030,11
120031,13
120032,12
120033,11
120034,10
120035,12
120036,4
120037,10
120038,11
120039,11
120040,10
120041,11
120042,7
120043,9
120044,13
120045,10
120046,7
120047,10
120048,10
120049,11
120050,10
120051,10
120052,9
120053,17
120054,11
120055,10
120056,9
120057,11
120058,13
120059,15
120060,9
120061,8
120062,5
120063,15
120064,9
120065,7
120066,9
120067,6
120068,8
120069,12
120070,15
120071,10
120072,11
120073,8
120074,6
120075,13
120076,10
120077,10
120078,12
120079,8
120080,10
120081,7
120082,13
120083,11
120084,8
120085,6
120086,11
120087,6
120088,8
120089,12
120090,10
120091,9
120092,10
120093,10
120094,12
120095,10
120096,5
120097,11
120098,6
120099,14
120100,12
120101,9
120102,8
120103,13
120104,8
120105,9
120106,12
120107,8
120108,15
120109,9
120110,12
120111,5
120112,8
120113,9
120114,12
120115,9
120116,8
120117,11
120118,9
120119,11
120120,9
120121,11
120122,9
120123,9
120124,5
120125,8
120126,13
120127,10
120128,11
120129,4
120130,10
120131,11
120132,7
120133,11
120134,11
120135,11
120136,11
120137,10
120138,11
120139,10
120140,12
120141,7
120142,11
120143,4
120144,7
120145,11
120146,9
120147,9
120148,11
120149,11
120150,10
120151,12
120152,10
120153,11
120154,14
120155,11
120156,13
120157,7
120158,10
120159,12
120160,12
120161,10
120162,14
120163,12
120164,8
120165,9
120166,13
120167,6
120168,12
120169,7
120170,14
120171,12
120172,13
120173,9
120174,9
120175,9
120176,4
120177,9
120178,10
120179,8
120180,11
120181,11
120182,9
120183,5
120184,14
120185,15
120186,10
120187,5
120188,11
120189,12
120190,8
120191,10
120192,9
120193,10
120194,9
120195,12
120196,11
120197,9
120198,8
120199,9
120200,12
120201,10
120202,10
120203,11
120204,9
120205,9
120206,12
120207,9
120208,8
120209,10
120210,9
120211,12
120212,10
120213,10
120214,12
120215,11
120216,9
120217,9
120218,7
120219,8
120220,9
120221,11
120222,11
120223,8
120224,9
120225,7
120226,9
120227,9
120228,7
120229,14
120230,14
120231,9
120232,6
120233,11
120234,7
120235,11
120236,7
120237,10
120238,11
120239,10
120240,15
120241,8
120242,14
120243,9
120244,13
120245,11
120246,11
120247,11
120248,6
120249,10
120250,11
120251,10
120252,11
120253,10
120254,8
120255,11
120256,6
120257,10
120258,10
120259,15
120260,9
120261,10
120262,13
120263,13
120264,10
120265,10
120266,4
120267,12
120268,10
120269,11
120270,12
120271,12
120272,9
120273,10
120274,7
120275,11
120276,9
120277,11
120278,14
120279,11
120280,12
120281,11
120282,9
120283,12
120284,8
120285,11
120286,7
120287,15
120288,8
120289,8
120290,10
120291,11
120292,14
120293,11
120294,11
120295,11
120296,5
120297,13
120298,10
120299,12
120300,10
120301,8
120302,10
120303,8
120304,11
120305,9
120306,9
120307,10
120308,9
120309,7
120310,9
120311,12
120312,10
120313,9
120314,11
120315,10
120316,8
120317,13
120318,5
120319,11
120320,10
120321,9
120322,13
120323,10
120324,7
120325,9
120326,11
120327,10
120328,5
120329,10
120330,8
120331,10
120332,12
120333,10
120334,8
120335,7
120336,9
120337,10
120338,10
120339,8
120340,10
120341,12
120342,12
120343,8
120344,6
120345,9
120346,12
120347,12
120348,6
120349,10
120350,11
120351,12
120352,12
120353,12
120354,10
120355,11
120356,7
120357,7
120358,13
120359,12
120360,6
120361,12
120362,9
120363,13
120364,9
120365,14
120366,12
120367,9
120368,11
120369,14
120370,12
120371,10
120372,5
120373,6
120374,9
120375,9
120376,13
120377,8
120378,11
120379,6
120380,10
120381,6
120382,6
120383,11
120384,10
120385,6
120386,6
120387,9
120388,6
120389,10
120390,10
120391,9
120392,8
120393,9
120394,12
120395,9
120396,7
120397,12
120398,11
120399,8
120400,10
120401,11
120402,10
120403,10
120404,11
120405,10
120406,10
120407,10
120408,11
120409,14
120410,9
120411,10
120412,5
120413,7
120414,12
120415,14
120416,7
120417,10
120418,7
120419,10
120420,10
120421,8
120422,8
120423,13
120424,10
120425,7
120426,8
120427,15
120428,12
120429,11
120430,10
120431,14
120432,15
120433,8
120434,8
120435,10
120436,13
120437,10
120438,9
120439,17
120440,9
120441,4
120442,13
120443,7
120444,12
120445,8
120446,11
120447,8
120448,8
120449,7
120450,6
120451,8
120452,7
120453,7
120454,10
120455,9
120456,8
120457,7
120458,9
120459,10
120460,10
120461,9
120462,10
120463,11
120464,10
120465,11
120466,9
120467,13
120468,6
120469,8
120470,10
120471,7
120472,11
120473,8
120474,9
120475,7
120476,10
120477,8
120478,7
120479,10
120480,10
120481,10
120482,9
120483,12
120484,9
120485,10
120486,10
120487,13
120488,8
120489,13
120490,11
120491,11
120492,11
120493,10
120494,7
120495,10
120496,11
120497,11
120498,10
120499,12
120500,7
120501,7
120502,11
120503,11
120504,14
120505,9
120506,6
120507,10
120508,11
120509,7
120510,13
120511,12
120512,11
120513,9
120514,10
120515,10
120516,10
120517,10
120518,8
120519,12
120520,7
120521,13
120522,11
120523,10
120524,7
120525,8
120526,9
120527,12
120528,10
120529,8
120530,8
120531,15
120532,12
120533,8
120534,7
120535,12
120536,12
120537,12
120538,11
120539,11
120540,14
120541,10
120542,10
120543,8
120544,10
120545,6
120546,9
120547,9
120548,15
120549,14
120550,12
120551,5
120552,6
120553,10
120554,11
120555,9
120556,13
120557,9
120558,10
120559,10
120560,9
120561,11
120562,9
120563,11
120564,7
120565,8
120566,6
120567,11
120568,12
120569,6
120570,11
120571,10
120572,13
120573,8
120574,14
120575,10
120576,9
120577,10
120578,8
120579,14
120580,8
120581,8
120582,7
120583,13
120584,10
120585,9
120586,7
120587,16
120588,8
120589,10
120590,16
120591,12
120592,4
120593,8
120594,10
120595,11
120596,10
120597,12
120598,9
120599,11
120600,7
120601,11
120602,5
120603,9
120604,6
120605,14
120606,7
120607,11
120608,12
120609,12
120610,11
120611,11
120612,9
120613,10
120614,8
120615,12
120616,11
120617,8
120618,8
120619,11
120620,11
120621,9
120622,6
120623,10
120624,8
120625,12
120626,6
120627,4
120628,12
120629,11
120630,6
120631,13
120632,11
120633,10
120634,8
120635,6
120636,9
120637,12
120638,10
120639,11
120640,16
120641,6
120642,6
120643,11
120644,10
120645,7
120646,9
120647,7
120648,10
120649,7
120650,13
120651,8
120652,12
120653,6
120654,9
120655,10
120656,9
120657,9
120658,10
120659,11
120660,9
120661,11
120662,11
120663,10
120664,10
120665,7
120666,12
120667,5
120668,5
120669,7
120670,10
120671,10
120672,10
120673,11
120674,10
120675,10
120676,10
120677,11
120678,10
120679,9
120680,10
120681,13
120682,10
120683,11
120684,9
120685,15
120686,11
120687,12
120688,11
120689,13
120690,10
120691,5
120692,10
120693,8
120694,11
120695,11
120696,7
120697,11
120698,13
120699,12
120700,9
120701,11
120702,13
120703,7
120704,10
120705,13
120706,13
120707,12
120708,10
120709,4
120710,10
120711,8
120712,11
120713,11
120714,7
120715,13
120716,9
120717,11
120718,7
120719,11
120720,8
120721,6
120722,7
120723,8
120724,11
120725,10
120726,11
120727,7
120728,11
120729,9
120730,8
120731,7
120732,12
120733,5
120734,7
120735,11
120736,15
120737,12
120738,14
120739,7
120740,11
120741,7
120742,8
120743,11
120744,9
120745,10
120746,10
120747,7
120748,11
120749,10
120750,10
120751,10
120752,11
120753,5
120754,10
120755,9
120756,10
120757,9
120758,12
120759,9
120760,8
120761,10
120762,7
120763,10
120764,7
120765,14
120766,10
120767,12
120768,14
120769,10
120770,7
120771,12
120772,12
120773,10
120774,10
120775,15
120776,11
120777,7
120778,8
120779,7
120780,10
120781,9
120782,15
120783,10
120784,7
120785,8
120786,10
120787,11
120788,4
120789,8
120790,12
120791,10
120792,10
120793,11
120794,13
120795,4
120796,10
120797,5
120798,14
120799,7
120800,4
120801,5
120802,8
120803,8
120804,9
120805,12
120806,7
120807,10
120808,10
120809,5
120810,13
120811,12
120812,10
120813,11
120814,11
120815,8
120816,6
120817,10
120818,11
120819,9
120820,10
120821,12
120822,9
120823,8
120824,10
120825,10
120826,6
120827,9
120828,6
120829,12
120830,7
120831,11
120832,11
120833,9
120834,8
120835,13
120836,13
120837,11
120838,11
120839,6
120840,9
120841,12
120842,11
120843,11
120844,14
120845,10
120846,9
120847,4
120848,10
120849,9
120850,12
120851,10
120852,10
120853,8
120854,10
120855,11
120856,7
120857,8
120858,7
120859,7
120860,10
120861,7
120862,7
120863,5
120864,8
120865,4
120866,9
120867,7
120868,9
120869,10
120870,8
120871,8
120872,12
120873,10
120874,5
120875,9
120876,9
120877,11
120878,7
120879,11
120880,14
120881,10
120882,9
120883,8
120884,14
120885,8
120886,10
120887,11
120888,11
120889,10
120890,7
120891,10
120892,14
120893,10
120894,9
120895,11
120896,12
120897,5
120898,10
120899,10
120900,7
120901,11
120902,13
120903,10
120904,10
120905,9
120906,11
120907,10
120908,12
120909,9
120910,9
120911,5
120912,11
120913,8
120914,11
120915,9
120916,9
120917,9
120918,8
120919,11
120920,12
120921,9
120922,10
120923,7
120924,12
120925,9
120926,5
120927,11
120928,8
120929,12
120930,13
120931,9
120932,4
120933,11
120934,10
120935,13
120936,8
120937,11
120938,15
120939,11
120940,11
120941,15
120942,10
120943,10
120944,7
120945,10
120946,10
120947,11
120948,10
120949,9
120950,10
120951,10
120952,9
120953,11
120954,10
120955,4
120956,12
120957,6
120958,10
120959,9
120960,7
120961,10
120962,11
120963,6
120964,6
120965,10
120966,11
120967,10
120968,9
120969,15
120970,7
120971,13
120972,11
120973,9
120974,10
120975,7
120976,5
120977,9
120978,12
120979,11
120980,12
120981,5
120982,11
120983,10
120984,8
120985,8
120986,13
120987,10
120988,12
120989,7
120990,7
120991,12
120992,6
120993,11
120994,8
120995,10
120996,11
120997,9
120998,10
120999,12
121000,7
121001,9
121002,9
121003,10
121004,9
121005,10
121006,11
121007,11
121008,8
121009,11
121010,9
121011,9
121012,10
121013,8
121014,9
121015,9
121016,11
121017,8
121018,9
121019,5
121020,9
121021,8
121022,13
121023,8
121024,9
121025,16
121026,14
121027,12
121028,8
121029,9
121030,10
121031,8
121032,7
121033,9
121034,12
121035,12
121036,12
121037,13
121038,7
121039,6
121040,8
121041,10
121042,10
121043,11
121044,11
121045,7
121046,11
121047,10
121048,7
121049,9
121050,5
121051,14
121052,13
121053,11
121054,12
121055,8
121056,9
121057,9
121058,8
121059,11
121060,6
121061,10
121062,9
121063,10
121064,9
121065,10
121066,14
121067,9
121068,6
121069,10
121070,8
121071,10
121072,9
121073,12
121074,10
121075,10
121076,8
121077,6
121078,12
121079,15
121080,15
121081,11
121082,11
121083,9
121084,9
121085,7
121086,10
121087,11
121088,13
121089,5
121090,10
121091,11
121092,14
121093,8
121094,7
121095,7
121096,10
121097,7
121098,11
121099,8
121100,10
121101,9
121102,12
121103,8
121104,15
121105,12
121106,12
121107,8
121108,9
121109,11
121110,10
121111,12
121112,8
121113,8
121114,13
121115,5
121116,8
121117,9
121118,14
121119,8
121120,13
121121,10
121122,13
121123,9
121124,12
121125,10
121126,7
121127,7
121128,10
121129,8
121130,11
121131,10
121132,10
121133,6
121134,10
121135,9
121136,11
121137,11
121138,11
121139,4
121140,8
121141,9
121142,10
121143,10
121144,6
121145,11
121146,10
121147,13
121148,9
121149,11
121150,11
121151,11
121152,6
121153,15
121154,16
121155,14
121156,10
121157,13
121158,8
121159,7
121160,8
121161,11
121162,9
121163,4
121164,7
121165,13
121166,11
121167,7
121168,6
121169,8
121170,13
121171,11
121172,8
121173,9
121174,11
121175,10
121176,10
121177,9
121178,11
121179,8
121180,10
121181,8
121182,11
121183,9
121184,10
121185,11
121186,9
121187,10
121188,15
121189,11
121190,8
121191,11
121192,10
121193,13
121194,6
121195,12
121196,7
121197,12
121198,9
121199,7
121200,9
121201,10
121202,10
121203,12
121204,10
121205,11
121206,10
121207,10
121208,6
121209,10
121210,11
121211,9
121212,10
121213,9
121214,10
121215,8
121216,9
121217,7
121218,9
121219,9
121220,7
121221,5
121222,6
121223,7
121224,7
121225,7
121226,9
121227,9
121228,12
121229,11
121230,8
121231,9
121232,11
121233,9
121234,14
121235,9
121236,9
121237,6
121238,10
121239,10
121240,11
121241,13
121242,11
121243,10
121244,5
121245,11
121246,12
121247,13
121248,11
121249,14
121250,7
121251,11
121252,11
121253,11
121254,9
121255,11
121256,6
121257,4
121258,13
121259,12
121260,12
121261,10
121262,10
121263,10
121264,9
121265,7
121266,8
121267,8
121268,8
121269,8
121270,12
121271,10
121272,9
121273,10
121274,10
121275,11
121276,8
121277,11
121278,8
121279,9
121280,9
121281,9
121282,11
121283,11
121284,8
121285,9
121286,10
121287,4
121288,8
121289,10
121290,12
121291,11
121292,10
121293,4
121294,8
121295,12
121296,11
121297,11
121298,4
121299,7
121300,9
121301,12
121302,11
121303,10
121304,10
121305,10
121306,10
121307,11
121308,10
121309,11
121310,10
121311,9
121312,12
121313,11
121314,9
121315,12
121316,6
121317,10
121318,10
121319,13
121320,10
121321,10
121322,11
121323,10
121324,4
121325,17
121326,6
121327,12
121328,4
121329,6
121330,10
121331,6
121332,7
121333,10
121334,10
121335,6
121336,11
121337,12
121338,11
121339,11
121340,10
121341,4
121342,11
121343,10
121344,6
121345,10
121346,10
121347,10
121348,10
121349,10
121350,10
121351,12
121352,11
121353,11
121354,10
121355,6
121356,11
121357,12
121358,6
121359,6
121360,11
121361,13
121362,9
121363,8
121364,9
121365,11
121366,14
121367,11
121368,9
121369,4
121370,7
121371,11
121372,11
121373,8
121374,12
121375,9
121376,10
121377,7
121378,11
121379,11
121380,7
121381,11
121382,12
121383,9
121384,6
121385,13
121386,12
121387,12
121388,16
121389,7
121390,8
121391,9
121392,10
121393,14
121394,7
121395,8
121396,11
121397,12
121398,12
121399,13
121400,12
121401,8
121402,7
121403,10
121404,11
121405,10
121406,9
121407,9
121408,8
121409,9
121410,10
121411,7
121412,9
121413,5
121414,8
121415,7
121416,9
121417,12
121418,11
121419,14
121420,13
121421,11
121422,10
121423,10
121424,14
121425,11
121426,11
121427,7
121428,11
121429,12
121430,10
121431,7
121432,7
121433,8
121434,14
121435,10
121436,11
121437,11
121438,15
121439,11
121440,9
121441,9
121442,5
121443,10
121444,9
121445,10
121446,11
121447,8
121448,7
121449,8
121450,9
121451,8
121452,9
121453,9
121454,9
121455,8
121456,8
121457,13
121458,10
121459,7
121460,9
121461,8
121462,9
121463,11
121464,12
121465,9
121466,10
121467,10
121468,10
121469,11
121470,12
121471,11
121472,10
121473,9
121474,6
121475,8
121476,11
121477,10
121478,9
121479,6
121480,10
121481,6
121482,10
121483,10
121484,9
121485,11
121486,5
121487,11
121488,9
121489,10
121490,10
121491,9
121492,7
121493,6
121494,10
121495,9
121496,9
121497,10
121498,10
121499,12
121500,14
121501,12
121502,9
121503,10
121504,12
121505,10
121506,10
121507,7
121508,10
121509,7
121510,14
121511,11
121512,9
121513,6
121514,7
121515,9
121516,11
121517,10
121518,14
121519,10
121520,11
121521,9
121522,10
121523,12
121524,8
121525,5
121526,5
121527,7
121528,9
121529,10
121530,10
121531,10
121532,7
121533,10
121534,12
121535,9
121536,11
121537,11
121538,10
121539,14
121540,5
121541,6
121542,11
121543,9
121544,8
121545,12
121546,8
121547,7
121548,6
121549,9
121550,14
121551,11
121552,11
121553,8
121554,6
121555,9
121556,10
121557,6
121558,10
121559,13
121560,13
121561,12
121562,13
121563,6
121564,12
121565,10
121566,9
121567,9
121568,9
121569,8
121570,10
121571,11
121572,14
121573,8
121574,7
121575,9
121576,6
121577,12
121578,10
121579,10
121580,9
121581,17
121582,7
121583,8
121584,11
121585,11
121586,9
121587,11
121588,11
121589,5
121590,4
121591,9
121592,6
121593,8
121594,11
121595,7
121596,11
121597,9
121598,12
121599,11
121600,10
121601,9
121602,8
121603,7
121604,5
121605,12
121606,11
121607,5
121608,8
121609,8
121610,6
121611,10
121612,6
121613,7
121614,8
121615,11
121616,14
121617,9
121618,10
121619,7
121620,12
121621,11
121622,11
121623,7
121624,13
121625,10
121626,16
121627,6
121628,5
121629,10
121630,11
121631,13
121632,14
121633,11
121634,12
121635,11
121636,11
121637,10
121638,9
121639,13
121640,11
121641,10
121642,6
121643,10
121644,7
121645,9
121646,9
121647,10
121648,7
121649,7
121650,5
121651,11
121652,12
121653,15
121654,9
121655,6
121656,7
121657,11
121658,10
121659,10
121660,10
121661,10
121662,7
121663,9
121664,10
121665,10
121666,10
121667,8
121668,7
121669,16
121670,11
121671,11
121672,12
121673,8
121674,13
121675,10
121676,9
121677,10
121678,7
121679,9
121680,7
121681,10
121682,7
121683,11
121684,10
121685,8
121686,10
121687,9
121688,16
121689,13
121690,7
121691,7
121692,12
121693,9
121694,10
121695,11
121696,6
121697,9
121698,11
121699,6
121700,9
121701,16
121702,10
121703,11
121704,13
121705,12
121706,11
121707,9
121708,12
121709,8
121710,11
121711,11
121712,7
121713,9
121714,4
121715,12
121716,11
121717,11
121718,12
121719,12
121720,12
121721,10
121722,13
121723,12
121724,16
121725,7
121726,8
121727,12
121728,11
121729,12
121730,10
121731,12
121732,7
121733,6
121734,14
121735,11
121736,10
121737,9
121738,6
121739,11
121740,12
121741,15
121742,8
121743,8
121744,10
121745,10
121746,11
121747,9
121748,8
121749,9
121750,8
121751,10
121752,10
121753,10
121754,5
121755,8
121756,8
121757,13
121758,9
121759,15
121760,9
121761,8
121762,15
121763,10
121764,9
121765,4
121766,10
121767,9
121768,6
121769,8
121770,11
121771,11
121772,9
121773,12
121774,10
121775,9
121776,9
121777,6
121778,12
121779,7
121780,9
121781,8
121782,10
121783,10
121784,10
121785,8
121786,6
121787,11
121788,6
121789,11
121790,11
121791,12
121792,10
121793,9
121794,6
121795,10
121796,11
121797,7
121798,12
121799,13
121800,7
121801,10
121802,9
121803,10
121804,7
121805,9
121806,8
121807,7
121808,11
121809,9
121810,8
121811,9
121812,10
121813,10
121814,4
121815,7
121816,10
121817,12
121818,10
121819,11
121820,9
121821,10
121822,9
121823,8
121824,11
121825,10
121826,6
121827,5
121828,8
121829,7
121830,8
121831,11
121832,11
121833,8
121834,11
121835,5
121836,11
121837,10
121838,4
121839,8
121840,11
121841,9
121842,11
121843,10
121844,10
121845,8
121846,10
121847,10
121848,12
121849,10
121850,12
121851,12
121852,11
121853,11
121854,9
121855,9
121856,13
121857,10
121858,5
121859,10
121860,7
121861,10
121862,10
121863,10
121864,7
121865,11
121866,13
121867,11
121868,8
121869,13
121870,10
121871,12
121872,13
121873,13
121874,9
121875,11
121876,11
121877,11
121878,13
121879,10
121880,9
121881,6
121882,12
121883,10
121884,11
121885,9
121886,13
121887,9
121888,4
121889,14
121890,7
121891,9
121892,9
121893,10
121894,11
121895,8
121896,8
121897,9
121898,11
121899,11
121900,7
121901,13
121902,10
121903,11
121904,10
121905,9
121906,8
121907,12
121908,8
121909,10
121910,8
121911,10
121912,9
121913,9
121914,13
121915,9
121916,4
121917,7
121918,10
121919,11
121920,10
121921,10
121922,11
121923,10
121924,12
121925,12
121926,5
121927,9
121928,12
121929,13
121930,9
121931,9
121932,9
121933,13
121934,11
121935,6
121936,9
121937,7
121938,15
121939,8
121940,11
121941,13
121942,6
121943,11
121944,8
121945,10
121946,11
121947,10
121948,12
121949,11
121950,11
121951,11
121952,5
121953,10
121954,11
121955,5
121956,10
121957,13
121958,6
121959,11
121960,15
121961,12
121962,13
121963,12
121964,6
121965,9
121966,9
121967,8
121968,10
121969,6
121970,6
121971,10
121972,7
121973,12
121974,11
121975,8
121976,11
121977,10
121978,13
121979,13
121980,10
121981,10
121982,8
121983,11
121984,11
121985,8
121986,7
121987,5
121988,11
121989,5
121990,13
121991,10
121992,10
121993,9
121994,17
121995,14
121996,7
121997,12
121998,12
121999,9
122000,9
122001,6
122002,9
122003,9
122004,11
122005,7
122006,10
122007,10
122008,9
122009,9
122010,7
122011,8
122012,9
122013,15
122014,11
122015,9
122016,11
122017,11
122018,11
122019,11
122020,12
122021,6
122022,9
122023,7
122024,10
122025,7
122026,9
122027,10
122028,11
122029,10
122030,7
122031,12
122032,8
122033,8
122034,14
122035,11
122036,14
122037,11
122038,10
122039,10
122040,7
122041,11
122042,8
122043,11
122044,10
122045,10
122046,10
122047,8
122048,8
122049,11
122050,10
122051,11
122052,8
122053,9
122054,10
122055,11
122056,11
122057,11
122058,11
122059,10
122060,10
122061,7
122062,13
122063,6
122064,8
122065,13
122066,10
122067,9
122068,6
122069,16
122070,12
122071,9
122072,11
122073,11
122074,5
122075,12
122076,10
122077,10
122078,9
122079,5
122080,12
122081,9
122082,10
122083,8
122084,7
122085,12
122086,11
122087,5
122088,13
122089,9
122090,8
122091,13
122092,9
122093,12
122094,11
122095,8
122096,9
122097,10
122098,5
122099,10
122100,9
122101,11
122102,7
122103,13
122104,6
122105,12
122106,7
122107,9
122108,10
122109,10
122110,7
122111,12
122112,11
122113,10
122114,10
122115,14
122116,8
122117,9
122118,8
122119,6
122120,7
122121,14
122122,6
122123,9
122124,12
122125,12
122126,12
122127,12
122128,10
122129,10
122130,6
122131,7
122132,8
122133,10
122134,9
122135,9
122136,8
122137,11
122138,4
122139,12
122140,11
122141,15
122142,10
122143,7
122144,8
122145,10
122146,11
122147,10
122148,11
122149,7
122150,10
122151,8
122152,6
122153,10
122154,12
122155,10
122156,12
122157,9
122158,8
122159,4
122160,10
122161,11
122162,7
122163,11
122164,9
122165,15
122166,13
122167,9
122168,11
122169,13
122170,11
122171,11
122172,10
122173,5
122174,10
122175,10
122176,11
122177,8
122178,9
122179,11
122180,11
122181,10
122182,10
122183,5
122184,10
122185,9
122186,11
122187,9
122188,9
122189,5
122190,12
122191,6
122192,9
122193,13
122194,7
122195,9
122196,12
122197,5
122198,10
122199,8
122200,8
122201,8
122202,12
122203,12
122204,10
122205,12
122206,10
122207,10
122208,9
122209,10
122210,10
122211,11
122212,8
122213,4
122214,10
122215,11
122216,9
122217,8
122218,10
122219,11
122220,8
122221,8
122222,10
122223,8
122224,9
122225,10
122226,4
122227,5
122228,5
122229,6
122230,11
122231,9
122232,9
122233,12
122234,10
122235,9
122236,12
122237,7
122238,14
122239,9
122240,10
122241,10
122242,10
122243,9
122244,15
122245,13
122246,7
122247,11
122248,9
122249,11
122250,8
122251,11
122252,12
122253,11
122254,8
122255,11
122256,12
122257,11
122258,9
122259,9
122260,7
122261,7
122262,6
122263,10
122264,10
122265,9
122266,7
122267,9
122268,8
122269,11
122270,9
122271,12
122272,12
122273,10
122274,12
122275,6
122276,11
122277,11
122278,13
122279,10
122280,11
122281,16
122282,11
122283,10
122284,9
122285,8
122286,4
122287,9
122288,10
122289,13
122290,9
122291,11
122292,8
122293,10
122294,10
122295,11
122296,14
122297,9
122298,6
122299,11
122300,8
122301,14
122302,7
122303,13
122304,11
122305,10
122306,10
122307,10
122308,12
122309,12
122310,10
122311,9
122312,6
122313,10
122314,11
122315,9
122316,8
122317,10
122318,13
122319,10
122320,11
122321,7
122322,10
122323,11
122324,11
122325,12
122326,14
122327,13
122328,9
122329,12
122330,12
122331,9
122332,15
122333,9
122334,10
122335,6
122336,12
122337,6
122338,10
122339,9
122340,10
122341,11
122342,10
122343,8
122344,11
122345,12
122346,10
122347,8
122348,12
122349,11
122350,8
122351,7
122352,8
122353,10
122354,12
122355,12
122356,10
122357,12
122358,8
122359,10
122360,12
122361,8
122362,11
122363,6
122364,11
122365,9
122366,12
122367,11
122368,8
122369,6
122370,9
122371,6
122372,7
122373,11
122374,5
122375,11
122376,10
122377,11
122378,11
122379,8
122380,14
122381,12
122382,4
122383,5
122384,14
122385,6
122386,10
122387,11
122388,13
122389,8
122390,11
122391,9
122392,9
122393,10
122394,5
122395,10
122396,11
122397,10
122398,7
122399,5
122400,13
122401,10
122402,9
122403,8
122404,4
122405,12
122406,12
122407,11
122408,12
122409,11
122410,9
122411,11
122412,9
122413,8
122414,10
122415,10
122416,9
122417,8
122418,12
122419,8
122420,10
122421,7
122422,9
122423,6
122424,4
122425,8
122426,10
122427,9
122428,10
122429,10
122430,5
122431,9
122432,13
122433,10
122434,12
122435,10
122436,15
122437,12
122438,10
122439,10
122440,13
122441,6
122442,11
122443,11
122444,11
122445,7
122446,5
122447,8
122448,8
122449,10
122450,10
122451,10
122452,11
122453,7
122454,11
122455,6
122456,11
122457,6
122458,6
122459,10
122460,12
122461,11
122462,8
122463,10
122464,12
122465,7
122466,10
122467,9
122468,6
122469,8
122470,10
122471,9
122472,11
122473,11
122474,8
122475,10
122476,8
122477,10
122478,10
122479,9
122480,9
122481,13
122482,11
122483,10
122484,7
122485,8
122486,11
122487,6
122488,12
122489,12
122490,8
122491,11
122492,7
122493,5
122494,10
122495,12
122496,9
122497,10
122498,17
122499,9
122500,10
122501,7
122502,7
122503,10
122504,5
122505,11
122506,9
122507,9
122508,14
122509,15
122510,8
122511,9
122512,6
122513,11
122514,13
122515,11
122516,10
122517,11
122518,7
122519,9
122520,9
122521,5
122522,9
122523,14
122524,10
122525,11
122526,15
122527,10
122528,7
122529,6
122530,10
122531,11
122532,13
122533,11
122534,9
122535,8
122536,10
122537,11
122538,12
122539,10
122540,10
122541,5
122542,11
122543,11
122544,10
122545,4
122546,6
122547,12
122548,12
122549,11
122550,4
122551,10
122552,8
122553,13
122554,12
122555,5
122556,7
122557,11
122558,10
122559,10
122560,11
122561,11
122562,8
122563,9
122564,8
122565,7
122566,12
122567,8
122568,13
122569,13
122570,12
122571,6
122572,8
122573,5
122574,11
122575,12
122576,12
122577,10
122578,8
122579,10
122580,10
122581,9
122582,14
122583,14
122584,11
122585,11
122586,9
122587,10
122588,8
122589,13
122590,14
122591,13
122592,10
122593,10
122594,12
122595,12
122596,11
122597,10
122598,11
122599,8
122600,10
122601,10
122602,6
122603,7
122604,9
122605,7
122606,6
122607,9
122608,12
122609,10
122610,11
122611,12
122612,8
122613,12
122614,12
122615,11
122616,11
122617,17
122618,11
122619,9
122620,7
122621,9
122622,7
122623,11
122624,8
122625,8
122626,9
122627,10
122628,10
122629,10
122630,11
122631,9
122632,4
122633,10
122634,9
122635,8
122636,10
122637,6
122638,9
122639,6
122640,10
122641,5
122642,12
122643,10
122644,9
122645,9
122646,11
122647,9
122648,9
122649,12
122650,15
122651,7
122652,11
122653,7
122654,8
122655,9
122656,9
122657,7
122658,6
122659,9
122660,12
122661,10
122662,9
122663,7
122664,7
122665,10
122666,9
122667,12
122668,9
122669,13
122670,10
122671,7
122672,11
122673,10
122674,7
122675,8
122676,7
122677,9
122678,7
122679,11
122680,10
122681,11
122682,13
122683,12
122684,10
122685,12
122686,12
122687,11
122688,12
122689,9
122690,10
122691,10
122692,7
122693,10
122694,11
122695,9
122696,11
122697,10
122698,10
122699,12
122700,9
122701,13
122702,15
122703,10
122704,10
122705,10
122706,7
122707,10
122708,10
122709,7
122710,14
122711,7
122712,11
122713,14
122714,11
122715,6
122716,11
122717,9
122718,12
122719,10
122720,9
122721,10
122722,12
122723,10
122724,6
122725,4
122726,8
122727,7
122728,9
122729,7
122730,11
122731,5
122732,8
122733,11
122734,10
122735,12
122736,13
122737,9
122738,10
122739,12
122740,15
122741,8
122742,9
122743,11
122744,10
122745,11
122746,9
122747,8
122748,10
122749,13
122750,10
122751,14
122752,6
122753,12
122754,9
122755,8
122756,7
122757,9
122758,13
122759,11
122760,8
122761,11
122762,9
122763,10
122764,12
122765,7
122766,9
122767,16
122768,9
122769,11
122770,7
122771,9
122772,7
122773,8
122774,9
122775,10
122776,7
122777,13
122778,17
122779,4
122780,7
122781,8
122782,11
122783,10
122784,14
122785,13
122786,9
122787,11
122788,6
122789,12
122790,5
122791,9
122792,12
122793,11
122794,8
122795,10
122796,11
122797,8
122798,12
122799,13
122800,10
122801,8
122802,10
122803,9
122804,12
122805,8
122806,10
122807,11
122808,10
122809,6
122810,14
122811,9
122812,11
122813,7
122814,10
122815,4
122816,10
122817,10
122818,12
122819,6
122820,10
122821,9
122822,4
122823,4
122824,6
122825,8
122826,13
122827,8
122828,5
122829,10
122830,11
122831,12
122832,9
122833,8
122834,10
122835,10
122836,7
122837,9
122838,12
122839,9
122840,9
122841,11
122842,12
122843,11
122844,9
122845,9
122846,11
122847,7
122848,8
122849,13
122850,8
122851,8
122852,13
122853,10
122854,9
122855,7
122856,8
122857,11
122858,10
122859,9
122860,8
122861,12
122862,11
122863,10
122864,10
122865,10
122866,11
122867,11
122868,10
122869,12
122870,12
122871,7
122872,7
122873,14
122874,11
122875,8
122876,7
122877,11
122878,9
122879,7
122880,11
122881,7
122882,11
122883,11
122884,12
122885,10
122886,9
122887,7
122888,12
122889,10
122890,11
122891,11
122892,10
122893,10
122894,9
122895,11
122896,12
122897,13
122898,10
122899,9
122900,9
122901,13
122902,7
122903,11
122904,9
122905,11
122906,7
122907,15
122908,4
122909,8
122910,9
122911,8
122912,9
122913,10
122914,9
122915,10
122916,11
122917,13
122918,9
122919,12
122920,11
122921,10
122922,17
122923,16
122924,8
122925,8
122926,10
122927,5
122928,11
122929,11
122930,14
122931,9
122932,9
122933,10
122934,14
122935,12
122936,10
122937,9
122938,10
122939,8
122940,11
122941,10
122942,6
122943,11
122944,4
122945,10
122946,11
122947,11
122948,6
122949,10
122950,11
122951,10
122952,6
122953,11
122954,11
122955,11
122956,11
122957,10
122958,10
122959,11
122960,9
122961,6
122962,10
122963,7
122964,11
122965,9
122966,15
122967,10
122968,10
122969,8
122970,11
122971,7
122972,8
122973,9
122974,12
122975,11
122976,10
122977,11
122978,12
122979,11
122980,8
122981,10
122982,13
122983,9
122984,12
122985,9
122986,10
122987,10
122988,9
122989,10
122990,13
122991,11
122992,8
122993,10
122994,10
122995,12
122996,11
122997,9
122998,11
122999,9
123000,9
123001,11
123002,7
123003,10
123004,12
123005,10
123006,10
123007,13
123008,9
123009,10
123010,9
123011,11
123012,9
123013,9
123014,12
123015,8
123016,12
123017,13
123018,5
123019,13
123020,8
123021,10
123022,9
123023,8
123024,10
123025,14
123026,9
123027,10
123028,10
123029,11
123030,10
123031,9
123032,13
123033,9
123034,9
123035,8
123036,12
123037,10
123038,6
123039,8
123040,11
123041,11
123042,7
123043,8
123044,11
123045,10
123046,11
123047,10
123048,12
123049,9
123050,8
123051,11
123052,7
123053,7
123054,16
123055,8
123056,8
123057,10
123058,11
123059,11
123060,11
123061,10
123062,11
123063,12
123064,9
123065,12
123066,11
123067,10
123068,7
123069,10
123070,10
123071,8
123072,10
123073,10
123074,10
123075,13
123076,9
123077,10
123078,10
123079,10
123080,10
123081,11
123082,10
123083,13
123084,12
123085,14
123086,7
123087,8
123088,13
123089,8
123090,14
123091,10
123092,7
123093,10
123094,5
123095,10
123096,10
123097,9
123098,5
123099,9
123100,11
123101,12
123102,9
123103,14
123104,11
123105,11
123106,9
123107,8
123108,10
123109,9
123110,9
123111,13
123112,6
123113,8
123114,10
123115,11
123116,7
123117,10
123118,11
123119,7
123120,12
123121,8
123122,12
123123,8
123124,12
123125,6
123126,11
123127,8
123128,10
123129,8
123130,7
123131,8
123132,10
123133,11
123134,11
123135,12
123136,11
123137,12
123138,11
123139,15
123140,13
123141,12
123142,11
123143,9
123144,10
123145,13
123146,11
123147,14
123148,6
123149,9
123150,11
123151,11
123152,14
123153,10
123154,10
123155,11
123156,12
123157,9
123158,11
123159,10
123160,12
123161,11
123162,16
123163,9
123164,10
123165,8
123166,9
123167,8
123168,6
123169,13
123170,12
123171,8
123172,4
123173,10
123174,11
123175,9
123176,9
123177,8
123178,9
123179,10
123180,8
123181,8
123182,10
123183,15
123184,10
123185,8
123186,8
123187,11
123188,9
123189,7
123190,13
123191,10
123192,12
123193,12
123194,10
123195,10
123196,12
123197,10
123198,10
123199,8
123200,10
123201,12
123202,7
123203,7
123204,9
123205,13
123206,10
123207,10
123208,10
123209,7
123210,10
123211,10
123212,7
123213,7
123214,10
123215,13
123216,9
123217,11
123218,10
123219,11
123220,13
123221,11
123222,10
123223,8
123224,7
123225,8
123226,8
123227,6
123228,9
123229,7
123230,11
123231,10
123232,7
123233,10
123234,11
123235,11
123236,10
123237,11
123238,11
123239,11
123240,11
123241,7
123242,11
123243,7
123244,8
123245,8
123246,9
123247,7
123248,13
123249,9
123250,12
123251,13
123252,10
123253,9
123254,9
123255,6
123256,7
123257,8
123258,10
123259,7
123260,11
123261,9
123262,9
123263,4
123264,7
123265,8
123266,7
123267,5
123268,10
123269,8
123270,7
123271,10
123272,13
123273,7
123274,7
123275,12
123276,13
123277,11
123278,10
123279,9
123280,12
123281,7
123282,7
123283,7
123284,7
123285,7
123286,14
123287,5
123288,11
123289,8
123290,11
123291,7
123292,9
123293,10
123294,11
123295,9
123296,15
123297,9
123298,8
123299,14
123300,10
123301,9
123302,6
123303,13
123304,14
123305,9
123306,7
123307,12
123308,17
123309,11
123310,12
123311,9
123312,12
123313,6
123314,10
123315,10
123316,9
123317,13
123318,10
123319,4
123320,11
123321,6
123322,11
123323,6
123324,10
123325,15
123326,13
123327,10
123328,10
123329,10
123330,9
123331,12
123332,12
123333,12
123334,9
123335,7
123336,7
123337,7
123338,10
123339,10
123340,11
123341,6
123342,5
123343,13
123344,10
123345,7
123346,10
123347,12
123348,8
123349,10
123350,12
123351,4
123352,11
123353,10
123354,10
123355,10
123356,11
123357,10
123358,10
123359,11
123360,10
123361,7
123362,9
123363,8
123364,11
123365,6
123366,13
123367,9
123368,8
123369,5
123370,11
123371,7
123372,8
123373,7
123374,13
123375,14
123376,8
123377,14
123378,13
123379,7
123380,8
123381,10
123382,10
123383,10
123384,9
123385,9
123386,7
123387,9
123388,5
123389,11
123390,13
123391,13
123392,8
123393,11
123394,6
123395,9
123396,10
123397,11
123398,13
123399,11
123400,10
123401,8
123402,11
123403,7
123404,12
123405,9
123406,10
123407,6
123408,10
123409,12
123410,10
123411,9
123412,5
123413,10
123414,9
123415,8
123416,12
123417,10
123418,12
